{
"type": "FeatureCollection",
"name": "lowland-forest",
"crs": { "type": "name", "properties": { "name": "urn:ogc:def:crs:OGC:1.3:CRS84" } },
"features": [
{ "type": "Feature", "properties": { "@id": "relation/2239772", "landuse": "forest", "type": "multipolygon", "label": "MultiPolygon 1", "habitat": "lowland-forest" }, "geometry": { "type": "Polygon", "coordinates": [ [ [ 103.7734494, 1.4046411 ], [ 103.7736245, 1.4046061 ], [ 103.7737623, 1.4047835 ], [ 103.7739361, 1.4049638 ], [ 103.7743643, 1.4051266 ], [ 103.7745152, 1.4047354 ], [ 103.7739079, 1.4039983 ], [ 103.7737237, 1.4036666 ], [ 103.7736221, 1.4034836 ], [ 103.7735801, 1.4029773 ], [ 103.7736784, 1.4023565 ], [ 103.7739675, 1.4022544 ], [ 103.7740871, 1.402057 ], [ 103.7741721, 1.4018135 ], [ 103.7740562, 1.4016902 ], [ 103.7737856, 1.4016225 ], [ 103.7738438, 1.4011858 ], [ 103.773918, 1.4005909 ], [ 103.7739692, 1.4002017 ], [ 103.7740231, 1.3996151 ], [ 103.7740674, 1.3990666 ], [ 103.7741125, 1.3985568 ], [ 103.7741248, 1.3981406 ], [ 103.7741266, 1.3973862 ], [ 103.7741278, 1.3967038 ], [ 103.7741601, 1.3960458 ], [ 103.7742069, 1.3955444 ], [ 103.7742802, 1.3948017 ], [ 103.7743254, 1.3944654 ], [ 103.7743619, 1.3942984 ], [ 103.7744103, 1.3941623 ], [ 103.7744799, 1.3940234 ], [ 103.7745731, 1.3938846 ], [ 103.7746982, 1.3937353 ], [ 103.7747676, 1.3937461 ], [ 103.7748284, 1.3938061 ], [ 103.7748816, 1.3938408 ], [ 103.7749994, 1.3937954 ], [ 103.7749979, 1.3937599 ], [ 103.7749717, 1.3937561 ], [ 103.7748977, 1.3937445 ], [ 103.7748353, 1.3937107 ], [ 103.7747775, 1.3936544 ], [ 103.7748812, 1.3935601 ], [ 103.7751892, 1.393324 ], [ 103.7753961, 1.3931609 ], [ 103.7755895, 1.3930036 ], [ 103.7757308, 1.3928782 ], [ 103.7758099, 1.3928073 ], [ 103.7758971, 1.3927 ], [ 103.7759692, 1.3926126 ], [ 103.7760526, 1.3924714 ], [ 103.7761286, 1.3923234 ], [ 103.7761694, 1.3922137 ], [ 103.7762145, 1.3920704 ], [ 103.7762431, 1.3919328 ], [ 103.7762575, 1.3918009 ], [ 103.7762649, 1.3916423 ], [ 103.7762583, 1.3915239 ], [ 103.7762385, 1.3914051 ], [ 103.7762074, 1.3912604 ], [ 103.7761683, 1.3911464 ], [ 103.776135, 1.3910583 ], [ 103.7760539, 1.3909093 ], [ 103.7759615, 1.390766 ], [ 103.7758619, 1.3906441 ], [ 103.7757427, 1.3905304 ], [ 103.7756349, 1.3904411 ], [ 103.7755002, 1.3903561 ], [ 103.7753591, 1.3902871 ], [ 103.7752155, 1.3902322 ], [ 103.7750618, 1.3901854 ], [ 103.774897, 1.3901639 ], [ 103.7749216, 1.3899898 ], [ 103.7748754, 1.3899359 ], [ 103.7749549, 1.3897934 ], [ 103.7749641, 1.3896131 ], [ 103.7747982, 1.389354 ], [ 103.7747162, 1.3901638 ], [ 103.77467, 1.3901626 ], [ 103.7747591, 1.389303 ], [ 103.7749046, 1.3880379 ], [ 103.7750186, 1.3871831 ], [ 103.7751702, 1.3859533 ], [ 103.7752985, 1.3849367 ], [ 103.7753905, 1.3842624 ], [ 103.775536, 1.3831577 ], [ 103.7756736, 1.3821761 ], [ 103.775823444628557, 1.381345795674769 ], [ 103.778574, 1.380128 ], [ 103.780571, 1.378561 ], [ 103.782245, 1.377466 ], [ 103.78246, 1.374075 ], [ 103.782461712576591, 1.374058391455263 ], [ 103.7826113, 1.3741119 ], [ 103.7834407, 1.374121 ], [ 103.7837572, 1.3740701 ], [ 103.7838915, 1.374392 ], [ 103.7837592, 1.3744778 ], [ 103.7837765, 1.3745136 ], [ 103.7842166, 1.3743593 ], [ 103.7843103, 1.3745801 ], [ 103.7843731, 1.3748681 ], [ 103.7841759, 1.3749881 ], [ 103.7839606, 1.3751979 ], [ 103.7838349, 1.3755401 ], [ 103.7839232, 1.375603 ], [ 103.784319, 1.3757354 ], [ 103.7846102, 1.3755114 ], [ 103.785159, 1.375086 ], [ 103.785664, 1.3751612 ], [ 103.7858982, 1.3757354 ], [ 103.7859474, 1.3757352 ], [ 103.7861776, 1.3750781 ], [ 103.7862002, 1.3748114 ], [ 103.7864129, 1.3743322 ], [ 103.7862952, 1.3741245 ], [ 103.7862902, 1.3739618 ], [ 103.7864382, 1.3739766 ], [ 103.7865466, 1.3739446 ], [ 103.7865503, 1.3739113 ], [ 103.7865097, 1.3738398 ], [ 103.7862835, 1.37373 ], [ 103.7863034, 1.3736384 ], [ 103.7863494, 1.3733611 ], [ 103.7863853, 1.3731772 ], [ 103.78643, 1.3729312 ], [ 103.7870114, 1.3726962 ], [ 103.7873492, 1.3727263 ], [ 103.7876213, 1.3729382 ], [ 103.7879601, 1.3735094 ], [ 103.7881229, 1.3744192 ], [ 103.7880311, 1.3748265 ], [ 103.7879084, 1.3751958 ], [ 103.7879402, 1.3756515 ], [ 103.7880097, 1.3756196 ], [ 103.7879977, 1.3752614 ], [ 103.7881451, 1.3749691 ], [ 103.7882863, 1.3746584 ], [ 103.7885091, 1.3744883 ], [ 103.788602, 1.3740751 ], [ 103.7889941, 1.3725698 ], [ 103.7895477, 1.3721663 ], [ 103.7906588, 1.3719521 ], [ 103.7911354, 1.372067 ], [ 103.7913484, 1.3724155 ], [ 103.791329, 1.3728221 ], [ 103.7908095, 1.3733923 ], [ 103.7903876, 1.3740375 ], [ 103.7903434, 1.3747491 ], [ 103.7908849, 1.374301 ], [ 103.7912415, 1.3742905 ], [ 103.7917473, 1.3747882 ], [ 103.7923129, 1.3743314 ], [ 103.7928392, 1.3747776 ], [ 103.7932071, 1.3755617 ], [ 103.7931587, 1.3761135 ], [ 103.7926165, 1.3767525 ], [ 103.7920938, 1.3770235 ], [ 103.7910868, 1.3772811 ], [ 103.7911051, 1.377729 ], [ 103.7919426, 1.3773268 ], [ 103.7932299, 1.377122 ], [ 103.7936301, 1.3771067 ], [ 103.7939443, 1.3773052 ], [ 103.7940556, 1.3776276 ], [ 103.7940776, 1.3776915 ], [ 103.7941335, 1.3785671 ], [ 103.7940675, 1.3791044 ], [ 103.7940154, 1.379349 ], [ 103.7940382, 1.3794555 ], [ 103.7938856, 1.3796545 ], [ 103.7937749, 1.3798523 ], [ 103.7940075, 1.3797812 ], [ 103.7941642, 1.3800591 ], [ 103.7942403, 1.3801171 ], [ 103.7942632, 1.3800012 ], [ 103.7942432, 1.3798692 ], [ 103.7942919, 1.3796018 ], [ 103.7942977, 1.3790608 ], [ 103.7944178, 1.3787161 ], [ 103.7943591, 1.3786789 ], [ 103.7945046, 1.378337 ], [ 103.7945388, 1.3782722 ], [ 103.79461, 1.3781372 ], [ 103.7946699, 1.3779995 ], [ 103.7946495, 1.3778658 ], [ 103.7951239, 1.3774204 ], [ 103.7955305, 1.3773817 ], [ 103.7957338, 1.3774011 ], [ 103.7958306, 1.3771687 ], [ 103.7955789, 1.3771881 ], [ 103.7951335, 1.3769654 ], [ 103.7947657, 1.3767525 ], [ 103.7946011, 1.3760554 ], [ 103.7947657, 1.3755036 ], [ 103.7942526, 1.375039 ], [ 103.7939331, 1.3742839 ], [ 103.7935556, 1.3732964 ], [ 103.7936911, 1.3726091 ], [ 103.7939719, 1.37258 ], [ 103.7948141, 1.3736353 ], [ 103.7949206, 1.3741193 ], [ 103.7950561, 1.3743032 ], [ 103.7952148, 1.3742898 ], [ 103.7954641, 1.374034 ], [ 103.7955877, 1.3737497 ], [ 103.7955968, 1.3736935 ], [ 103.7954204, 1.3730683 ], [ 103.7954495, 1.3727076 ], [ 103.7955625, 1.3725253 ], [ 103.7959144, 1.3729286 ], [ 103.7963146, 1.3730254 ], [ 103.7968664, 1.3734029 ], [ 103.7971097, 1.3736826 ], [ 103.7972254, 1.3739172 ], [ 103.79715, 1.3742782 ], [ 103.7971384, 1.3746364 ], [ 103.7972925, 1.3746377 ], [ 103.797446, 1.3745268 ], [ 103.7979023, 1.3744194 ], [ 103.7984831, 1.3746905 ], [ 103.798638, 1.3749131 ], [ 103.7989575, 1.375039 ], [ 103.79935, 1.3755153 ], [ 103.7995502, 1.3756476 ], [ 103.7997435, 1.3755981 ], [ 103.7998842, 1.375556 ], [ 103.7998428, 1.3754268 ], [ 103.7993321, 1.3750998 ], [ 103.7983379, 1.3739547 ], [ 103.7977495, 1.3730869 ], [ 103.7973878, 1.3725195 ], [ 103.7972958, 1.3720951 ], [ 103.7972206, 1.3718578 ], [ 103.7972989, 1.3713739 ], [ 103.7975428, 1.3711375 ], [ 103.7978539, 1.3711024 ], [ 103.7983387, 1.3717752 ], [ 103.7983783, 1.3724084 ], [ 103.7986355, 1.3726063 ], [ 103.7992585, 1.3723964 ], [ 103.7994461, 1.3724185 ], [ 103.7997931, 1.3724282 ], [ 103.8002892, 1.372598 ], [ 103.8006096, 1.3729229 ], [ 103.8007465, 1.3729235 ], [ 103.8007652, 1.3728404 ], [ 103.8007774, 1.3725612 ], [ 103.8008573, 1.3724396 ], [ 103.8007924, 1.3722699 ], [ 103.8007221, 1.3721024 ], [ 103.8002425, 1.3719573 ], [ 103.7996645, 1.3716861 ], [ 103.7992984, 1.3710331 ], [ 103.7993363, 1.3706019 ], [ 103.7993202, 1.3703692 ], [ 103.7995458, 1.3699448 ], [ 103.7999811, 1.3697865 ], [ 103.8003769, 1.370113 ], [ 103.8012574, 1.3704395 ], [ 103.8013586, 1.3703323 ], [ 103.8014277, 1.3703523 ], [ 103.8015633, 1.3702103 ], [ 103.8016093, 1.3700502 ], [ 103.8018016, 1.3696578 ], [ 103.8023359, 1.3697766 ], [ 103.8025733, 1.3700239 ], [ 103.8028207, 1.3706077 ], [ 103.8027394, 1.3712305 ], [ 103.8027641, 1.3715022 ], [ 103.8028675, 1.3715627 ], [ 103.8030495, 1.3715916 ], [ 103.8030833, 1.371597 ], [ 103.8031035, 1.3716059 ], [ 103.8031523, 1.3716273 ], [ 103.8031818, 1.3716403 ], [ 103.8032659, 1.3716861 ], [ 103.8034619, 1.3715611 ], [ 103.8035653, 1.3712823 ], [ 103.8036375, 1.3710208 ], [ 103.8036462, 1.3707955 ], [ 103.8037098, 1.3707623 ], [ 103.8037589, 1.370776 ], [ 103.8037224, 1.3706025 ], [ 103.8038082, 1.3705272 ], [ 103.803909, 1.3704593 ], [ 103.8042059, 1.3703264 ], [ 103.8042019, 1.3706055 ], [ 103.8043642, 1.3706068 ], [ 103.8043615, 1.3707007 ], [ 103.8044031, 1.3707449 ], [ 103.8045037, 1.3707449 ], [ 103.8047159, 1.3710265 ], [ 103.8049503, 1.3709045 ], [ 103.8049369, 1.3706886 ], [ 103.8049838, 1.3706913 ], [ 103.8049784, 1.3706041 ], [ 103.8050643, 1.3706082 ], [ 103.8049785, 1.3702397 ], [ 103.8050998, 1.3702411 ], [ 103.8053832, 1.3702911 ], [ 103.806056, 1.3707858 ], [ 103.8064815, 1.371231 ], [ 103.8064489, 1.3717473 ], [ 103.8061427, 1.3720089 ], [ 103.8057631, 1.3719961 ], [ 103.8054984, 1.3718111 ], [ 103.805291, 1.3719483 ], [ 103.8053134, 1.3722226 ], [ 103.8053835, 1.3725192 ], [ 103.8055111, 1.3728988 ], [ 103.8058907, 1.373205 ], [ 103.8059481, 1.3733805 ], [ 103.805913, 1.3734698 ], [ 103.8059673, 1.3735559 ], [ 103.8059736, 1.3737154 ], [ 103.8059577, 1.3742225 ], [ 103.8060338, 1.3745068 ], [ 103.8061432, 1.3745597 ], [ 103.8064132, 1.3742241 ], [ 103.8065722, 1.3741042 ], [ 103.8068181, 1.3740271 ], [ 103.8069805, 1.3740683 ], [ 103.8071046, 1.3741969 ], [ 103.8071614, 1.3743673 ], [ 103.807458, 1.3750427 ], [ 103.8078746, 1.3757812 ], [ 103.8082154, 1.3761725 ], [ 103.8084364, 1.3762419 ], [ 103.8085878, 1.3761725 ], [ 103.8088782, 1.3758632 ], [ 103.8098127, 1.3762498 ], [ 103.8101086, 1.3761512 ], [ 103.8103453, 1.3758257 ], [ 103.8103946, 1.3753425 ], [ 103.8105479, 1.3751143 ], [ 103.8105721, 1.3749184 ], [ 103.8105524, 1.3743464 ], [ 103.8106039, 1.3742129 ], [ 103.8106905, 1.3740998 ], [ 103.8107754, 1.3740047 ], [ 103.8108805, 1.373918 ], [ 103.8110474, 1.3738143 ], [ 103.8112423, 1.3737375 ], [ 103.8113338, 1.373719 ], [ 103.8114593, 1.3737033 ], [ 103.8115238, 1.3736541 ], [ 103.8123709, 1.3707776 ], [ 103.812769055466063, 1.370625392818623 ], [ 103.813709671164645, 1.370863119313344 ], [ 103.814337614573773, 1.371075876617995 ], [ 103.814821987736408, 1.371091854396093 ], [ 103.815442655941112, 1.371447522960712 ], [ 103.815942003698993, 1.37157072448176 ], [ 103.816403191693709, 1.371446432681765 ], [ 103.816643815128131, 1.371250470469529 ], [ 103.816704018030549, 1.37096020647576 ], [ 103.816618013884252, 1.370717244762457 ], [ 103.816630914506192, 1.370519435225962 ], [ 103.816298126759946, 1.369622939764037 ], [ 103.815907420807562, 1.368707478118269 ], [ 103.81562133904329, 1.368388701295189 ], [ 103.815400647396544, 1.368441013389233 ], [ 103.814975611632434, 1.367671044755024 ], [ 103.81474020720924, 1.367216583438018 ], [ 103.814571827656536, 1.366845494520895 ], [ 103.814606482893325, 1.366783358746245 ], [ 103.814683250995287, 1.366736615501938 ], [ 103.815030746212699, 1.366918760340528 ], [ 103.815474336088187, 1.367233139403652 ], [ 103.816309628032599, 1.368024682805306 ], [ 103.816544649273951, 1.36828310443001 ], [ 103.817269043749505, 1.368470307496725 ], [ 103.817636453317363, 1.36860673859091 ], [ 103.817863059715762, 1.368943410954243 ], [ 103.818389927144835, 1.369722906816834 ], [ 103.81861097389978, 1.369721339109352 ], [ 103.819117343416423, 1.369233782082498 ], [ 103.819600197320838, 1.368730547980827 ], [ 103.819487322382116, 1.368470308538841 ], [ 103.81967064845476, 1.36839048230203 ], [ 103.819407639816049, 1.367931752810606 ], [ 103.819141587570954, 1.367785424075803 ], [ 103.81880569661152, 1.367782098422739 ], [ 103.818532993060302, 1.367532674442961 ], [ 103.818074052937504, 1.367419602238795 ], [ 103.817378991447171, 1.366880846442473 ], [ 103.817026472222409, 1.366405278054362 ], [ 103.816471088160768, 1.366142551462329 ], [ 103.815912378446072, 1.365567213482307 ], [ 103.815666280119359, 1.365424210400567 ], [ 103.815373622649744, 1.365663657421155 ], [ 103.815027754731119, 1.365543933910861 ], [ 103.814765028139092, 1.365331092114783 ], [ 103.814804935975857, 1.365011829420667 ], [ 103.814994498200491, 1.364762405440889 ], [ 103.815177409118988, 1.364729148910252 ], [ 103.815380273955881, 1.364945316359393 ], [ 103.815812608854159, 1.364848872420545 ], [ 103.815802631894982, 1.364599448440767 ], [ 103.815653653942164, 1.364398222526182 ], [ 103.815430485043521, 1.364238662154199 ], [ 103.815453438323289, 1.364137182664911 ], [ 103.815552311543726, 1.364061852012272 ], [ 103.815877900951421, 1.364239740264821 ], [ 103.816374644221938, 1.364250254869077 ], [ 103.816657489650424, 1.364370546875969 ], [ 103.81807337180517, 1.364235700956469 ], [ 103.818430316886221, 1.364031449048991 ], [ 103.818418418716846, 1.363795468689867 ], [ 103.817294041711605, 1.36329177951997 ], [ 103.816419526263076, 1.362986393172868 ], [ 103.815957480685967, 1.362843615140456 ], [ 103.815786940258363, 1.362990359229324 ], [ 103.815463706657212, 1.362887241761471 ], [ 103.815336792850616, 1.362750412813743 ], [ 103.815473621798347, 1.362613583866015 ], [ 103.815662009479993, 1.362478737946515 ], [ 103.81787705201063, 1.361969099691935 ], [ 103.818640517878379, 1.36213765709131 ], [ 103.81895383633838, 1.362667125628169 ], [ 103.819003412044083, 1.36304191796325 ], [ 103.819051004721558, 1.363218407475536 ], [ 103.819211630008013, 1.363422659383014 ], [ 103.819517016355107, 1.363670537911506 ], [ 103.819600303540682, 1.364261480323432 ], [ 103.819346475927489, 1.364386411101792 ], [ 103.819356391068638, 1.364719559844086 ], [ 103.819816453617534, 1.365141944856636 ], [ 103.820139687218671, 1.365960935514775 ], [ 103.8206218, 1.3665642 ], [ 103.8200117, 1.3662279 ], [ 103.819834, 1.3660694 ], [ 103.8195938, 1.3658004 ], [ 103.8195025, 1.3653777 ], [ 103.8193152, 1.3648925 ], [ 103.8191421, 1.3640273 ], [ 103.8188718, 1.3640171 ], [ 103.8185226, 1.3649165 ], [ 103.8178309, 1.3648157 ], [ 103.8172064, 1.3649694 ], [ 103.8166588, 1.3650414 ], [ 103.8166732, 1.3651759 ], [ 103.8169038, 1.3652192 ], [ 103.8171488, 1.3653152 ], [ 103.8175907, 1.3653344 ], [ 103.8179318, 1.3654545 ], [ 103.818047, 1.3656851 ], [ 103.817999, 1.3659637 ], [ 103.8180855, 1.3660886 ], [ 103.8182488, 1.3660886 ], [ 103.8184505, 1.3659493 ], [ 103.8186763, 1.3661559 ], [ 103.8188925, 1.3664633 ], [ 103.8188396, 1.3667851 ], [ 103.8186763, 1.3671358 ], [ 103.8187243, 1.3672559 ], [ 103.8188492, 1.3672607 ], [ 103.8191326, 1.367155 ], [ 103.8195804, 1.3673367 ], [ 103.8200524, 1.3675455 ], [ 103.8204763, 1.3678505 ], [ 103.8205791, 1.3679565 ], [ 103.8206465, 1.3681106 ], [ 103.820624, 1.368162 ], [ 103.8207653, 1.3685891 ], [ 103.8209484, 1.3689488 ], [ 103.8209998, 1.3693084 ], [ 103.8207814, 1.3696071 ], [ 103.8205951, 1.3697901 ], [ 103.8200974, 1.3701144 ], [ 103.8197634, 1.3702814 ], [ 103.819246400000011, 1.3704452 ], [ 103.8185046, 1.3707535 ], [ 103.8180197, 1.3707759 ], [ 103.817441700000018, 1.3705415 ], [ 103.8170628, 1.3701016 ], [ 103.816899, 1.3698832 ], [ 103.8167609, 1.3696006 ], [ 103.8168284, 1.369546 ], [ 103.816780200000011, 1.3692185 ], [ 103.8168605, 1.3691446 ], [ 103.816879900000018, 1.3688999 ], [ 103.8165896, 1.3687184 ], [ 103.8158717, 1.3680323 ], [ 103.8158122, 1.3681042 ], [ 103.8160652, 1.368511 ], [ 103.816277900000017, 1.3688832 ], [ 103.8163665, 1.3695094 ], [ 103.8165674, 1.3698166 ], [ 103.8168353, 1.3703779 ], [ 103.8169395, 1.3705963 ], [ 103.816975, 1.3708799 ], [ 103.8168982, 1.3713407 ], [ 103.8166205, 1.3715947 ], [ 103.816077, 1.3718783 ], [ 103.815504, 1.3720023 ], [ 103.81475970000001, 1.3719137 ], [ 103.814163, 1.3719846 ], [ 103.8138617, 1.3718901 ], [ 103.8136476, 1.3718342 ], [ 103.8134741, 1.371684 ], [ 103.8132822, 1.371579 ], [ 103.8132426, 1.3715935 ], [ 103.8131901, 1.3715935 ], [ 103.8130821, 1.3715393 ], [ 103.8130647, 1.3715677 ], [ 103.8132085, 1.3716515 ], [ 103.8131979, 1.3716809 ], [ 103.813308600000013, 1.371758 ], [ 103.8134228, 1.3717876 ], [ 103.8134138, 1.3719 ], [ 103.8133711, 1.3719374 ], [ 103.8133117, 1.371904 ], [ 103.8132942, 1.3719356 ], [ 103.8132882, 1.3720322 ], [ 103.8132732, 1.3721252 ], [ 103.8131573, 1.3725329 ], [ 103.8130303, 1.3729798 ], [ 103.8128629, 1.3731847 ], [ 103.8128606, 1.3733293 ], [ 103.812945, 1.3734512 ], [ 103.8130993, 1.3738698 ], [ 103.8130894, 1.3746533 ], [ 103.812772, 1.3753276 ], [ 103.8128117, 1.3755557 ], [ 103.8131786, 1.3751293 ], [ 103.813565400000016, 1.3749904 ], [ 103.8134365, 1.3744648 ], [ 103.8136447, 1.3737806 ], [ 103.8141009, 1.3735425 ], [ 103.814924, 1.3734335 ], [ 103.8155587, 1.3735128 ], [ 103.8159455, 1.373731 ], [ 103.8160248, 1.3741772 ], [ 103.8160149, 1.3745144 ], [ 103.8162827, 1.3742467 ], [ 103.8163521, 1.3737607 ], [ 103.8168083, 1.3735921 ], [ 103.817512400000012, 1.3736814 ], [ 103.8178099, 1.3742764 ], [ 103.8178893, 1.3752086 ], [ 103.8174727, 1.3758532 ], [ 103.816927300000017, 1.376478 ], [ 103.8165217, 1.3771045 ], [ 103.8160458, 1.3782066 ], [ 103.815861600000019, 1.378464 ], [ 103.8156334, 1.3788664 ], [ 103.8155501, 1.3791768 ], [ 103.8156451, 1.3790869 ], [ 103.8157467, 1.3790326 ], [ 103.81595320000001, 1.3787093 ], [ 103.8161672, 1.3784534 ], [ 103.8163353, 1.378164 ], [ 103.8164887, 1.3778282 ], [ 103.8166694, 1.3772119 ], [ 103.8173041, 1.3764284 ], [ 103.8179884, 1.3760912 ], [ 103.8184347, 1.3761904 ], [ 103.8190694, 1.3767656 ], [ 103.8192675, 1.3770615 ], [ 103.819378, 1.3773165 ], [ 103.8193995, 1.3773982 ], [ 103.8194649, 1.3773962 ], [ 103.8195734, 1.3769806 ], [ 103.8196148, 1.3765375 ], [ 103.8192281, 1.3763689 ], [ 103.8186697, 1.3758665 ], [ 103.8185973, 1.3756059 ], [ 103.8184622, 1.3752294 ], [ 103.8185153, 1.3750943 ], [ 103.8185104, 1.3747902 ], [ 103.818578, 1.3741387 ], [ 103.8186842, 1.373685 ], [ 103.8190558, 1.3732844 ], [ 103.8193309, 1.3729996 ], [ 103.8193985, 1.37285 ], [ 103.8195723, 1.3727342 ], [ 103.8198232, 1.3724494 ], [ 103.8203252, 1.3720971 ], [ 103.8209478, 1.3718171 ], [ 103.8209719, 1.3717544 ], [ 103.8211071, 1.3717254 ], [ 103.8211939, 1.3717689 ], [ 103.821473900000015, 1.3717061 ], [ 103.8216187, 1.3717737 ], [ 103.8218745, 1.371793 ], [ 103.8220724, 1.3718992 ], [ 103.8221206, 1.3721067 ], [ 103.8220386, 1.3722612 ], [ 103.822, 1.3726666 ], [ 103.8219276, 1.3729562 ], [ 103.8218359, 1.3731975 ], [ 103.8216141, 1.3734567 ], [ 103.8215923, 1.3735164 ], [ 103.8216202, 1.373573 ], [ 103.8217413, 1.373447 ], [ 103.8219179, 1.3732072 ], [ 103.8221206, 1.3728934 ], [ 103.822429500000013, 1.372739 ], [ 103.8227529, 1.3726956 ], [ 103.822863900000016, 1.3726232 ], [ 103.8231728, 1.3727197 ], [ 103.8233659, 1.3728983 ], [ 103.8235106, 1.3731396 ], [ 103.8235879, 1.3738346 ], [ 103.82353, 1.3740808 ], [ 103.823361, 1.3742593 ], [ 103.8232562, 1.374472 ], [ 103.823172, 1.3746381 ], [ 103.8231357, 1.3747128 ], [ 103.8230863, 1.3747989 ], [ 103.82325130000001, 1.3746356 ], [ 103.8233444, 1.3746015 ], [ 103.8234479, 1.374602 ], [ 103.8235637, 1.3744524 ], [ 103.8237906, 1.3744234 ], [ 103.8237809, 1.3745489 ], [ 103.8239161, 1.3745537 ], [ 103.8240995, 1.3746503 ], [ 103.8242201, 1.3745537 ], [ 103.8241477, 1.3741821 ], [ 103.8242094, 1.3739379 ], [ 103.824635, 1.3738314 ], [ 103.824640100000011, 1.3737389 ], [ 103.8244603, 1.3736618 ], [ 103.8242239, 1.3733689 ], [ 103.8240874, 1.3729761 ], [ 103.8240702, 1.3727559 ], [ 103.8239758, 1.3726308 ], [ 103.8239652, 1.3723714 ], [ 103.8240059, 1.3721365 ], [ 103.823983, 1.3718074 ], [ 103.8240184, 1.3716733 ], [ 103.8241108, 1.371606 ], [ 103.8242524, 1.3717903 ], [ 103.8243884, 1.3717971 ], [ 103.8245458, 1.3716684 ], [ 103.8247164, 1.3715725 ], [ 103.824939, 1.3711768 ], [ 103.8252701, 1.3709981 ], [ 103.826062808912141, 1.371090618276424 ], [ 103.826600728522138, 1.371236283106743 ], [ 103.827252525965704, 1.371114578189895 ], [ 103.827898914301855, 1.371101055421356 ], [ 103.827839414120291, 1.371798830277952 ], [ 103.827615, 1.3728415 ], [ 103.8263726, 1.3735355 ], [ 103.8265589, 1.375165 ], [ 103.8263718, 1.3761761 ], [ 103.8271979, 1.3770263 ], [ 103.8281768, 1.3774055 ], [ 103.827762619198097, 1.377829078571579 ], [ 103.827608346244361, 1.378497187146323 ], [ 103.827330016943662, 1.378938675002625 ], [ 103.826916836199246, 1.379245683761968 ], [ 103.826069176662443, 1.379635774712842 ], [ 103.825740080923637, 1.379715825027684 ], [ 103.825370960027414, 1.37962354480363 ], [ 103.8250329698092, 1.379496798471797 ], [ 103.824773918095886, 1.379257759337199 ], [ 103.824543773440723, 1.379014272962888 ], [ 103.824388120050742, 1.378748550390009 ], [ 103.82395835591052, 1.378629657245156 ], [ 103.823732152193031, 1.378644040256743 ], [ 103.823533138215836, 1.378750774009865 ], [ 103.823243191904979, 1.379033358321148 ], [ 103.823040868773546, 1.379292405648498 ], [ 103.822825135194435, 1.379554101807119 ], [ 103.822502216197009, 1.379668965611575 ], [ 103.821740220040098, 1.379517433461826 ], [ 103.821500950580813, 1.379588777672616 ], [ 103.821218145425377, 1.379781148502108 ], [ 103.82085677814554, 1.380214577215008 ], [ 103.820574523882286, 1.380452824093136 ], [ 103.820201219856685, 1.380518076422815 ], [ 103.819905308129066, 1.380543873855478 ], [ 103.819601808921263, 1.38051048894262 ], [ 103.818984209730871, 1.380364242269232 ], [ 103.817795453375098, 1.380121454296751 ], [ 103.8177221, 1.3801623 ], [ 103.8176765, 1.380341 ], [ 103.8176861, 1.3804475 ], [ 103.8177397, 1.3806835 ], [ 103.8179543, 1.381075 ], [ 103.8188448, 1.3826946 ], [ 103.819172, 1.3832845 ], [ 103.8192203, 1.3834775 ], [ 103.8192847, 1.3837832 ], [ 103.8193544, 1.3845662 ], [ 103.8193651, 1.3849952 ], [ 103.8193598, 1.3852956 ], [ 103.8192686, 1.3856173 ], [ 103.8191076, 1.3859766 ], [ 103.8188984, 1.386411 ], [ 103.8187429, 1.3866363 ], [ 103.8184907, 1.3866792 ], [ 103.8183083, 1.3866792 ], [ 103.8180669, 1.386647 ], [ 103.8177558, 1.386529 ], [ 103.8174608, 1.3863949 ], [ 103.8173052, 1.3863628 ], [ 103.8171174, 1.3863896 ], [ 103.8169243, 1.3864754 ], [ 103.816699, 1.3867006 ], [ 103.8167044, 1.3868025 ], [ 103.8166883, 1.3870438 ], [ 103.8167902, 1.3873549 ], [ 103.8169136, 1.3877625 ], [ 103.8170048, 1.3878375 ], [ 103.8172247, 1.3879394 ], [ 103.817552, 1.3881003 ], [ 103.8178202, 1.3882344 ], [ 103.8179114, 1.3883524 ], [ 103.8179489, 1.3885508 ], [ 103.8179436, 1.3887117 ], [ 103.8178953, 1.3888565 ], [ 103.8177612, 1.3890764 ], [ 103.81767, 1.3892748 ], [ 103.8176431, 1.3894893 ], [ 103.81767, 1.3899773 ], [ 103.8177665, 1.3904278 ], [ 103.8178794, 1.3907363 ], [ 103.818037, 1.3907522 ], [ 103.8181261, 1.3912066 ], [ 103.8182723, 1.3918817 ], [ 103.8184147, 1.3925102 ], [ 103.8185122, 1.3930502 ], [ 103.8185605, 1.3934578 ], [ 103.8185068, 1.3937098 ], [ 103.8182171, 1.3940209 ], [ 103.8176324, 1.3942515 ], [ 103.8171067, 1.3944714 ], [ 103.8166346, 1.3946859 ], [ 103.8161894, 1.3949326 ], [ 103.8157441, 1.3952168 ], [ 103.8152133, 1.3955868 ], [ 103.8149612, 1.3958603 ], [ 103.8144891, 1.3963698 ], [ 103.8141029, 1.3969919 ], [ 103.8137596, 1.3976783 ], [ 103.8134377, 1.3985364 ], [ 103.8131158, 1.3994588 ], [ 103.8128905, 1.4000702 ], [ 103.8127028, 1.4000916 ], [ 103.8125601, 1.4000337 ], [ 103.8124882, 1.4000755 ], [ 103.8124507, 1.3998181 ], [ 103.8116353, 1.4000273 ], [ 103.811351, 1.4000648 ], [ 103.810836, 1.4002632 ], [ 103.8103585, 1.4003812 ], [ 103.8093393, 1.399979 ], [ 103.8091945, 1.3999522 ], [ 103.8090983, 1.3999429 ], [ 103.8091466, 1.3997754 ], [ 103.8090591, 1.3996579 ], [ 103.8089588, 1.4000167 ], [ 103.8089749, 1.4000355 ], [ 103.8088891, 1.4003183 ], [ 103.8088166, 1.4002987 ], [ 103.8087916, 1.4002714 ], [ 103.8088636, 1.4001481 ], [ 103.8088854, 1.4001371 ], [ 103.8089181, 1.4000735 ], [ 103.8089046, 1.4000606 ], [ 103.8088516, 1.4000627 ], [ 103.8087815, 1.4001028 ], [ 103.8082353, 1.3995946 ], [ 103.8080952, 1.399501 ], [ 103.8080062, 1.3994677 ], [ 103.8079357, 1.3994497 ], [ 103.8078346, 1.3994362 ], [ 103.8077734, 1.3993368 ], [ 103.8076786, 1.3993352 ], [ 103.8077834, 1.3994819 ], [ 103.8079371, 1.399657 ], [ 103.8080822, 1.3997888 ], [ 103.8083124, 1.4000031 ], [ 103.8085786, 1.4002214 ], [ 103.8085936, 1.4002957 ], [ 103.8085547, 1.4003196 ], [ 103.8079795, 1.4004257 ], [ 103.807938, 1.4003815 ], [ 103.8079362, 1.4003098 ], [ 103.8079787, 1.4002753 ], [ 103.8080486, 1.4002674 ], [ 103.8081556, 1.400293 ], [ 103.8083113, 1.4002373 ], [ 103.8081813, 1.4000869 ], [ 103.8080768, 1.4001651 ], [ 103.8079545, 1.4002234 ], [ 103.8077101, 1.4001235 ], [ 103.8073652, 1.4001184 ], [ 103.8070441, 1.4000658 ], [ 103.8068538, 1.4003816 ], [ 103.8065784, 1.4001662 ], [ 103.8063166, 1.4003426 ], [ 103.8055377, 1.3995223 ], [ 103.8055275, 1.3993645 ], [ 103.8050124, 1.3989422 ], [ 103.8048741, 1.3987772 ], [ 103.8045086, 1.3982679 ], [ 103.8042498, 1.3978926 ], [ 103.8043016, 1.3978238 ], [ 103.8041465, 1.3975243 ], [ 103.8039184, 1.3972037 ], [ 103.8038321, 1.397213 ], [ 103.8038213, 1.3972422 ], [ 103.8041455, 1.3977037 ], [ 103.804127, 1.397716 ], [ 103.8035023, 1.3968313 ], [ 103.803376, 1.3967949 ], [ 103.8033248, 1.3968244 ], [ 103.8032746, 1.3969279 ], [ 103.8031005, 1.3969709 ], [ 103.8030006, 1.3969519 ], [ 103.8029344, 1.3968885 ], [ 103.8028529, 1.3969507 ], [ 103.8027612, 1.3969846 ], [ 103.8027075, 1.3969706 ], [ 103.8026591, 1.3969992 ], [ 103.8026778, 1.3970471 ], [ 103.8026422, 1.3970832 ], [ 103.802669, 1.3971468 ], [ 103.8026597, 1.3971725 ], [ 103.8026101, 1.3971667 ], [ 103.8025727, 1.3971889 ], [ 103.8025316, 1.3971823 ], [ 103.8020211, 1.3967739 ], [ 103.8015384, 1.3958903 ], [ 103.8012334, 1.3956154 ], [ 103.8010782, 1.395507 ], [ 103.8009086, 1.3954783 ], [ 103.8006575, 1.3956523 ], [ 103.8005299, 1.3957492 ], [ 103.8003134, 1.3957294 ], [ 103.8001833, 1.3957546 ], [ 103.7998236, 1.3955812 ], [ 103.7995324, 1.3954521 ], [ 103.7993857, 1.3953889 ], [ 103.7992937, 1.3954678 ], [ 103.7992373, 1.3955917 ], [ 103.7991762, 1.3960204 ], [ 103.7992317, 1.3962348 ], [ 103.7992227, 1.396396 ], [ 103.7991233, 1.3966089 ], [ 103.7989984, 1.3966633 ], [ 103.798825, 1.3967364 ], [ 103.798509, 1.3967249 ], [ 103.798224, 1.3966424 ], [ 103.7979503, 1.3964662 ], [ 103.7976691, 1.3961926 ], [ 103.797343, 1.3958665 ], [ 103.7970618, 1.3957204 ], [ 103.7967618, 1.3953493 ], [ 103.7962557, 1.3947946 ], [ 103.7960318, 1.3943793 ], [ 103.7958203, 1.3939228 ], [ 103.7955621, 1.3931529 ], [ 103.7953671, 1.3927406 ], [ 103.7953642, 1.3925895 ], [ 103.79538, 1.3923495 ], [ 103.7954591, 1.3922493 ], [ 103.7955713, 1.3922026 ], [ 103.7956879, 1.3921887 ], [ 103.7957571, 1.3920792 ], [ 103.7957324, 1.3920324 ], [ 103.7957036, 1.3919778 ], [ 103.7956395, 1.3919592 ], [ 103.7955827, 1.3919666 ], [ 103.7955756, 1.3920492 ], [ 103.7955135, 1.3920885 ], [ 103.7953642, 1.3921228 ], [ 103.7952173, 1.39213 ], [ 103.7951875, 1.3920968 ], [ 103.7949997, 1.3916933 ], [ 103.7949188, 1.3914667 ], [ 103.7949209, 1.3911139 ], [ 103.7950109, 1.3907616 ], [ 103.7952396, 1.3903305 ], [ 103.7954196, 1.3897833 ], [ 103.7954983, 1.389431 ], [ 103.7955321, 1.3892398 ], [ 103.7956483, 1.3891686 ], [ 103.7957158, 1.3890365 ], [ 103.7957017, 1.38891 ], [ 103.7958235, 1.3888499 ], [ 103.7958933, 1.3888495 ], [ 103.7959587, 1.3888502 ], [ 103.795974, 1.3888088 ], [ 103.7959371, 1.3887054 ], [ 103.7959851, 1.3886645 ], [ 103.7960235, 1.3886487 ], [ 103.7960785, 1.3886542 ], [ 103.7962558, 1.3886491 ], [ 103.7963331, 1.3886783 ], [ 103.7964103, 1.3887076 ], [ 103.7964019, 1.3886513 ], [ 103.7962247, 1.3885445 ], [ 103.7959462, 1.3884427 ], [ 103.7958517, 1.388405 ], [ 103.7957409, 1.3883138 ], [ 103.7956753, 1.3882768 ], [ 103.7956385, 1.3882387 ], [ 103.7956588, 1.388162 ], [ 103.7956246, 1.3880872 ], [ 103.7955831, 1.3880178 ], [ 103.7955286, 1.3879538 ], [ 103.7954646, 1.3879342 ], [ 103.795484, 1.387869 ], [ 103.7954961, 1.3878035 ], [ 103.7954505, 1.3877319 ], [ 103.7954936, 1.387697 ], [ 103.7955253, 1.3876105 ], [ 103.7954329, 1.3874659 ], [ 103.7953373, 1.3872417 ], [ 103.7953697, 1.3870684 ], [ 103.7953976, 1.3869277 ], [ 103.7954292, 1.3866687 ], [ 103.7954297, 1.3865088 ], [ 103.795483, 1.3864461 ], [ 103.7955199, 1.3864212 ], [ 103.7955491, 1.3863611 ], [ 103.7955522, 1.3862468 ], [ 103.7955964, 1.3861974 ], [ 103.7955997, 1.3861485 ], [ 103.7955942, 1.3860723 ], [ 103.7956062, 1.3859076 ], [ 103.7956367, 1.3858185 ], [ 103.7956376, 1.3856836 ], [ 103.7957099, 1.3853247 ], [ 103.7956837, 1.3852996 ], [ 103.795586, 1.3853864 ], [ 103.7956081, 1.385569 ], [ 103.7955161, 1.3863029 ], [ 103.7954051, 1.386499 ], [ 103.7953825, 1.3866222 ], [ 103.7952308, 1.3869842 ], [ 103.795187, 1.3871668 ], [ 103.7950636, 1.3873998 ], [ 103.7948853, 1.3874409 ], [ 103.7949767, 1.3876282 ], [ 103.7949585, 1.3879572 ], [ 103.795059, 1.388478 ], [ 103.7950377, 1.3887658 ], [ 103.7950027, 1.389204 ], [ 103.7949402, 1.3893324 ], [ 103.7949859, 1.3894969 ], [ 103.794866, 1.3898189 ], [ 103.7947254, 1.3900178 ], [ 103.7945089, 1.3903169 ], [ 103.7943506, 1.3905386 ], [ 103.7942255, 1.3906607 ], [ 103.794017, 1.3908676 ], [ 103.7937336, 1.390959 ], [ 103.7934205, 1.3909491 ], [ 103.7928226, 1.3908305 ], [ 103.7926578, 1.3907879 ], [ 103.7922117, 1.3906117 ], [ 103.7920837, 1.3905752 ], [ 103.7920015, 1.3904016 ], [ 103.7919741, 1.3905204 ], [ 103.7913022, 1.3902599 ], [ 103.791645, 1.3904884 ], [ 103.7918872, 1.3905661 ], [ 103.7923534, 1.3907671 ], [ 103.7928333, 1.3909361 ], [ 103.7930481, 1.3910732 ], [ 103.7931303, 1.3911052 ], [ 103.7932217, 1.3910504 ], [ 103.7932659, 1.3911632 ], [ 103.7933451, 1.3912057 ], [ 103.7934205, 1.3912443 ], [ 103.7936383, 1.3916281 ], [ 103.7938199, 1.3919222 ], [ 103.7941898, 1.3921771 ], [ 103.7944406, 1.3926766 ], [ 103.794593, 1.3929365 ], [ 103.7948106, 1.3933484 ], [ 103.794974, 1.3942718 ], [ 103.7949158, 1.394684 ], [ 103.7949062, 1.3948838 ], [ 103.7948457, 1.3950676 ], [ 103.7945572, 1.3952845 ], [ 103.7941141, 1.3952797 ], [ 103.7941105, 1.3953789 ], [ 103.7942294, 1.395585 ], [ 103.7942928, 1.3956801 ], [ 103.7944272, 1.3957397 ], [ 103.7947923, 1.3959654 ], [ 103.7950381, 1.3961398 ], [ 103.7951888, 1.3962508 ], [ 103.795276, 1.3964965 ], [ 103.7954028, 1.3964885 ], [ 103.7954583, 1.3966312 ], [ 103.7955376, 1.3973921 ], [ 103.7953387, 1.3978341 ], [ 103.7949314, 1.3979214 ], [ 103.7945823, 1.3978438 ], [ 103.7938842, 1.3974463 ], [ 103.7936515, 1.3970778 ], [ 103.7936224, 1.3965542 ], [ 103.7933176, 1.3965837 ], [ 103.7931181, 1.3967287 ], [ 103.7922454, 1.3969324 ], [ 103.7916152, 1.3968742 ], [ 103.7909461, 1.3965639 ], [ 103.790725, 1.3962349 ], [ 103.790597, 1.3958657 ], [ 103.7905585, 1.3953075 ], [ 103.7906866, 1.3947958 ], [ 103.790597, 1.3947894 ], [ 103.7904316, 1.3949271 ], [ 103.7904078, 1.3950935 ], [ 103.7902889, 1.3952124 ], [ 103.789948, 1.3954819 ], [ 103.7894334, 1.3957785 ], [ 103.7889098, 1.3957397 ], [ 103.7880856, 1.3954682 ], [ 103.7879311, 1.3953336 ], [ 103.7873554, 1.394832 ], [ 103.7870303, 1.394396 ], [ 103.7869643, 1.3938943 ], [ 103.7870402, 1.3936014 ], [ 103.7871001, 1.3933514 ], [ 103.787401, 1.3929738 ], [ 103.7877538, 1.3928227 ], [ 103.7880154, 1.3928405 ], [ 103.7881923, 1.3928307 ], [ 103.7880867, 1.3927634 ], [ 103.7878768, 1.3926295 ], [ 103.7876611, 1.3924919 ], [ 103.7875232, 1.392404 ], [ 103.7871567, 1.3917886 ], [ 103.7870642, 1.3914154 ], [ 103.7870868, 1.3911241 ], [ 103.7871534, 1.3907153 ], [ 103.7872888, 1.3905766 ], [ 103.7873813, 1.3904412 ], [ 103.7875927, 1.3903257 ], [ 103.787857, 1.3902695 ], [ 103.78788, 1.3901999 ], [ 103.7884515, 1.3901143 ], [ 103.7882898, 1.3901172 ], [ 103.7880256, 1.390122 ], [ 103.7878404, 1.3901253 ], [ 103.7878238, 1.3901253 ], [ 103.7875564, 1.3900945 ], [ 103.7873621, 1.389941 ], [ 103.7872478, 1.3897702 ], [ 103.787242, 1.3897666 ], [ 103.7870928, 1.3894728 ], [ 103.7869816, 1.3892689 ], [ 103.7869112, 1.3890545 ], [ 103.786866, 1.3887307 ], [ 103.7868462, 1.3884335 ], [ 103.7868825, 1.3882584 ], [ 103.7869254, 1.3881825 ], [ 103.7869354, 1.3879909 ], [ 103.7868792, 1.3879909 ], [ 103.7868924, 1.3879315 ], [ 103.7869287, 1.3878754 ], [ 103.7870146, 1.3878919 ], [ 103.7870245, 1.3877796 ], [ 103.7870823, 1.387735 ], [ 103.7871093, 1.3876805 ], [ 103.787084, 1.3875914 ], [ 103.7871048, 1.387476 ], [ 103.787188, 1.3874494 ], [ 103.7871765, 1.387385 ], [ 103.7872359, 1.387347 ], [ 103.7872194, 1.3873156 ], [ 103.7873565, 1.3871868 ], [ 103.7875182, 1.3870508 ], [ 103.7877133, 1.3870118 ], [ 103.7879163, 1.3869564 ], [ 103.7880871, 1.3867663 ], [ 103.7881948, 1.3866978 ], [ 103.788234, 1.3867124 ], [ 103.7882354, 1.3866321 ], [ 103.7883321, 1.3866174 ], [ 103.7883558, 1.386646 ], [ 103.7884086, 1.3866803 ], [ 103.7884708, 1.3866606 ], [ 103.789038, 1.3865311 ], [ 103.7889349, 1.3865197 ], [ 103.7885565, 1.3865437 ], [ 103.7885313, 1.386592 ], [ 103.7884512, 1.3865246 ], [ 103.7882876, 1.3865282 ], [ 103.7880789, 1.3865643 ], [ 103.7878164, 1.3866083 ], [ 103.787571, 1.3865255 ], [ 103.7873533, 1.3860163 ], [ 103.7872276, 1.3857106 ], [ 103.7872032, 1.3854516 ], [ 103.7872344, 1.3852333 ], [ 103.7872327, 1.3850516 ], [ 103.7871865, 1.3849812 ], [ 103.7871387, 1.384729 ], [ 103.7871259, 1.3844974 ], [ 103.7871043, 1.3843374 ], [ 103.7871254, 1.3842358 ], [ 103.7870581, 1.3841668 ], [ 103.7870361, 1.3839709 ], [ 103.7870512, 1.3839345 ], [ 103.7870004, 1.3838933 ], [ 103.7869138, 1.3839038 ], [ 103.7869477, 1.3840071 ], [ 103.7869148, 1.3841007 ], [ 103.7870126, 1.3843054 ], [ 103.7870225, 1.3846322 ], [ 103.7869592, 1.3847128 ], [ 103.7869822, 1.384943 ], [ 103.7871353, 1.3851801 ], [ 103.7870456, 1.3853114 ], [ 103.7870084, 1.3854422 ], [ 103.7870287, 1.3855679 ], [ 103.7870356, 1.3856359 ], [ 103.7870381, 1.3857337 ], [ 103.7870518, 1.3858478 ], [ 103.7870356, 1.3859161 ], [ 103.7870513, 1.3860425 ], [ 103.7869608, 1.3864018 ], [ 103.7869285, 1.3866966 ], [ 103.7869733, 1.3868644 ], [ 103.7869569, 1.3870368 ], [ 103.7869015, 1.3871925 ], [ 103.7867887, 1.3873615 ], [ 103.7866788, 1.3875417 ], [ 103.7866811, 1.3875978 ], [ 103.7866326, 1.387686 ], [ 103.7865984, 1.387882 ], [ 103.7864927, 1.3880108 ], [ 103.7864729, 1.3885953 ], [ 103.7864976, 1.3886577 ], [ 103.7865025, 1.3887117 ], [ 103.7865063, 1.3888075 ], [ 103.7865083, 1.3889563 ], [ 103.7864965, 1.3890864 ], [ 103.7864885, 1.3895198 ], [ 103.7864408, 1.3898723 ], [ 103.7863964, 1.3901102 ], [ 103.7863579, 1.3902821 ], [ 103.7863373, 1.3904991 ], [ 103.7862723, 1.3907337 ], [ 103.786224, 1.3909375 ], [ 103.7861972, 1.3912224 ], [ 103.7860899, 1.3913879 ], [ 103.7859987, 1.3916239 ], [ 103.7858646, 1.3918116 ], [ 103.785752, 1.3920154 ], [ 103.7856232, 1.392128 ], [ 103.7854033, 1.3921655 ], [ 103.7851833, 1.3922621 ], [ 103.7849688, 1.3922353 ], [ 103.784722, 1.3920905 ], [ 103.7845289, 1.3919296 ], [ 103.7844162, 1.3918384 ], [ 103.7843089, 1.3917151 ], [ 103.7841695, 1.3915756 ], [ 103.783964, 1.3913836 ], [ 103.7837564, 1.3911037 ], [ 103.7836116, 1.3909589 ], [ 103.7836169, 1.3908356 ], [ 103.7835579, 1.3907444 ], [ 103.7835311, 1.3905996 ], [ 103.7834499, 1.3904134 ], [ 103.7833924, 1.3901987 ], [ 103.7833538, 1.3900203 ], [ 103.7833239, 1.3898177 ], [ 103.7832892, 1.3896156 ], [ 103.7832585, 1.3894573 ], [ 103.7832092, 1.3892857 ], [ 103.7831649, 1.3891271 ], [ 103.7831799, 1.3888897 ], [ 103.7832011, 1.3886943 ], [ 103.7832107, 1.3884872 ], [ 103.7832834, 1.3882304 ], [ 103.7833431, 1.3881483 ], [ 103.7833132, 1.3880983 ], [ 103.7831951, 1.3880586 ], [ 103.783118, 1.3879986 ], [ 103.7829839, 1.3879235 ], [ 103.7828831, 1.3878502 ], [ 103.7827732, 1.3877549 ], [ 103.782643, 1.3876306 ], [ 103.7825785, 1.387528 ], [ 103.782494, 1.3874209 ], [ 103.78239, 1.387233 ], [ 103.7823718, 1.3871444 ], [ 103.7823901, 1.3869679 ], [ 103.7824046, 1.3868188 ], [ 103.7824153, 1.3866311 ], [ 103.7825119, 1.3864702 ], [ 103.7825762, 1.3863522 ], [ 103.7826299, 1.3861645 ], [ 103.7827157, 1.3861002 ], [ 103.7829035, 1.3860144 ], [ 103.7830639, 1.3858341 ], [ 103.7832057, 1.3857242 ], [ 103.7834619, 1.385683 ], [ 103.7835724, 1.3855194 ], [ 103.7836872, 1.3853999 ], [ 103.7838014, 1.3853011 ], [ 103.7838862, 1.3851134 ], [ 103.7839723, 1.3849505 ], [ 103.7840673, 1.3848325 ], [ 103.7840519, 1.3847027 ], [ 103.7839217, 1.3848478 ], [ 103.7837891, 1.3849477 ], [ 103.7837311, 1.3850442 ], [ 103.7835812, 1.3851561 ], [ 103.783525, 1.3852456 ], [ 103.7834087, 1.385375 ], [ 103.7832476, 1.3854786 ], [ 103.7830491, 1.3856204 ], [ 103.7829409, 1.3856899 ], [ 103.7828131, 1.3857706 ], [ 103.7825627, 1.3857692 ], [ 103.7824539, 1.3857595 ], [ 103.7823, 1.3857038 ], [ 103.7821246, 1.3855618 ], [ 103.7819486, 1.3854352 ], [ 103.781873, 1.3852753 ], [ 103.7817158, 1.3850922 ], [ 103.7816027, 1.3847825 ], [ 103.7815701, 1.384696 ], [ 103.7815311, 1.3846476 ], [ 103.7814716, 1.3845752 ], [ 103.7814988, 1.3844881 ], [ 103.7814607, 1.3844366 ], [ 103.7813793, 1.3843117 ], [ 103.7813789, 1.3842042 ], [ 103.7812864, 1.3841064 ], [ 103.7811649, 1.3839797 ], [ 103.7810824, 1.3838354 ], [ 103.7810643, 1.3837379 ], [ 103.7810644, 1.3835995 ], [ 103.7810573, 1.3833539 ], [ 103.7810215, 1.383106 ], [ 103.7810849, 1.3829754 ], [ 103.7809965, 1.3827803 ], [ 103.7809398, 1.3826433 ], [ 103.7810031, 1.3825679 ], [ 103.7810977, 1.382485 ], [ 103.7811764, 1.3824523 ], [ 103.7811727, 1.3823627 ], [ 103.7810726, 1.382389 ], [ 103.7809959, 1.3823679 ], [ 103.7809102, 1.382385 ], [ 103.7807723, 1.3823954 ], [ 103.780712, 1.3823787 ], [ 103.7807543, 1.382265 ], [ 103.7805488, 1.3822147 ], [ 103.7804667, 1.3823035 ], [ 103.7804506, 1.3823687 ], [ 103.7804276, 1.3824852 ], [ 103.7804296, 1.3826911 ], [ 103.7803732, 1.3827902 ], [ 103.7803064, 1.3828591 ], [ 103.7803476, 1.3829811 ], [ 103.7804111, 1.383079 ], [ 103.7803781, 1.3831761 ], [ 103.7802334, 1.3832127 ], [ 103.7801576, 1.3830542 ], [ 103.7799221, 1.3831088 ], [ 103.7798202, 1.3831813 ], [ 103.77997, 1.3832397 ], [ 103.7800154, 1.3832938 ], [ 103.7801134, 1.3834524 ], [ 103.7802503, 1.3833606 ], [ 103.7803203, 1.3833482 ], [ 103.7803669, 1.3833886 ], [ 103.7804649, 1.3834912 ], [ 103.7805427, 1.3834803 ], [ 103.7806033, 1.3835317 ], [ 103.7806858, 1.3836094 ], [ 103.7807153, 1.3837478 ], [ 103.7808553, 1.3837841 ], [ 103.7808584, 1.3838861 ], [ 103.7809268, 1.3839095 ], [ 103.7809113, 1.3839919 ], [ 103.7809505, 1.3841162 ], [ 103.7810908, 1.3841602 ], [ 103.7811278, 1.3843733 ], [ 103.7811439, 1.3844913 ], [ 103.7811431, 1.38457 ], [ 103.7812724, 1.3846608 ], [ 103.7812944, 1.3848121 ], [ 103.7813397, 1.384834 ], [ 103.7813478, 1.3849257 ], [ 103.7813371, 1.3851241 ], [ 103.7813824, 1.3852988 ], [ 103.7814923, 1.3855218 ], [ 103.7815164, 1.3856029 ], [ 103.7815971, 1.385714 ], [ 103.7816347, 1.3858636 ], [ 103.7816169, 1.3859362 ], [ 103.7816881, 1.3860008 ], [ 103.781749, 1.386176 ], [ 103.7816375, 1.3864219 ], [ 103.7816848, 1.3866311 ], [ 103.7817307, 1.3868875 ], [ 103.7817652, 1.3870992 ], [ 103.7818256, 1.3873052 ], [ 103.7818582, 1.3874641 ], [ 103.781867, 1.3876556 ], [ 103.781859, 1.3878022 ], [ 103.7817955, 1.3880214 ], [ 103.7817662, 1.3881756 ], [ 103.7817501, 1.3884169 ], [ 103.7816965, 1.3887172 ], [ 103.7816173, 1.3889068 ], [ 103.7814403, 1.3890097 ], [ 103.7814395, 1.3890354 ], [ 103.7816161, 1.3890356 ], [ 103.7817365, 1.3891335 ], [ 103.7817856, 1.3892195 ], [ 103.7817995, 1.3893759 ], [ 103.7818428, 1.389432 ], [ 103.7819177, 1.3894849 ], [ 103.781991, 1.389534 ], [ 103.7820754, 1.3896314 ], [ 103.7821764, 1.3897566 ], [ 103.7822094, 1.3898485 ], [ 103.7822651, 1.3899829 ], [ 103.7822955, 1.3900947 ], [ 103.7823295, 1.3902135 ], [ 103.7823402, 1.3904494 ], [ 103.7823187, 1.3905299 ], [ 103.7823241, 1.3906639 ], [ 103.782286, 1.3907592 ], [ 103.7822597, 1.3908731 ], [ 103.7821256, 1.3910715 ], [ 103.7819915, 1.391227 ], [ 103.7818628, 1.3913397 ], [ 103.7817877, 1.3914255 ], [ 103.7816053, 1.3914684 ], [ 103.7815184, 1.3915253 ], [ 103.7813065, 1.3915833 ], [ 103.7810894, 1.3916331 ], [ 103.7810078, 1.3916659 ], [ 103.7808987, 1.3917237 ], [ 103.7806867, 1.3917352 ], [ 103.7805373, 1.3917832 ], [ 103.7803426, 1.3917981 ], [ 103.7802042, 1.3918468 ], [ 103.780055, 1.3918599 ], [ 103.7799759, 1.3918054 ], [ 103.7797331, 1.3916775 ], [ 103.7795775, 1.3915166 ], [ 103.7794381, 1.3913558 ], [ 103.7793005, 1.391192 ], [ 103.7792685, 1.3911104 ], [ 103.7791937, 1.3909197 ], [ 103.7791376, 1.3907766 ], [ 103.7790769, 1.3905807 ], [ 103.7790174, 1.3903884 ], [ 103.778997, 1.390093 ], [ 103.7789821, 1.3898756 ], [ 103.77882, 1.3896484 ], [ 103.7788587, 1.3898917 ], [ 103.7788909, 1.3900472 ], [ 103.7788801, 1.390209 ], [ 103.7788748, 1.3902886 ], [ 103.778864, 1.3905218 ], [ 103.778908, 1.390627 ], [ 103.7789987, 1.3908437 ], [ 103.7790355, 1.3909318 ], [ 103.7791055, 1.3913482 ], [ 103.7791485, 1.3916408 ], [ 103.7790599, 1.3917346 ], [ 103.7789284, 1.3918706 ], [ 103.7787484, 1.3919963 ], [ 103.7786194, 1.3920911 ], [ 103.7784762, 1.3921228 ], [ 103.7782418, 1.3920476 ], [ 103.7780694, 1.3920041 ], [ 103.7778844, 1.3919204 ], [ 103.7776164, 1.3918722 ], [ 103.7775513, 1.3918584 ], [ 103.7775083, 1.3918664 ], [ 103.7775665, 1.3919362 ], [ 103.7776652, 1.3920729 ], [ 103.777699, 1.3921467 ], [ 103.7777313, 1.392217 ], [ 103.7777639, 1.3922474 ], [ 103.7777947, 1.3923294 ], [ 103.7777833, 1.3924111 ], [ 103.7777583, 1.3925137 ], [ 103.7775888, 1.3927057 ], [ 103.7775995, 1.3927298 ], [ 103.7779402, 1.3926413 ], [ 103.7781514, 1.3925355 ], [ 103.7783057, 1.3924633 ], [ 103.778515, 1.3923653 ], [ 103.778687, 1.3924122 ], [ 103.7788319, 1.3924283 ], [ 103.7790089, 1.3924498 ], [ 103.7791376, 1.392498 ], [ 103.7792503, 1.3925517 ], [ 103.7793683, 1.3926053 ], [ 103.7795195, 1.3927172 ], [ 103.7796185, 1.3928351 ], [ 103.7796628, 1.3929425 ], [ 103.7797162, 1.3929748 ], [ 103.7798021, 1.3929723 ], [ 103.7798892, 1.3929027 ], [ 103.7800658, 1.3927958 ], [ 103.7801908, 1.3927049 ], [ 103.7803607, 1.3926267 ], [ 103.7805324, 1.3925838 ], [ 103.7807148, 1.3925409 ], [ 103.780924, 1.3924927 ], [ 103.7811064, 1.3924766 ], [ 103.7812459, 1.3924659 ], [ 103.7814068, 1.3924873 ], [ 103.7816106, 1.3925785 ], [ 103.7818091, 1.3926375 ], [ 103.7819432, 1.3927286 ], [ 103.7820344, 1.3928305 ], [ 103.7821471, 1.3929432 ], [ 103.7823472, 1.3931081 ], [ 103.7825065, 1.3932006 ], [ 103.7827533, 1.3932971 ], [ 103.7829035, 1.3933775 ], [ 103.7831663, 1.3934902 ], [ 103.7833755, 1.3936242 ], [ 103.7835687, 1.3937369 ], [ 103.7838101, 1.393887 ], [ 103.7841225, 1.3940731 ], [ 103.78391, 1.3942374 ], [ 103.7843114, 1.394875 ], [ 103.7846681, 1.3948749 ], [ 103.7847327, 1.3951044 ], [ 103.7847649, 1.3953189 ], [ 103.7847542, 1.3954798 ], [ 103.7846415, 1.3956085 ], [ 103.7845825, 1.3957157 ], [ 103.7844967, 1.3958284 ], [ 103.7843036, 1.3958605 ], [ 103.7841641, 1.3959463 ], [ 103.7839817, 1.3959732 ], [ 103.783794, 1.3960214 ], [ 103.7834292, 1.3960214 ], [ 103.7832897, 1.3959571 ], [ 103.7831931, 1.3959678 ], [ 103.7830644, 1.3959463 ], [ 103.7829464, 1.3958605 ], [ 103.7828075, 1.3957691 ], [ 103.7826728, 1.3956889 ], [ 103.7825867, 1.395549 ], [ 103.7825045, 1.3955558 ], [ 103.7823885, 1.3957211 ], [ 103.78231, 1.3957663 ], [ 103.7822168, 1.3957908 ], [ 103.7821138, 1.3958473 ], [ 103.7819678, 1.3958423 ], [ 103.7818408, 1.395847 ], [ 103.7817439, 1.3958937 ], [ 103.7816531, 1.3959015 ], [ 103.7815892, 1.3959088 ], [ 103.78147, 1.3959196 ], [ 103.7813481, 1.3959066 ], [ 103.7811503, 1.3958846 ], [ 103.7810098, 1.395882 ], [ 103.780837, 1.3958304 ], [ 103.7806199, 1.3957192 ], [ 103.7805044, 1.3956469 ], [ 103.7804227, 1.3955822 ], [ 103.7803822, 1.3954422 ], [ 103.78035, 1.3954208 ], [ 103.7802534, 1.3954208 ], [ 103.7801577, 1.3954454 ], [ 103.7800174, 1.3955227 ], [ 103.7799207, 1.3955447 ], [ 103.7798404, 1.3955709 ], [ 103.7796097, 1.3955495 ], [ 103.7794595, 1.3955012 ], [ 103.7793683, 1.3954369 ], [ 103.779199, 1.3954222 ], [ 103.7789928, 1.3954101 ], [ 103.7787782, 1.3953725 ], [ 103.7786012, 1.3953403 ], [ 103.7784454, 1.3952689 ], [ 103.7782847, 1.3951902 ], [ 103.7781506, 1.3951634 ], [ 103.7780976, 1.3951159 ], [ 103.7780594, 1.3950668 ], [ 103.7779437, 1.3950008 ], [ 103.7778497, 1.3949745 ], [ 103.7777928, 1.3949492 ], [ 103.7776834, 1.3949573 ], [ 103.777604, 1.3949713 ], [ 103.7775122, 1.3949864 ], [ 103.777362, 1.3949864 ], [ 103.7772172, 1.3949542 ], [ 103.7770323, 1.3949474 ], [ 103.7769125, 1.3949811 ], [ 103.7768385, 1.3949425 ], [ 103.7767809, 1.3949071 ], [ 103.7766972, 1.39483 ], [ 103.7766832, 1.3948402 ], [ 103.7767487, 1.3949469 ], [ 103.7767669, 1.395015 ], [ 103.7767864, 1.3950996 ], [ 103.7767412, 1.3951467 ], [ 103.7766821, 1.3952059 ], [ 103.7766466, 1.3953604 ], [ 103.7767409, 1.3954649 ], [ 103.7768363, 1.3956675 ], [ 103.7768278, 1.3957215 ], [ 103.776884, 1.3957665 ], [ 103.7769865, 1.3957426 ], [ 103.7770332, 1.3955881 ], [ 103.7771501, 1.3955348 ], [ 103.7772376, 1.395508 ], [ 103.7773426, 1.3955041 ], [ 103.7774532, 1.3954985 ], [ 103.777546, 1.3955049 ], [ 103.7776003, 1.3955278 ], [ 103.7776742, 1.3956026 ], [ 103.7777167, 1.395693 ], [ 103.7777268, 1.3958391 ], [ 103.7777053, 1.3959088 ], [ 103.7776624, 1.3960161 ], [ 103.7775927, 1.3960911 ], [ 103.7775283, 1.3961555 ], [ 103.7773835, 1.3962252 ], [ 103.7773352, 1.3962735 ], [ 103.7772923, 1.3963807 ], [ 103.7772579, 1.3964806 ], [ 103.777264, 1.3966274 ], [ 103.7772979, 1.3966354 ], [ 103.7774264, 1.396547 ], [ 103.7774961, 1.3964665 ], [ 103.7775927, 1.3963432 ], [ 103.7776938, 1.3962091 ], [ 103.7778708, 1.3960784 ], [ 103.7780111, 1.3960161 ], [ 103.7780916, 1.3959839 ], [ 103.7782604, 1.3959631 ], [ 103.778416, 1.3959789 ], [ 103.7785961, 1.3960048 ], [ 103.778757, 1.3960649 ], [ 103.778888, 1.3961108 ], [ 103.7790135, 1.3961558 ], [ 103.7791164, 1.3962436 ], [ 103.7792628, 1.3963848 ], [ 103.7792999, 1.3965334 ], [ 103.7792863, 1.3967226 ], [ 103.7793055, 1.3967814 ], [ 103.7793503, 1.3967785 ], [ 103.7795329, 1.3966312 ], [ 103.7795722, 1.3965309 ], [ 103.7796955, 1.3965041 ], [ 103.7798152, 1.396481 ], [ 103.7799297, 1.3964694 ], [ 103.7800367, 1.3964796 ], [ 103.7801569, 1.3964773 ], [ 103.7802529, 1.3964924 ], [ 103.7803017, 1.3965302 ], [ 103.7803868, 1.3965933 ], [ 103.7804957, 1.3966579 ], [ 103.7806408, 1.3967544 ], [ 103.7807193, 1.3968704 ], [ 103.780806, 1.3970564 ], [ 103.7808278, 1.3971258 ], [ 103.7808328, 1.3972763 ], [ 103.780865, 1.3974694 ], [ 103.7808997, 1.3975043 ], [ 103.7810177, 1.397424 ], [ 103.7810707, 1.3972633 ], [ 103.7811217, 1.3971488 ], [ 103.781199, 1.3970513 ], [ 103.7813016, 1.3969675 ], [ 103.7815102, 1.3968787 ], [ 103.7816224, 1.3968726 ], [ 103.7817186, 1.3968601 ], [ 103.781913, 1.3969405 ], [ 103.7819556, 1.397074 ], [ 103.7820237, 1.3971798 ], [ 103.7820551, 1.397313 ], [ 103.7820666, 1.3974962 ], [ 103.7820773, 1.3976624 ], [ 103.7820903, 1.3977284 ], [ 103.7821379, 1.3978281 ], [ 103.7821637, 1.3979333 ], [ 103.7821834, 1.3981016 ], [ 103.7822068, 1.3981696 ], [ 103.7822191, 1.3981641 ], [ 103.7821943, 1.3978399 ], [ 103.7821769, 1.3977181 ], [ 103.7821905, 1.3976362 ], [ 103.7822284, 1.3974979 ], [ 103.7822668, 1.3973407 ], [ 103.7823027, 1.3972495 ], [ 103.782337, 1.3971435 ], [ 103.7823831, 1.3971101 ], [ 103.7825387, 1.3970243 ], [ 103.7826352, 1.396976 ], [ 103.7827937, 1.3969782 ], [ 103.7828901, 1.3970043 ], [ 103.7829913, 1.397034 ], [ 103.7830912, 1.3971101 ], [ 103.783154, 1.3971615 ], [ 103.783338, 1.3971959 ], [ 103.7835365, 1.3971583 ], [ 103.783624, 1.3971344 ], [ 103.7837711, 1.3971187 ], [ 103.7839421, 1.3970895 ], [ 103.7840573, 1.3970663 ], [ 103.7842141, 1.3970362 ], [ 103.7843559, 1.3970138 ], [ 103.784478, 1.3969907 ], [ 103.7846347, 1.3970149 ], [ 103.784799, 1.3970427 ], [ 103.7849394, 1.3970703 ], [ 103.7850975, 1.3971262 ], [ 103.7853014, 1.397153 ], [ 103.7854247, 1.3971691 ], [ 103.7855159, 1.3972281 ], [ 103.7855964, 1.3972924 ], [ 103.7857091, 1.3973621 ], [ 103.7857466, 1.3974426 ], [ 103.7857466, 1.3975659 ], [ 103.7857788, 1.3976678 ], [ 103.7858271, 1.3978019 ], [ 103.7858432, 1.3979091 ], [ 103.7858056, 1.3981129 ], [ 103.7857198, 1.398306 ], [ 103.7856608, 1.3984937 ], [ 103.7855428, 1.3986653 ], [ 103.785591, 1.3987189 ], [ 103.7857252, 1.3986707 ], [ 103.7858271, 1.3986438 ], [ 103.7860148, 1.3984347 ], [ 103.7861168, 1.3983167 ], [ 103.7864118, 1.3980861 ], [ 103.7865513, 1.3980271 ], [ 103.7866532, 1.3979896 ], [ 103.7868463, 1.3980486 ], [ 103.7869858, 1.3980647 ], [ 103.7870716, 1.3981022 ], [ 103.7871843, 1.3982148 ], [ 103.7872594, 1.398306 ], [ 103.7872969, 1.3984776 ], [ 103.7873237, 1.398558 ], [ 103.7872755, 1.3987457 ], [ 103.7872057, 1.3988476 ], [ 103.7871414, 1.3989656 ], [ 103.7870072, 1.3991319 ], [ 103.7868839, 1.3992713 ], [ 103.7867819, 1.3992713 ], [ 103.7867819, 1.3993571 ], [ 103.7867122, 1.3994483 ], [ 103.7865459, 1.3995126 ], [ 103.786444, 1.3995502 ], [ 103.7863099, 1.399695 ], [ 103.7861436, 1.3998612 ], [ 103.7860371, 1.3999329 ], [ 103.7859353, 1.4000353 ], [ 103.7857537, 1.4001725 ], [ 103.7856371, 1.4002609 ], [ 103.7855419, 1.4003546 ], [ 103.7854444, 1.4004307 ], [ 103.7853184, 1.4005076 ], [ 103.7851557, 1.4006074 ], [ 103.7849795, 1.4006871 ], [ 103.7846254, 1.4007461 ], [ 103.7843948, 1.4007782 ], [ 103.7842231, 1.4008051 ], [ 103.7839954, 1.4008349 ], [ 103.7838169, 1.4008153 ], [ 103.7836077, 1.4008176 ], [ 103.7834023, 1.4007713 ], [ 103.7831555, 1.4007391 ], [ 103.7829517, 1.4007123 ], [ 103.7828047, 1.4006982 ], [ 103.7827017, 1.4006525 ], [ 103.7825751, 1.4006089 ], [ 103.7824447, 1.400569 ], [ 103.7823052, 1.4005154 ], [ 103.7821476, 1.4004774 ], [ 103.7820721, 1.4005114 ], [ 103.7820327, 1.4005733 ], [ 103.7820548, 1.40068 ], [ 103.7821357, 1.4007499 ], [ 103.7822726, 1.4007893 ], [ 103.7826175, 1.400878 ], [ 103.7831984, 1.4010292 ], [ 103.7833188, 1.4011096 ], [ 103.783412, 1.4012406 ], [ 103.7833959, 1.4016066 ], [ 103.7833543, 1.401771 ], [ 103.783262, 1.4019287 ], [ 103.7830006, 1.4021378 ], [ 103.7830007, 1.4022174 ], [ 103.7832989, 1.4023681 ], [ 103.7834073, 1.402585 ], [ 103.7834315, 1.4027556 ], [ 103.7834045, 1.4030274 ], [ 103.7834037, 1.4031679 ], [ 103.783424, 1.4031712 ], [ 103.7834702, 1.40297 ], [ 103.7836101, 1.4035884 ], [ 103.783845, 1.4046264 ], [ 103.7842883, 1.4053239 ], [ 103.7852816, 1.4060051 ], [ 103.7850385, 1.4063877 ], [ 103.7847703, 1.4067202 ], [ 103.7846308, 1.406865 ], [ 103.7844967, 1.4069723 ], [ 103.7843716, 1.4070295 ], [ 103.7840629, 1.4070816 ], [ 103.7842217, 1.4068766 ], [ 103.7838277, 1.4067636 ], [ 103.7837559, 1.406846 ], [ 103.7835435, 1.4063205 ], [ 103.7829306, 1.4062703 ], [ 103.7826789, 1.4062475 ], [ 103.7824555, 1.4058057 ], [ 103.7820478, 1.4054136 ], [ 103.7817866, 1.4049604 ], [ 103.7817243, 1.404113 ], [ 103.7816204, 1.4037547 ], [ 103.780834, 1.4031497 ], [ 103.7802021, 1.4031459 ], [ 103.7797131, 1.4032487 ], [ 103.779462, 1.404107 ], [ 103.7791232, 1.405154 ], [ 103.7791697, 1.4054986 ], [ 103.7793419, 1.4065592 ], [ 103.7795234, 1.4078982 ], [ 103.7796228, 1.4083752 ], [ 103.7797056, 1.4088612 ], [ 103.7796216, 1.4090039 ], [ 103.7794875, 1.40903 ], [ 103.7794604, 1.4088765 ], [ 103.7793905, 1.408401 ], [ 103.7793236, 1.4083195 ], [ 103.7791529, 1.4083113 ], [ 103.7789943, 1.4082463 ], [ 103.7790228, 1.4084739 ], [ 103.7790309, 1.4091689 ], [ 103.7790796, 1.4096215 ], [ 103.7786058, 1.4101919 ], [ 103.7783833, 1.4105463 ], [ 103.7783696, 1.4105324 ], [ 103.7783669, 1.4105097 ], [ 103.7783624, 1.4104727 ], [ 103.7783639, 1.4104088 ], [ 103.7784047, 1.4103611 ], [ 103.7783986, 1.4102702 ], [ 103.7783177, 1.4103541 ], [ 103.7782191, 1.4104565 ], [ 103.7781475, 1.4105112 ], [ 103.7781213, 1.4106005 ], [ 103.7781197, 1.4106477 ], [ 103.7776893, 1.410667 ], [ 103.777303, 1.4106455 ], [ 103.7767994, 1.4106048 ], [ 103.7761839, 1.4105427 ], [ 103.7760277, 1.4104996 ], [ 103.7759852, 1.410368 ], [ 103.7758546, 1.4103452 ], [ 103.7757799, 1.4102219 ], [ 103.7755557, 1.4101347 ], [ 103.775667, 1.4095626 ], [ 103.7757254, 1.4091964 ], [ 103.7757922, 1.4085116 ], [ 103.7758038, 1.4082809 ], [ 103.7758603, 1.4076685 ], [ 103.7757688, 1.4073962 ], [ 103.7757775, 1.407341 ], [ 103.7757059, 1.406969 ], [ 103.7755113, 1.4067098 ], [ 103.7751787, 1.4065596 ], [ 103.7748116, 1.4065041 ], [ 103.7744921, 1.4064202 ], [ 103.774269, 1.4063358 ], [ 103.7741126, 1.4061864 ], [ 103.7739014, 1.4062248 ], [ 103.7738394, 1.4058059 ], [ 103.7737506, 1.4054348 ], [ 103.7734494, 1.4046411 ] ], [ [ 103.7782575, 1.4030426 ], [ 103.7783653, 1.4034841 ], [ 103.7789295, 1.4033573 ], [ 103.7788809, 1.4031292 ], [ 103.7792219, 1.403096 ], [ 103.7795034, 1.403099 ], [ 103.7798394, 1.4031026 ], [ 103.7804313, 1.4031237 ], [ 103.7806744, 1.4031453 ], [ 103.780804, 1.4030913 ], [ 103.7808269, 1.4023027 ], [ 103.7808198, 1.4009547 ], [ 103.7800707, 1.3993525 ], [ 103.7797339, 1.3991958 ], [ 103.7786158, 1.3992269 ], [ 103.7785183, 1.3994257 ], [ 103.7785928, 1.3996118 ], [ 103.7787011, 1.3999909 ], [ 103.7787562, 1.4022474 ], [ 103.7787827, 1.4024066 ], [ 103.7788461, 1.4025907 ], [ 103.7788703, 1.4029496 ], [ 103.7786003, 1.4029665 ], [ 103.778566, 1.4029686 ], [ 103.7782575, 1.4030426 ] ], [ [ 103.7867408, 1.3781397 ], [ 103.7867765, 1.3782036 ], [ 103.7868236, 1.3782582 ], [ 103.7868838, 1.3782883 ], [ 103.7869591, 1.378292 ], [ 103.7870437, 1.3782657 ], [ 103.7871341, 1.3782318 ], [ 103.7872037, 1.3781566 ], [ 103.7872564, 1.3780983 ], [ 103.7873185, 1.3780287 ], [ 103.787294, 1.377944 ], [ 103.7872507, 1.3778744 ], [ 103.7872056, 1.3778086 ], [ 103.787151, 1.3777484 ], [ 103.7870946, 1.3776713 ], [ 103.7870249, 1.3777221 ], [ 103.7867502, 1.3778819 ], [ 103.7867577, 1.3779685 ], [ 103.7867408, 1.3781397 ] ], [ [ 103.801002, 1.3756036 ], [ 103.8010242, 1.3758561 ], [ 103.8011899, 1.3760662 ], [ 103.8014263, 1.3762096 ], [ 103.8015354, 1.376248 ], [ 103.8020486, 1.3767348 ], [ 103.8025477, 1.3767994 ], [ 103.8028043, 1.3766661 ], [ 103.8028488, 1.3751289 ], [ 103.8029352, 1.374828 ], [ 103.8031211, 1.374624 ], [ 103.8033029, 1.3745755 ], [ 103.8039755, 1.3744299 ], [ 103.8045127, 1.3746242 ], [ 103.8049184, 1.3743956 ], [ 103.8049927, 1.37395 ], [ 103.8048213, 1.3734701 ], [ 103.8043641, 1.3733844 ], [ 103.8040665, 1.3734961 ], [ 103.8039116, 1.3737019 ], [ 103.8037669, 1.3737624 ], [ 103.8036848, 1.3737684 ], [ 103.8033963, 1.3739921 ], [ 103.8029458, 1.3737143 ], [ 103.802568, 1.3734699 ], [ 103.8021153, 1.3736241 ], [ 103.8018648, 1.3746118 ], [ 103.8013192, 1.3750441 ], [ 103.8011333, 1.3752339 ], [ 103.8010404, 1.3754198 ], [ 103.801002, 1.3756036 ] ], [ [ 103.8051507, 1.3950941 ], [ 103.8053398, 1.3952288 ], [ 103.8054843, 1.3952386 ], [ 103.8092979, 1.3984397 ], [ 103.809669, 1.3984939 ], [ 103.809776, 1.3984008 ], [ 103.8098552, 1.3981063 ], [ 103.8058192, 1.3947759 ], [ 103.8058734, 1.3946106 ], [ 103.8056344, 1.3944619 ], [ 103.8051507, 1.3950941 ] ], [ [ 103.806888, 1.3923083 ], [ 103.8069436, 1.3925362 ], [ 103.8071521, 1.3924737 ], [ 103.8071826, 1.3926348 ], [ 103.8070186, 1.3928669 ], [ 103.8071451, 1.3929822 ], [ 103.8070742, 1.3930892 ], [ 103.8071229, 1.3931267 ], [ 103.8071993, 1.3930642 ], [ 103.8073578, 1.3931461 ], [ 103.8111992, 1.3962751 ], [ 103.8115605, 1.395836 ], [ 103.8092593, 1.3940312 ], [ 103.8076635, 1.3926348 ], [ 103.8074856, 1.3925029 ], [ 103.8073564, 1.3921791 ], [ 103.8070353, 1.3922 ], [ 103.806888, 1.3923083 ] ], [ [ 103.8079508, 1.3778387 ], [ 103.8084625, 1.3778399 ], [ 103.8084633, 1.3774773 ], [ 103.8079516, 1.3774762 ], [ 103.8079508, 1.3778387 ] ], [ [ 103.8148213, 1.3885571 ], [ 103.8161112, 1.3910029 ], [ 103.8163507, 1.3912269 ], [ 103.8165551, 1.3912519 ], [ 103.8167171, 1.3913914 ], [ 103.8168293, 1.3915983 ], [ 103.8169666, 1.3915117 ], [ 103.8170513, 1.391422 ], [ 103.8171834, 1.3913597 ], [ 103.8171486, 1.3911579 ], [ 103.8170314, 1.3911055 ], [ 103.8168569, 1.3910084 ], [ 103.8169541, 1.3909411 ], [ 103.8168195, 1.3907691 ], [ 103.8169267, 1.3907193 ], [ 103.8168843, 1.3906694 ], [ 103.8168295, 1.3905149 ], [ 103.8166899, 1.3903106 ], [ 103.81666, 1.3901387 ], [ 103.8165129, 1.3899368 ], [ 103.8163259, 1.3893886 ], [ 103.816129, 1.3890521 ], [ 103.8160792, 1.3889425 ], [ 103.8160368, 1.3887282 ], [ 103.8157958, 1.3881058 ], [ 103.8155248, 1.3881159 ], [ 103.8148883, 1.3884098 ], [ 103.8148213, 1.3885571 ] ] ] } },
{ "type": "Feature", "properties": { "@id": "relation/2239772", "landuse": "forest", "type": "multipolygon", "label": "MultiPolygon 1", "habitat": "lowland-forest" }, "geometry": { "type": "Polygon", "coordinates": [ [ [ 103.7797885, 1.3654303 ], [ 103.7798032, 1.3653364 ], [ 103.779837447412675, 1.365325691914096 ], [ 103.779806186030797, 1.36544878539942 ], [ 103.7797885, 1.3654303 ] ] ] } },
{ "type": "Feature", "properties": { "@id": "relation/2239772", "landuse": "forest", "type": "multipolygon", "label": "MultiPolygon 1", "habitat": "lowland-forest" }, "geometry": { "type": "Polygon", "coordinates": [ [ [ 103.780300819239642, 1.364440089402035 ], [ 103.7805002, 1.3624126 ], [ 103.7805431, 1.3619836 ], [ 103.780629, 1.3616725 ], [ 103.7808328, 1.361147 ], [ 103.7811439, 1.3604498 ], [ 103.7814014, 1.3598921 ], [ 103.7817126, 1.3593558 ], [ 103.7821846, 1.3586586 ], [ 103.7827747, 1.3577791 ], [ 103.7831931, 1.3572857 ], [ 103.7833844, 1.3570625 ], [ 103.7834956, 1.3571775 ], [ 103.7836078, 1.357063 ], [ 103.7837967, 1.3568702 ], [ 103.783965, 1.3566959 ], [ 103.7840508, 1.356607 ], [ 103.7839809, 1.3564925 ], [ 103.7849205, 1.3557197 ], [ 103.7855347, 1.3552425 ], [ 103.7862374, 1.3547303 ], [ 103.7869348, 1.3542476 ], [ 103.7876251, 1.3538291 ], [ 103.7881397, 1.353483 ], [ 103.7882685, 1.3537066 ], [ 103.78772, 1.3539673 ], [ 103.7882171, 1.3548758 ], [ 103.7890189, 1.355355 ], [ 103.7894272, 1.3552176 ], [ 103.7892664, 1.3547025 ], [ 103.7891074, 1.3541883 ], [ 103.7892396, 1.353985 ], [ 103.7890511, 1.3535745 ], [ 103.7882693, 1.3533596 ], [ 103.7889027, 1.3529551 ], [ 103.7896577, 1.3523815 ], [ 103.7897113, 1.3524353 ], [ 103.7892377, 1.3531358 ], [ 103.7898343, 1.3530812 ], [ 103.7902634, 1.3531133 ], [ 103.7908535, 1.3533171 ], [ 103.7913035, 1.353433 ], [ 103.79139, 1.3528452 ], [ 103.7915402, 1.3515474 ], [ 103.7916797, 1.3509467 ], [ 103.7916153, 1.3504855 ], [ 103.7916046, 1.3502174 ], [ 103.7918191, 1.3500243 ], [ 103.7921839, 1.3498527 ], [ 103.7927525, 1.3498419 ], [ 103.7936001, 1.3497776 ], [ 103.7943833, 1.3497347 ], [ 103.7952202, 1.3495738 ], [ 103.7959175, 1.3494022 ], [ 103.7966471, 1.3490697 ], [ 103.7972587, 1.3486728 ], [ 103.7979989, 1.3482009 ], [ 103.7984281, 1.3478469 ], [ 103.7989645, 1.3473321 ], [ 103.7997585, 1.346474 ], [ 103.8009386, 1.3452191 ], [ 103.8017082, 1.3443448 ], [ 103.8019364, 1.3440714 ], [ 103.8026231, 1.3434064 ], [ 103.8030951, 1.3429452 ], [ 103.8034267, 1.3426021 ], [ 103.8036071, 1.3424155 ], [ 103.8038617, 1.342147 ], [ 103.8039283, 1.3420761 ], [ 103.8040245, 1.3421012 ], [ 103.8041384, 1.3420539 ], [ 103.8043676, 1.3422727 ], [ 103.8047581, 1.3418794 ], [ 103.8047877, 1.3419089 ], [ 103.8045599, 1.3421396 ], [ 103.8044357, 1.3423038 ], [ 103.8041916, 1.3426395 ], [ 103.8041132, 1.3426572 ], [ 103.8039993, 1.3426661 ], [ 103.803912, 1.3426336 ], [ 103.8038395, 1.3425966 ], [ 103.8037893, 1.3425286 ], [ 103.8037419, 1.3424591 ], [ 103.8036887, 1.3424458 ], [ 103.8036191, 1.3424901 ], [ 103.8035901, 1.3425071 ], [ 103.8035096, 1.342618 ], [ 103.8035347, 1.3426546 ], [ 103.8036027, 1.3426493 ], [ 103.8036541, 1.3426762 ], [ 103.8036853, 1.3427602 ], [ 103.8036822, 1.3428512 ], [ 103.8037407, 1.3430629 ], [ 103.8037988, 1.343188 ], [ 103.803855, 1.3434354 ], [ 103.8038894, 1.3436852 ], [ 103.8039123, 1.3438906 ], [ 103.8039949, 1.3442642 ], [ 103.8040567, 1.3445002 ], [ 103.80411, 1.3445284 ], [ 103.804143, 1.3445874 ], [ 103.8041205, 1.3446853 ], [ 103.804065, 1.3447815 ], [ 103.8039021, 1.3449883 ], [ 103.8038056, 1.3451956 ], [ 103.8037501, 1.3454015 ], [ 103.8036761, 1.3458066 ], [ 103.8036185, 1.3468658 ], [ 103.8036268, 1.3469408 ], [ 103.8037168, 1.3472288 ], [ 103.8037324, 1.3473413 ], [ 103.8037369, 1.3474457 ], [ 103.8037585, 1.3476184 ], [ 103.8037314, 1.3476362 ], [ 103.8037028, 1.3476267 ], [ 103.803633, 1.3475651 ], [ 103.8036, 1.3475568 ], [ 103.8035547, 1.3475815 ], [ 103.8035598, 1.347654 ], [ 103.8036061, 1.3477501 ], [ 103.8037563, 1.3478447 ], [ 103.8038056, 1.3478945 ], [ 103.803819, 1.3479593 ], [ 103.8037993, 1.3480492 ], [ 103.8039017, 1.348421 ], [ 103.8039301, 1.34848 ], [ 103.8039929, 1.348544 ], [ 103.8040566, 1.3486735 ], [ 103.8040629, 1.3487477 ], [ 103.8040509, 1.3488284 ], [ 103.8040812, 1.3488667 ], [ 103.8041163, 1.3488805 ], [ 103.8042071, 1.3489628 ], [ 103.8043849, 1.3489714 ], [ 103.8046219, 1.3490669 ], [ 103.8047989, 1.3491461 ], [ 103.8049365, 1.3491569 ], [ 103.8050566, 1.3492425 ], [ 103.8051568, 1.3492709 ], [ 103.8053265, 1.3493362 ], [ 103.8054377, 1.3493754 ], [ 103.8055382, 1.3493946 ], [ 103.8057087, 1.3493633 ], [ 103.8058149, 1.3493051 ], [ 103.8058568, 1.349349 ], [ 103.8058509, 1.349419 ], [ 103.8058149, 1.3494915 ], [ 103.8058338, 1.349554 ], [ 103.8059554, 1.3496442 ], [ 103.8062899, 1.3496838 ], [ 103.8071456, 1.3496235 ], [ 103.8075447, 1.3496546 ], [ 103.8076067, 1.3496729 ], [ 103.8076937, 1.3497615 ], [ 103.8078628, 1.3505556 ], [ 103.808961, 1.3500832 ], [ 103.8093021, 1.349807 ], [ 103.8096146, 1.3495674 ], [ 103.810026, 1.3496382 ], [ 103.8103173, 1.3496825 ], [ 103.8108993, 1.3505442 ], [ 103.8111843, 1.3504684 ], [ 103.8107834, 1.3496843 ], [ 103.8110446, 1.3493171 ], [ 103.8114342, 1.348906 ], [ 103.8119256, 1.3485494 ], [ 103.8122613, 1.3483128 ], [ 103.8124441, 1.3483158 ], [ 103.8127072, 1.3480725 ], [ 103.8127828, 1.3479038 ], [ 103.8129013, 1.3477933 ], [ 103.8131633, 1.3476626 ], [ 103.813472, 1.3475278 ], [ 103.8136908, 1.347423 ], [ 103.8139425, 1.3473001 ], [ 103.8142182, 1.3472013 ], [ 103.8142639, 1.3471605 ], [ 103.8143765, 1.3468813 ], [ 103.8144462, 1.3467526 ], [ 103.8146501, 1.3465542 ], [ 103.8148218, 1.3463933 ], [ 103.8150417, 1.3461842 ], [ 103.815208, 1.3460447 ], [ 103.815385, 1.3458892 ], [ 103.815546, 1.3457229 ], [ 103.8157122, 1.3457015 ], [ 103.8158517, 1.3457605 ], [ 103.8160073, 1.3459321 ], [ 103.8160931, 1.3459965 ], [ 103.8161897, 1.3462646 ], [ 103.8162487, 1.3464523 ], [ 103.8162755, 1.3467955 ], [ 103.8162755, 1.3469832 ], [ 103.8163131, 1.3471924 ], [ 103.8162541, 1.3474874 ], [ 103.816238, 1.3476697 ], [ 103.8161543, 1.3478994 ], [ 103.8161682, 1.3481095 ], [ 103.8162219, 1.3483508 ], [ 103.8162755, 1.3484151 ], [ 103.8163131, 1.3486082 ], [ 103.8163345, 1.348753 ], [ 103.8163178, 1.3488767 ], [ 103.8163323, 1.348971 ], [ 103.8164641, 1.3490375 ], [ 103.8165576, 1.3490422 ], [ 103.8165813, 1.3488388 ], [ 103.8166725, 1.3486672 ], [ 103.8166349, 1.3484741 ], [ 103.8166135, 1.3483186 ], [ 103.8166886, 1.3480719 ], [ 103.8167308, 1.3478328 ], [ 103.8168871, 1.3475732 ], [ 103.8169616, 1.3473247 ], [ 103.8171038, 1.3471799 ], [ 103.817203, 1.347086 ], [ 103.8173693, 1.3467776 ], [ 103.8174409, 1.3463306 ], [ 103.8174202, 1.3460773 ], [ 103.8174888, 1.3458234 ], [ 103.8177068, 1.3455883 ], [ 103.8179594, 1.3454208 ], [ 103.8180586, 1.3453377 ], [ 103.8183215, 1.3453162 ], [ 103.8185468, 1.3452894 ], [ 103.8188713, 1.3451473 ], [ 103.8190028, 1.3450695 ], [ 103.8191892, 1.3450426 ], [ 103.8194154, 1.3449409 ], [ 103.8195636, 1.3449089 ], [ 103.8197806, 1.3448792 ], [ 103.8199952, 1.3448872 ], [ 103.8202151, 1.3448953 ], [ 103.8203412, 1.3449033 ], [ 103.8204968, 1.3449542 ], [ 103.8206845, 1.3450159 ], [ 103.8208347, 1.3450722 ], [ 103.8209393, 1.3451017 ], [ 103.8210493, 1.3452573 ], [ 103.8211351, 1.3453833 ], [ 103.8211798, 1.345493 ], [ 103.8212554, 1.3456184 ], [ 103.8213256, 1.3458043 ], [ 103.821347, 1.3459705 ], [ 103.8213765, 1.3461555 ], [ 103.8214087, 1.3463406 ], [ 103.8214302, 1.3465068 ], [ 103.8214382, 1.346716 ], [ 103.8214382, 1.3469037 ], [ 103.8214436, 1.3470753 ], [ 103.8214463, 1.3472362 ], [ 103.8214516, 1.3474212 ], [ 103.8214543, 1.3475955 ], [ 103.8214078, 1.3478528 ], [ 103.8213494, 1.3481128 ], [ 103.8211702, 1.3485611 ], [ 103.821211, 1.3486804 ], [ 103.8214107, 1.3485289 ], [ 103.821465, 1.3482685 ], [ 103.821516, 1.3481881 ], [ 103.8215643, 1.3480165 ], [ 103.8216286, 1.3478449 ], [ 103.8216796, 1.3476947 ], [ 103.8217225, 1.3475687 ], [ 103.8217976, 1.3473568 ], [ 103.8218888, 1.3470753 ], [ 103.8219505, 1.3469144 ], [ 103.8220042, 1.3467589 ], [ 103.8220685, 1.3465604 ], [ 103.8222053, 1.3464612 ], [ 103.8223475, 1.346362 ], [ 103.8225379, 1.346244 ], [ 103.8227096, 1.3463459 ], [ 103.8228598, 1.3464451 ], [ 103.8229993, 1.3465309 ], [ 103.8231468, 1.3466275 ], [ 103.8233506, 1.3466087 ], [ 103.8234257, 1.3465068 ], [ 103.8235169, 1.3463861 ], [ 103.8235893, 1.3462735 ], [ 103.8236752, 1.3461502 ], [ 103.8237878, 1.3460697 ], [ 103.8239549, 1.346009 ], [ 103.8241367, 1.3459553 ], [ 103.8243242, 1.3459184 ], [ 103.8245201, 1.3459223 ], [ 103.8246703, 1.3458901 ], [ 103.8248203, 1.3458824 ], [ 103.8250217, 1.3459198 ], [ 103.8252347, 1.3458874 ], [ 103.8254946, 1.3459823 ], [ 103.8256117, 1.3460805 ], [ 103.8257458, 1.3462172 ], [ 103.8258585, 1.3463272 ], [ 103.8259358, 1.3464657 ], [ 103.8260084, 1.346647 ], [ 103.826079, 1.3468102 ], [ 103.8261711, 1.3470199 ], [ 103.826257, 1.3471613 ], [ 103.8263567, 1.3472022 ], [ 103.8265008, 1.347218 ], [ 103.8265151, 1.3471301 ], [ 103.8264888, 1.3469734 ], [ 103.8264271, 1.3468688 ], [ 103.8263735, 1.3467803 ], [ 103.8263359, 1.3467294 ], [ 103.8263949, 1.3465873 ], [ 103.8264161, 1.346441 ], [ 103.8265076, 1.3463218 ], [ 103.8265907, 1.3461207 ], [ 103.8266149, 1.3461046 ], [ 103.8267252, 1.3460585 ], [ 103.8268724, 1.34605 ], [ 103.8270097, 1.3460364 ], [ 103.8270896, 1.3459786 ], [ 103.8271996, 1.3458204 ], [ 103.8273096, 1.3456487 ], [ 103.8274115, 1.3454986 ], [ 103.8275563, 1.3454181 ], [ 103.8277146, 1.3453484 ], [ 103.8278755, 1.3452733 ], [ 103.8280445, 1.3451929 ], [ 103.8281903, 1.3451547 ], [ 103.828361, 1.3451232 ], [ 103.8285702, 1.3451205 ], [ 103.8287177, 1.3451232 ], [ 103.8287948, 1.3451527 ], [ 103.828984, 1.34522 ], [ 103.8290936, 1.3452716 ], [ 103.8291908, 1.3452669 ], [ 103.8293373, 1.3452787 ], [ 103.8294794, 1.3453875 ], [ 103.8295728, 1.3455863 ], [ 103.8296284, 1.3457558 ], [ 103.8296506, 1.3459378 ], [ 103.8296421, 1.3460798 ], [ 103.8296117, 1.3462279 ], [ 103.8296262, 1.3464627 ], [ 103.8295972, 1.3467163 ], [ 103.8295707, 1.3469466 ], [ 103.8295277, 1.3471209 ], [ 103.8294822, 1.3473247 ], [ 103.8294366, 1.3475097 ], [ 103.8293936, 1.3476652 ], [ 103.8292971, 1.3478985 ], [ 103.8291737, 1.3482042 ], [ 103.8290687, 1.3483684 ], [ 103.8290096, 1.3484722 ], [ 103.8288507, 1.3486367 ], [ 103.8287007, 1.348731 ], [ 103.8283534, 1.3488721 ], [ 103.8281568, 1.3490032 ], [ 103.8281088, 1.3490008 ], [ 103.8279314, 1.3488912 ], [ 103.8278994, 1.3488403 ], [ 103.8278364, 1.3488554 ], [ 103.8277789, 1.3489016 ], [ 103.8274597, 1.3488067 ], [ 103.8272058, 1.3487268 ], [ 103.8269466, 1.3486949 ], [ 103.8266935, 1.3487647 ], [ 103.8265029, 1.3488185 ], [ 103.8261247, 1.3488185 ], [ 103.8261073, 1.3488403 ], [ 103.8262644, 1.3488999 ], [ 103.8264011, 1.3489843 ], [ 103.826548, 1.348945 ], [ 103.8267262, 1.3489051 ], [ 103.8271191, 1.3490113 ], [ 103.8274246, 1.3491352 ], [ 103.8276491, 1.3492262 ], [ 103.8277129, 1.3492847 ], [ 103.8278191, 1.3495579 ], [ 103.8278057, 1.3496776 ], [ 103.8277353, 1.3498135 ], [ 103.8274406, 1.3501837 ], [ 103.8272863, 1.350486 ], [ 103.8271366, 1.3507596 ], [ 103.8271494, 1.3508468 ], [ 103.8276472, 1.3503756 ], [ 103.8278639, 1.3502348 ], [ 103.8280443, 1.3501459 ], [ 103.828141, 1.3500276 ], [ 103.828376, 1.3499961 ], [ 103.8285815, 1.3500624 ], [ 103.8286451, 1.3501473 ], [ 103.8287042, 1.3504523 ], [ 103.828714, 1.3508277 ], [ 103.8287382, 1.3509632 ], [ 103.8287338, 1.3511202 ], [ 103.828776, 1.3511522 ], [ 103.8288361, 1.3511432 ], [ 103.8289389, 1.3508395 ], [ 103.8290429, 1.3506184 ], [ 103.8292284, 1.3504396 ], [ 103.8293319, 1.3503896 ], [ 103.8293942, 1.3503931 ], [ 103.8295862, 1.3504745 ], [ 103.8298248, 1.3506301 ], [ 103.8299084, 1.3507452 ], [ 103.8299484, 1.3509152 ], [ 103.830011, 1.351094 ], [ 103.8300473, 1.3512089 ], [ 103.8300666, 1.3512289 ], [ 103.8301619, 1.3511419 ], [ 103.8302488, 1.3508339 ], [ 103.8303077, 1.3506243 ], [ 103.8304293, 1.3505156 ], [ 103.8305521, 1.3504353 ], [ 103.8308067, 1.3503878 ], [ 103.8308881, 1.3502855 ], [ 103.8309381, 1.3502287 ], [ 103.830923, 1.3501793 ], [ 103.8308081, 1.3502055 ], [ 103.8306615, 1.3502486 ], [ 103.8303193, 1.3502157 ], [ 103.8300954, 1.3502008 ], [ 103.8298946, 1.3500514 ], [ 103.8297268, 1.34989 ], [ 103.8295864, 1.3495815 ], [ 103.8295609, 1.3494716 ], [ 103.829585, 1.3492638 ], [ 103.8296413, 1.3489072 ], [ 103.8298523, 1.3484804 ], [ 103.8301327, 1.3479965 ], [ 103.8303482, 1.3477915 ], [ 103.8304891, 1.3477371 ], [ 103.8306124, 1.3477479 ], [ 103.8307197, 1.3477908 ], [ 103.830815, 1.3478591 ], [ 103.8308954, 1.3479154 ], [ 103.8309491, 1.3479664 ], [ 103.8310108, 1.3480254 ], [ 103.8310832, 1.3480683 ], [ 103.8310885, 1.3480361 ], [ 103.8310644, 1.3479744 ], [ 103.8309513, 1.3478255 ], [ 103.8308763, 1.3476847 ], [ 103.8307286, 1.3475638 ], [ 103.8306004, 1.3474408 ], [ 103.8305534, 1.3473188 ], [ 103.8305011, 1.3471488 ], [ 103.8304716, 1.3469416 ], [ 103.8304882, 1.3466605 ], [ 103.8305817, 1.3462572 ], [ 103.830611, 1.3460951 ], [ 103.8306945, 1.3459142 ], [ 103.8308321, 1.3456443 ], [ 103.8309572, 1.3455091 ], [ 103.8310341, 1.345396 ], [ 103.8311412, 1.3453484 ], [ 103.8312482, 1.345336 ], [ 103.8313566, 1.3453667 ], [ 103.831467, 1.3453886 ], [ 103.8316923, 1.3455174 ], [ 103.8319176, 1.3456541 ], [ 103.8319493, 1.3456472 ], [ 103.8320623, 1.3455069 ], [ 103.8321485, 1.3453884 ], [ 103.8322285, 1.3453047 ], [ 103.8323557, 1.3452071 ], [ 103.8325049, 1.3451273 ], [ 103.8326565, 1.34511 ], [ 103.8328922, 1.3451142 ], [ 103.8330233, 1.3451885 ], [ 103.8330853, 1.3452117 ], [ 103.8331474, 1.3453219 ], [ 103.8332133, 1.3454684 ], [ 103.8333079, 1.3456494 ], [ 103.8334301, 1.3458511 ], [ 103.8335156, 1.3461738 ], [ 103.8335186, 1.3469248 ], [ 103.8334039, 1.3471691 ], [ 103.8333095, 1.3474193 ], [ 103.8332601, 1.347484 ], [ 103.8331923, 1.347529 ], [ 103.8331135, 1.3475494 ], [ 103.8330447, 1.3475936 ], [ 103.8329931, 1.347657 ], [ 103.8329638, 1.3477332 ], [ 103.8329088, 1.3479021 ], [ 103.8327527, 1.3481544 ], [ 103.8326628, 1.3483638 ], [ 103.8326312, 1.348482 ], [ 103.8325665, 1.3486275 ], [ 103.8325984, 1.3486673 ], [ 103.8326203, 1.348666 ], [ 103.8327553, 1.348564 ], [ 103.8328698, 1.3483645 ], [ 103.8329979, 1.3480433 ], [ 103.8331133, 1.3478623 ], [ 103.8332981, 1.347686 ], [ 103.8334225, 1.3475138 ], [ 103.8336451, 1.3471821 ], [ 103.8337907, 1.3468907 ], [ 103.8339999, 1.3463584 ], [ 103.8341287, 1.3461104 ], [ 103.8342705, 1.3459104 ], [ 103.8343239, 1.3458792 ], [ 103.8344049, 1.3458328 ], [ 103.8345672, 1.345806 ], [ 103.8348649, 1.3458074 ], [ 103.8350554, 1.3458597 ], [ 103.8351914, 1.3458518 ], [ 103.8353226, 1.3458083 ], [ 103.8354943, 1.3457225 ], [ 103.835755, 1.3456271 ], [ 103.8359261, 1.3456072 ], [ 103.8362342, 1.3456198 ], [ 103.8363271, 1.3456228 ], [ 103.8364375, 1.3456578 ], [ 103.8364829, 1.34571 ], [ 103.8365522, 1.3457081 ], [ 103.836708, 1.3456783 ], [ 103.836787, 1.3457024 ], [ 103.8368724, 1.3457317 ], [ 103.836862, 1.3457841 ], [ 103.8368004, 1.3457883 ], [ 103.8367936, 1.3458275 ], [ 103.8368281, 1.3458731 ], [ 103.8367808, 1.3463564 ], [ 103.8357817, 1.3462901 ], [ 103.8357193, 1.3462819 ], [ 103.8353844, 1.3467444 ], [ 103.8355426, 1.3468162 ], [ 103.8355912, 1.3468624 ], [ 103.8356354, 1.3472086 ], [ 103.8357304, 1.3472136 ], [ 103.8358077, 1.3473197 ], [ 103.8358437, 1.3474284 ], [ 103.8359179, 1.3475687 ], [ 103.835933, 1.3476423 ], [ 103.8359126, 1.3477148 ], [ 103.835833, 1.3477466 ], [ 103.8357976, 1.3477228 ], [ 103.8357605, 1.3476865 ], [ 103.8356716, 1.34764 ], [ 103.8355091, 1.347553 ], [ 103.8354349, 1.3476387 ], [ 103.8353234, 1.3476811 ], [ 103.8352092, 1.3477837 ], [ 103.8352014, 1.3478406 ], [ 103.8352329, 1.3479001 ], [ 103.8352405, 1.3479246 ], [ 103.8353146, 1.3478733 ], [ 103.8353421, 1.3478085 ], [ 103.8353876, 1.3477904 ], [ 103.8354308, 1.347819 ], [ 103.8354968, 1.3478873 ], [ 103.8355038, 1.3479462 ], [ 103.8354574, 1.3479696 ], [ 103.8350855, 1.3480667 ], [ 103.8348834, 1.3481537 ], [ 103.8349164, 1.3482986 ], [ 103.8350075, 1.3482809 ], [ 103.8349774, 1.3483481 ], [ 103.8349686, 1.3484481 ], [ 103.8347836, 1.3485029 ], [ 103.8346915, 1.3484944 ], [ 103.8345251, 1.3485358 ], [ 103.8343935, 1.3486689 ], [ 103.8344016, 1.3487542 ], [ 103.8342962, 1.3488438 ], [ 103.8342259, 1.3488588 ], [ 103.8341973, 1.3489147 ], [ 103.8342066, 1.349137 ], [ 103.8340207, 1.3492784 ], [ 103.83387, 1.3494199 ], [ 103.8338284, 1.3495219 ], [ 103.8337122, 1.349483 ], [ 103.8336789, 1.3494201 ], [ 103.8335299, 1.3494457 ], [ 103.8333122, 1.3494092 ], [ 103.8332454, 1.3493731 ], [ 103.8331432, 1.3495919 ], [ 103.8328772, 1.3496469 ], [ 103.8323439, 1.3497572 ], [ 103.832269, 1.3498211 ], [ 103.8321003, 1.3499541 ], [ 103.8320186, 1.3500579 ], [ 103.8320305, 1.3507693 ], [ 103.8308396, 1.3520429 ], [ 103.8298472, 1.3530432 ], [ 103.8295422, 1.3533529 ], [ 103.829452, 1.3532061 ], [ 103.82658, 1.354114 ], [ 103.823782137106548, 1.352525584703347 ], [ 103.818683591632279, 1.354309224985501 ], [ 103.818299929922901, 1.355387625465901 ], [ 103.8183381, 1.35707 ], [ 103.8181605, 1.3570373 ], [ 103.8180172, 1.356972 ], [ 103.8178404, 1.3569392 ], [ 103.8175361, 1.3569702 ], [ 103.8172676, 1.357062 ], [ 103.8170032, 1.3571942 ], [ 103.8168379, 1.3572908 ], [ 103.8167057, 1.3571828 ], [ 103.8166434, 1.3572519 ], [ 103.8167505, 1.3573405 ], [ 103.8165344, 1.3575415 ], [ 103.8163131, 1.3579012 ], [ 103.8161425, 1.3581221 ], [ 103.8159667, 1.3583023 ], [ 103.8158077, 1.3584794 ], [ 103.8155469, 1.3587943 ], [ 103.815344, 1.3590587 ], [ 103.8151989, 1.3593557 ], [ 103.8150296, 1.3597137 ], [ 103.8148691, 1.3600553 ], [ 103.8146648, 1.3604158 ], [ 103.8145779, 1.3605414 ], [ 103.8144236, 1.3606927 ], [ 103.8140406, 1.3608535 ], [ 103.8139167, 1.3609594 ], [ 103.8138228, 1.3610823 ], [ 103.8134459, 1.3616124 ], [ 103.8133176, 1.3618522 ], [ 103.8131863, 1.3621068 ], [ 103.8130671, 1.3622657 ], [ 103.8127466, 1.3626008 ], [ 103.8126853, 1.3626965 ], [ 103.8126373, 1.3628017 ], [ 103.8124652, 1.3633247 ], [ 103.8122835, 1.3639694 ], [ 103.8122292, 1.3643656 ], [ 103.8121731, 1.3646001 ], [ 103.8121206, 1.3645975 ], [ 103.8120832, 1.3645345 ], [ 103.8119777, 1.3645508 ], [ 103.8119293, 1.3646344 ], [ 103.8118786, 1.3648136 ], [ 103.8118684, 1.3649934 ], [ 103.8118183, 1.3650637 ], [ 103.8117719, 1.365082 ], [ 103.8116939, 1.3650562 ], [ 103.81185, 1.3645052 ], [ 103.812098, 1.3642113 ], [ 103.8122182, 1.3635695 ], [ 103.8123719, 1.3630532 ], [ 103.8123677, 1.3629125 ], [ 103.8123882, 1.3626207 ], [ 103.8122712, 1.3623983 ], [ 103.8121975, 1.3623349 ], [ 103.8121351, 1.3623454 ], [ 103.8120258, 1.3627798 ], [ 103.8119472, 1.3629606 ], [ 103.811346, 1.3640172 ], [ 103.8105677, 1.365058 ], [ 103.8100646, 1.3659081 ], [ 103.8094921, 1.3663505 ], [ 103.8091972, 1.3664025 ], [ 103.8089023, 1.3660382 ], [ 103.8087701, 1.3657252 ], [ 103.8089007, 1.3652161 ], [ 103.8093758, 1.3648792 ], [ 103.8088562, 1.363861 ], [ 103.8082075, 1.3640516 ], [ 103.8078901, 1.363621 ], [ 103.8074846, 1.3635184 ], [ 103.8071817, 1.3635575 ], [ 103.8069003, 1.3637322 ], [ 103.8067714, 1.3636055 ], [ 103.8066475, 1.3634169 ], [ 103.8067823, 1.3627782 ], [ 103.8063767, 1.3626081 ], [ 103.8058783, 1.3629553 ], [ 103.8056188, 1.3630033 ], [ 103.8053003, 1.3627646 ], [ 103.8047887, 1.3628769 ], [ 103.8047105, 1.363148 ], [ 103.8048166, 1.3634366 ], [ 103.804575, 1.363841 ], [ 103.8041252, 1.3638731 ], [ 103.8037608, 1.3635212 ], [ 103.8036952, 1.3630713 ], [ 103.8041357, 1.3626119 ], [ 103.8040608, 1.362237 ], [ 103.8036858, 1.3614683 ], [ 103.8036764, 1.3610934 ], [ 103.8038264, 1.3608778 ], [ 103.8039108, 1.3606153 ], [ 103.8037119, 1.3604092 ], [ 103.8034621, 1.3604647 ], [ 103.8030642, 1.3613066 ], [ 103.8028145, 1.3615934 ], [ 103.8025832, 1.361797 ], [ 103.8023149, 1.3616582 ], [ 103.8020281, 1.3613159 ], [ 103.8021113, 1.360696 ], [ 103.8014174, 1.360733 ], [ 103.8011862, 1.3608903 ], [ 103.8012787, 1.3614362 ], [ 103.8017968, 1.3623151 ], [ 103.8022686, 1.3629349 ], [ 103.8027127, 1.3638971 ], [ 103.8031753, 1.3649611 ], [ 103.8033696, 1.365803 ], [ 103.8030642, 1.366173 ], [ 103.8027774, 1.3661915 ], [ 103.8023519, 1.3657752 ], [ 103.8020836, 1.3653589 ], [ 103.8017042, 1.364739 ], [ 103.801658, 1.3643227 ], [ 103.8019107, 1.3636006 ], [ 103.8019056, 1.3633967 ], [ 103.8017661, 1.3633244 ], [ 103.8012781, 1.363611 ], [ 103.8008353, 1.3638214 ], [ 103.8005204, 1.363815 ], [ 103.8000003, 1.3634123 ], [ 103.7997402, 1.3629929 ], [ 103.7996563, 1.3625399 ], [ 103.800059, 1.3618017 ], [ 103.8006126, 1.3613655 ], [ 103.8007301, 1.361097 ], [ 103.8001009, 1.3609125 ], [ 103.7996731, 1.3610551 ], [ 103.7989685, 1.3617346 ], [ 103.7986748, 1.3617597 ], [ 103.79844, 1.3614997 ], [ 103.798398, 1.3612312 ], [ 103.7984903, 1.3610718 ], [ 103.798549, 1.3608537 ], [ 103.7990356, 1.3599645 ], [ 103.799002, 1.3597213 ], [ 103.7987336, 1.3595871 ], [ 103.7984819, 1.3596542 ], [ 103.7980625, 1.3601826 ], [ 103.7975508, 1.3607531 ], [ 103.7972991, 1.3608705 ], [ 103.7968881, 1.3606356 ], [ 103.796628, 1.3603085 ], [ 103.7966616, 1.3598387 ], [ 103.7968461, 1.3593941 ], [ 103.7971817, 1.3590921 ], [ 103.7972823, 1.3588908 ], [ 103.7968126, 1.3585133 ], [ 103.796519, 1.3581442 ], [ 103.7963512, 1.3581777 ], [ 103.796175, 1.3591089 ], [ 103.7959066, 1.3593438 ], [ 103.7956717, 1.3594277 ], [ 103.7952271, 1.3590502 ], [ 103.7948412, 1.3585049 ], [ 103.7948999, 1.357255 ], [ 103.7952103, 1.3566678 ], [ 103.7947573, 1.3569614 ], [ 103.7939982, 1.3577772 ], [ 103.793604, 1.3579244 ], [ 103.7934394, 1.3573894 ], [ 103.793261, 1.356731 ], [ 103.7929455, 1.3568476 ], [ 103.7927878, 1.3570876 ], [ 103.792438, 1.357314 ], [ 103.7920745, 1.3572385 ], [ 103.791903, 1.3569436 ], [ 103.7917493, 1.357359 ], [ 103.7911872, 1.3578823 ], [ 103.7903926, 1.3577854 ], [ 103.7888712, 1.3570973 ], [ 103.7888615, 1.3578047 ], [ 103.7893848, 1.3583086 ], [ 103.7898984, 1.3583474 ], [ 103.7901697, 1.358454 ], [ 103.7911581, 1.359016 ], [ 103.7919915, 1.3594812 ], [ 103.7925633, 1.3594715 ], [ 103.793542, 1.3598979 ], [ 103.7935904, 1.3601304 ], [ 103.7934742, 1.3603727 ], [ 103.7929218, 1.3605181 ], [ 103.7926311, 1.3604115 ], [ 103.7923888, 1.3605762 ], [ 103.7925342, 1.3610607 ], [ 103.7935129, 1.3612352 ], [ 103.7937649, 1.3610898 ], [ 103.7941719, 1.3612933 ], [ 103.7941622, 1.3616325 ], [ 103.7938618, 1.3621751 ], [ 103.7929993, 1.3625627 ], [ 103.7923888, 1.3624658 ], [ 103.7915942, 1.3620782 ], [ 103.7912066, 1.3620395 ], [ 103.7908965, 1.3618844 ], [ 103.7902666, 1.3612545 ], [ 103.7899953, 1.3606053 ], [ 103.7897724, 1.3607409 ], [ 103.7895205, 1.3607216 ], [ 103.7889584, 1.3603049 ], [ 103.7894042, 1.3611189 ], [ 103.7899759, 1.3615162 ], [ 103.7902279, 1.3618844 ], [ 103.7909837, 1.3623108 ], [ 103.7916427, 1.3629116 ], [ 103.7916136, 1.3634252 ], [ 103.7920981, 1.3632217 ], [ 103.7924276, 1.3632508 ], [ 103.7928443, 1.3634252 ], [ 103.7929896, 1.3638225 ], [ 103.793009, 1.3641132 ], [ 103.7932804, 1.3646268 ], [ 103.7935226, 1.3648206 ], [ 103.7933482, 1.3642101 ], [ 103.7935517, 1.3634833 ], [ 103.7944529, 1.3629891 ], [ 103.7952475, 1.3622333 ], [ 103.7958968, 1.3621751 ], [ 103.7964588, 1.3624562 ], [ 103.7967205, 1.3626887 ], [ 103.7968077, 1.3630667 ], [ 103.7958968, 1.3634833 ], [ 103.7954316, 1.3637353 ], [ 103.7952184, 1.3647819 ], [ 103.7956739, 1.3642683 ], [ 103.7963522, 1.3639291 ], [ 103.7971856, 1.3639291 ], [ 103.7978445, 1.3641326 ], [ 103.7983, 1.3643942 ], [ 103.798707, 1.3648012 ], [ 103.7991818, 1.3655377 ], [ 103.7995404, 1.3662064 ], [ 103.7997051, 1.3668556 ], [ 103.7996664, 1.3672335 ], [ 103.7991818, 1.3676212 ], [ 103.7986004, 1.3676793 ], [ 103.7983291, 1.3674952 ], [ 103.7978833, 1.367282 ], [ 103.7973406, 1.3673304 ], [ 103.796798, 1.3670397 ], [ 103.7964685, 1.3665358 ], [ 103.796391, 1.3661288 ], [ 103.7964879, 1.365935 ], [ 103.7964007, 1.36578 ], [ 103.7952281, 1.3667878 ], [ 103.7952669, 1.3669428 ], [ 103.7956933, 1.3672239 ], [ 103.7959452, 1.3676115 ], [ 103.7959438, 1.3680639 ], [ 103.7956995, 1.3685162 ], [ 103.7951128, 1.3688411 ], [ 103.7942103, 1.3688863 ], [ 103.7939576, 1.3685343 ], [ 103.7939034, 1.3682004 ], [ 103.793759, 1.3676859 ], [ 103.7934702, 1.3669639 ], [ 103.7935244, 1.3667473 ], [ 103.79338, 1.3666841 ], [ 103.7933529, 1.3671805 ], [ 103.793389, 1.3677852 ], [ 103.7932626, 1.3683538 ], [ 103.7929197, 1.369157 ], [ 103.7926579, 1.3693375 ], [ 103.7921616, 1.3694368 ], [ 103.7916652, 1.36913 ], [ 103.7914305, 1.3686426 ], [ 103.7915027, 1.3677401 ], [ 103.7914125, 1.3673069 ], [ 103.7909431, 1.3671715 ], [ 103.7907807, 1.3668736 ], [ 103.790907, 1.3665217 ], [ 103.7914486, 1.3654025 ], [ 103.7915388, 1.3649783 ], [ 103.79088, 1.3657545 ], [ 103.7903926, 1.3659711 ], [ 103.7900677, 1.3658087 ], [ 103.7897157, 1.3651769 ], [ 103.7897157, 1.364518 ], [ 103.7902121, 1.363778 ], [ 103.7904558, 1.3633087 ], [ 103.7899323, 1.3635253 ], [ 103.7895352, 1.363426 ], [ 103.7890659, 1.3627762 ], [ 103.7885785, 1.3623881 ], [ 103.7888132, 1.3630018 ], [ 103.7890478, 1.3635884 ], [ 103.7889897, 1.3642532 ], [ 103.7886726, 1.3644838 ], [ 103.7883843, 1.3644646 ], [ 103.7873851, 1.3642244 ], [ 103.7868274, 1.3636927 ], [ 103.7867285, 1.3631893 ], [ 103.7868129, 1.3628693 ], [ 103.7866078, 1.3627139 ], [ 103.7864, 1.3623089 ], [ 103.7863376, 1.3618685 ], [ 103.7866679, 1.3609876 ], [ 103.7861137, 1.3610463 ], [ 103.7860953, 1.3612965 ], [ 103.7859591, 1.3618628 ], [ 103.7859519, 1.3623288 ], [ 103.786081, 1.3626729 ], [ 103.7861383, 1.3632392 ], [ 103.7860595, 1.3636192 ], [ 103.7859089, 1.3639776 ], [ 103.7856437, 1.3641568 ], [ 103.7852996, 1.364121 ], [ 103.7849124, 1.3638486 ], [ 103.7845397, 1.363741 ], [ 103.7840665, 1.3632751 ], [ 103.7839662, 1.3627804 ], [ 103.7841382, 1.3620994 ], [ 103.7843963, 1.3619345 ], [ 103.7839865, 1.361813 ], [ 103.7838038, 1.3613916 ], [ 103.7838056, 1.3613043 ], [ 103.7837201, 1.3610835 ], [ 103.7835334, 1.3609201 ], [ 103.7833791, 1.3606531 ], [ 103.7833891, 1.3602548 ], [ 103.7836161, 1.3598622 ], [ 103.783884, 1.3596036 ], [ 103.7838672, 1.3595338 ], [ 103.783745, 1.3593614 ], [ 103.7836738, 1.359226 ], [ 103.783713, 1.358982 ], [ 103.7836791, 1.3589624 ], [ 103.7836084, 1.3590368 ], [ 103.7833592, 1.359299 ], [ 103.7831899, 1.3596524 ], [ 103.7828365, 1.3600647 ], [ 103.7825707, 1.3600524 ], [ 103.7824331, 1.3599801 ], [ 103.7824174, 1.3599002 ], [ 103.7822932, 1.3597799 ], [ 103.7822183, 1.3598161 ], [ 103.7822045, 1.3598125 ], [ 103.7821787, 1.3597609 ], [ 103.7821489, 1.3597598 ], [ 103.7821337, 1.3597742 ], [ 103.7821208, 1.3598539 ], [ 103.7820956, 1.3598841 ], [ 103.7818559, 1.3600247 ], [ 103.7818354, 1.3602416 ], [ 103.781859, 1.3605462 ], [ 103.7817596, 1.3606074 ], [ 103.7817746, 1.3606187 ], [ 103.7817853, 1.3606268 ], [ 103.7818624, 1.3606386 ], [ 103.7819403, 1.3606338 ], [ 103.7819992, 1.3606762 ], [ 103.7827494, 1.3610392 ], [ 103.7830748, 1.3612033 ], [ 103.7832253, 1.3613536 ], [ 103.7833483, 1.3616298 ], [ 103.7834295, 1.3621065 ], [ 103.7833155, 1.3624691 ], [ 103.7832739, 1.362902 ], [ 103.7830889, 1.3631912 ], [ 103.7828707, 1.3634231 ], [ 103.7826037, 1.3634552 ], [ 103.7823497, 1.3635084 ], [ 103.7818836, 1.3634858 ], [ 103.7815638, 1.3635581 ], [ 103.7813191, 1.3635303 ], [ 103.7811753, 1.3636486 ], [ 103.7811122, 1.3637635 ], [ 103.781162, 1.3638214 ], [ 103.7812591, 1.3637647 ], [ 103.7814229, 1.363714 ], [ 103.7816958, 1.3636867 ], [ 103.7819064, 1.3636984 ], [ 103.7822311, 1.3636915 ], [ 103.7825811, 1.363675 ], [ 103.7829438, 1.3636867 ], [ 103.7833072, 1.3638055 ], [ 103.7835249, 1.3639635 ], [ 103.7837042, 1.3641525 ], [ 103.7838252, 1.3643534 ], [ 103.7838653, 1.3645692 ], [ 103.783794, 1.3648563 ], [ 103.7837042, 1.3651186 ], [ 103.7834078, 1.3655826 ], [ 103.7832298, 1.3656716 ], [ 103.7831273, 1.3658253 ], [ 103.7831441, 1.3659137 ], [ 103.7832096, 1.3658306 ], [ 103.7832902, 1.3657399 ], [ 103.7834914, 1.3656446 ], [ 103.7835507, 1.3656473 ], [ 103.7836848, 1.3656283 ], [ 103.7838213, 1.3655113 ], [ 103.7839929, 1.3654138 ], [ 103.7844431, 1.3651849 ], [ 103.7850188, 1.3650819 ], [ 103.7858432, 1.3654138 ], [ 103.7871601, 1.3658848 ], [ 103.7877349, 1.3659277 ], [ 103.7884448, 1.3663024 ], [ 103.7891524, 1.3674529 ], [ 103.7893045, 1.367796 ], [ 103.7895261, 1.3685614 ], [ 103.7895034, 1.3689539 ], [ 103.7894566, 1.3694452 ], [ 103.7891914, 1.3697571 ], [ 103.7889925, 1.3699091 ], [ 103.7887936, 1.3700222 ], [ 103.7884543, 1.3701313 ], [ 103.7878346, 1.3702315 ], [ 103.7874637, 1.370182 ], [ 103.7871985, 1.3701157 ], [ 103.7869957, 1.3699793 ], [ 103.7867462, 1.3697142 ], [ 103.7864749, 1.3694393 ], [ 103.7864225, 1.3691021 ], [ 103.7863991, 1.3689305 ], [ 103.7863484, 1.3688331 ], [ 103.7863952, 1.3686849 ], [ 103.7863328, 1.368564 ], [ 103.7864321, 1.3684543 ], [ 103.7863908, 1.3682963 ], [ 103.7864108, 1.3681859 ], [ 103.7864537, 1.3680572 ], [ 103.7863991, 1.3679597 ], [ 103.7862548, 1.3678077 ], [ 103.7861378, 1.3677414 ], [ 103.7862665, 1.3680416 ], [ 103.7861965, 1.3684329 ], [ 103.7860252, 1.3690325 ], [ 103.7860788, 1.3695249 ], [ 103.7862179, 1.3704243 ], [ 103.786053, 1.3707891 ], [ 103.7856561, 1.3709924 ], [ 103.785476, 1.3708449 ], [ 103.7853273, 1.3711465 ], [ 103.784779, 1.3711523 ], [ 103.7842694, 1.3714647 ], [ 103.7835975, 1.3711925 ], [ 103.7833521, 1.3712716 ], [ 103.7827781, 1.3709646 ], [ 103.78269815450399, 1.370977139689404 ], [ 103.782103, 1.36891 ], [ 103.781363, 1.365713 ], [ 103.780300819239642, 1.364440089402035 ] ], [ [ 103.7852572, 1.3563374 ], [ 103.7856258, 1.3567602 ], [ 103.7859511, 1.3564892 ], [ 103.7867425, 1.3561748 ], [ 103.7872086, 1.3563916 ], [ 103.7876599, 1.3568639 ], [ 103.7877917, 1.3573156 ], [ 103.7874341, 1.3577108 ], [ 103.7875658, 1.3578175 ], [ 103.7878185, 1.3574894 ], [ 103.7882894, 1.3574617 ], [ 103.7885572, 1.3576119 ], [ 103.7885627, 1.356922 ], [ 103.7882533, 1.356736 ], [ 103.7880579, 1.3565895 ], [ 103.7877782, 1.3561721 ], [ 103.7877693, 1.3558124 ], [ 103.7879691, 1.3554838 ], [ 103.7883643, 1.3551508 ], [ 103.7882178, 1.3550664 ], [ 103.7876139, 1.3552129 ], [ 103.7871327, 1.3556327 ], [ 103.7863413, 1.3560447 ], [ 103.7852572, 1.3563374 ] ], [ [ 103.8046348, 1.3555664 ], [ 103.8047129, 1.3556516 ], [ 103.8047273, 1.3557457 ], [ 103.8047129, 1.3558318 ], [ 103.8047049, 1.3559131 ], [ 103.804732, 1.3559354 ], [ 103.8047958, 1.355894 ], [ 103.8048229, 1.3558222 ], [ 103.8048628, 1.3557601 ], [ 103.8049696, 1.3556405 ], [ 103.805043, 1.3555145 ], [ 103.8050621, 1.3554253 ], [ 103.8050159, 1.3553487 ], [ 103.8050111, 1.3552595 ], [ 103.8050318, 1.3551861 ], [ 103.8050143, 1.3551798 ], [ 103.8049728, 1.3552372 ], [ 103.8049234, 1.3553169 ], [ 103.8048532, 1.3553599 ], [ 103.8047719, 1.3553758 ], [ 103.8047113, 1.3553615 ], [ 103.8046786, 1.3553224 ], [ 103.8046499, 1.3553344 ], [ 103.8046643, 1.3553902 ], [ 103.8046435, 1.3554412 ], [ 103.8046372, 1.3555066 ], [ 103.8046348, 1.3555664 ] ], [ [ 103.8116682, 1.3566448 ], [ 103.8118915, 1.356766 ], [ 103.8120732, 1.3568393 ], [ 103.8122391, 1.3568807 ], [ 103.8122846, 1.3567429 ], [ 103.8122232, 1.3567327 ], [ 103.8121423, 1.3567278 ], [ 103.8117416, 1.3565482 ], [ 103.8116682, 1.3566448 ] ], [ [ 103.8124211, 1.3580905 ], [ 103.8124799, 1.3581378 ], [ 103.8132794, 1.3587799 ], [ 103.813365, 1.3588219 ], [ 103.8135728, 1.3587826 ], [ 103.8138748, 1.3584315 ], [ 103.8143666, 1.3578642 ], [ 103.8147574, 1.3573981 ], [ 103.8155586, 1.3578351 ], [ 103.8159181, 1.3570714 ], [ 103.8160618, 1.3568438 ], [ 103.8161389, 1.3567134 ], [ 103.8162157, 1.356515 ], [ 103.816247, 1.3565364 ], [ 103.8164239, 1.3565485 ], [ 103.8164115, 1.3563963 ], [ 103.8163663, 1.3562914 ], [ 103.8162902, 1.3561845 ], [ 103.8162038, 1.3561166 ], [ 103.8161318, 1.356024 ], [ 103.8159569, 1.3560117 ], [ 103.8151649, 1.3559233 ], [ 103.8150209, 1.3559192 ], [ 103.8148769, 1.3559274 ], [ 103.814774, 1.3559541 ], [ 103.8146424, 1.3559994 ], [ 103.8145498, 1.3560035 ], [ 103.8145455, 1.3560395 ], [ 103.814146, 1.3563779 ], [ 103.8139368, 1.3565113 ], [ 103.8137372, 1.3567484 ], [ 103.8133711, 1.3571857 ], [ 103.8133315, 1.3572238 ], [ 103.8132295, 1.3572123 ], [ 103.8129594, 1.3574286 ], [ 103.8124211, 1.3580905 ] ] ] } },
{ "type": "Feature", "properties": { "@id": "relation/2239772", "landuse": "forest", "type": "multipolygon", "label": "MultiPolygon 1", "habitat": "lowland-forest" }, "geometry": { "type": "Polygon", "coordinates": [ [ [ 103.8053398, 1.3651896 ], [ 103.8056169, 1.3649125 ], [ 103.8061041, 1.3649985 ], [ 103.8062379, 1.364817 ], [ 103.8062952, 1.3643584 ], [ 103.8067898, 1.3638427 ], [ 103.8070192, 1.364061 ], [ 103.8073486, 1.3646546 ], [ 103.8075688, 1.3649434 ], [ 103.8076186, 1.3653705 ], [ 103.8074595, 1.3657242 ], [ 103.8071944, 1.3657465 ], [ 103.8069795, 1.3654833 ], [ 103.8065883, 1.365507 ], [ 103.8065002, 1.365644 ], [ 103.8063143, 1.3658775 ], [ 103.8060564, 1.3660208 ], [ 103.8057507, 1.3658679 ], [ 103.8054163, 1.3653998 ], [ 103.8053398, 1.3651896 ] ] ] } },
{ "type": "Feature", "properties": { "@id": null, "landuse": "BTNR", "type": "Forest", "label": "BTNR", "habitat": "lowland-forest" }, "geometry": { "type": "Polygon", "coordinates": [ [ [ 103.775345165742252, 1.36449860528329 ], [ 103.775560819198745, 1.361512273722718 ], [ 103.775096695455417, 1.361427887587568 ], [ 103.773666819276499, 1.361362253926896 ], [ 103.773371467803472, 1.361418511350329 ], [ 103.773146438109734, 1.361488833129621 ], [ 103.772822957925001, 1.361432575706188 ], [ 103.772293200521005, 1.361315372740702 ], [ 103.7720025371666, 1.361343501452418 ], [ 103.771679056981867, 1.361310684622083 ], [ 103.771271190661977, 1.361259115317269 ], [ 103.769465528498088, 1.360503278787222 ], [ 103.769472748620444, 1.360200033648372 ], [ 103.769667691923985, 1.359940109243644 ], [ 103.769826534615774, 1.359716285450683 ], [ 103.77064045499425, 1.358519045023573 ], [ 103.77094299071878, 1.357059310152736 ], [ 103.770973244291227, 1.356537436027929 ], [ 103.770451370166427, 1.355463434205863 ], [ 103.770906645444541, 1.35458214955734 ], [ 103.771842375400283, 1.354225681002768 ], [ 103.771759060666639, 1.353425398936087 ], [ 103.771146136410124, 1.353169063222302 ], [ 103.770533991894496, 1.35318888861507 ], [ 103.770764181620677, 1.352453282316193 ], [ 103.771344660060606, 1.350982069718441 ], [ 103.773040660869711, 1.348623962712508 ], [ 103.773238965941331, 1.348585389644632 ], [ 103.773501300784119, 1.348811717162884 ], [ 103.7742601, 1.3495221 ], [ 103.774644430630929, 1.349060039336233 ], [ 103.774856734543874, 1.348490620221192 ], [ 103.775138985607853, 1.347460409790135 ], [ 103.775548272485324, 1.347306927211085 ], [ 103.775766558819981, 1.347620713817143 ], [ 103.77647257868361, 1.348637109562851 ], [ 103.776953490764626, 1.348391537436371 ], [ 103.776261113796906, 1.347392195310557 ], [ 103.776673811398354, 1.347085230152457 ], [ 103.776418007099949, 1.346652068207139 ], [ 103.776612418366739, 1.346512228524004 ], [ 103.777175187823261, 1.346989729881049 ], [ 103.777744778727737, 1.346614550243371 ], [ 103.777222937958967, 1.346181388298052 ], [ 103.776540793163193, 1.346017673547066 ], [ 103.776039416738286, 1.345990387755234 ], [ 103.776390721308118, 1.345434439746676 ], [ 103.776029184566355, 1.345031974317167 ], [ 103.777919354340085, 1.342437900946434 ], [ 103.778947381641032, 1.342668136227368 ], [ 103.7798376, 1.3458201 ], [ 103.7804254, 1.3473998 ], [ 103.781422100699643, 1.350147992894629 ], [ 103.781826578554472, 1.350034541789007 ], [ 103.781999221541284, 1.350473548241197 ], [ 103.784169590518403, 1.351238110039955 ], [ 103.78449514586498, 1.351765904313936 ], [ 103.784549405089408, 1.352150651541699 ], [ 103.784648058224732, 1.352584725337123 ], [ 103.786073596030164, 1.353235836030259 ], [ 103.786502737168817, 1.353082923670507 ], [ 103.786423814660552, 1.352486072201799 ], [ 103.787962803571602, 1.353147048208468 ], [ 103.786700043439467, 1.353936273291057 ], [ 103.784396492729641, 1.355554184710364 ], [ 103.781170535204552, 1.359544704034205 ], [ 103.780662471557662, 1.360516437417143 ], [ 103.779666074890883, 1.362943304546105 ], [ 103.779103752019537, 1.364847310057851 ], [ 103.778906445748888, 1.365177798061185 ], [ 103.775409192101677, 1.364590811906009 ], [ 103.775345165742252, 1.36449860528329 ] ] ] } },
{ "type": "Feature", "properties": { "@id": null, "landuse": null, "type": "Primary Forest", "label": null, "habitat": null }, "geometry": { "type": "Polygon", "coordinates": [ [ [ 103.816800932515562, 1.31478702639153 ], [ 103.816356248490933, 1.314366597859161 ], [ 103.815895394138153, 1.313752125388777 ], [ 103.815580072738868, 1.3130325457853 ], [ 103.815369858472692, 1.312264455197319 ], [ 103.815280921667764, 1.311819771172698 ], [ 103.815305177160013, 1.31139934264033 ], [ 103.815612413395201, 1.311156787717809 ], [ 103.815951990286734, 1.310930403123457 ], [ 103.81687369899231, 1.311609556906514 ], [ 103.816720080874717, 1.311819771172698 ], [ 103.816720080874717, 1.312143177736059 ], [ 103.816946465469073, 1.312151262900143 ], [ 103.816954550633156, 1.312903183159956 ], [ 103.817116253914833, 1.31380063637328 ], [ 103.817116253914833, 1.314358512695077 ], [ 103.816800932515562, 1.31478702639153 ] ] ] } },
{ "type": "Feature", "properties": { "@id": null, "landuse": null, "type": "Native-dominated Secondary Forest", "label": "Tagore Forest", "habitat": null }, "geometry": { "type": "Polygon", "coordinates": [ [ [ 103.824677188019081, 1.384413496952272 ], [ 103.820012209012177, 1.387280961112476 ], [ 103.818734364657018, 1.38825010884467 ], [ 103.818353465363955, 1.388760675982189 ], [ 103.818142755116725, 1.389554891529442 ], [ 103.818288631441732, 1.3907543190906 ], [ 103.818661426494515, 1.392034789054538 ], [ 103.819090951229256, 1.391864600008698 ], [ 103.819334078437606, 1.392480522269833 ], [ 103.81969066500983, 1.393177486933749 ], [ 103.820103981264012, 1.393323363258754 ], [ 103.821027864655719, 1.393120757251802 ], [ 103.821870705644642, 1.392715545237897 ], [ 103.823410511297482, 1.392083414496206 ], [ 103.824350603169734, 1.392148248418431 ], [ 103.825598656172559, 1.392204978100378 ], [ 103.826165952992028, 1.392286020503159 ], [ 103.826765666772602, 1.392156352658709 ], [ 103.827300546630966, 1.392326541704549 ], [ 103.828224430022658, 1.392488626510111 ], [ 103.829018645569917, 1.392537251951779 ], [ 103.829059166771302, 1.392034789054538 ], [ 103.829804756876896, 1.392391375626774 ], [ 103.830728640268589, 1.392658815555951 ], [ 103.831741670303359, 1.393055923329577 ], [ 103.832681762175611, 1.393234216615695 ], [ 103.833257163235359, 1.39274796219901 ], [ 103.83294109786452, 1.391994267853147 ], [ 103.833111286910352, 1.390932612376718 ], [ 103.833192329313135, 1.39011408410863 ], [ 103.832738491857555, 1.388866031105805 ], [ 103.832219820479764, 1.388347359728007 ], [ 103.831239207406114, 1.388225796123835 ], [ 103.830234281611638, 1.388744467501633 ], [ 103.82833788938656, 1.389668350893335 ], [ 103.827746279846252, 1.389319868561378 ], [ 103.826295620836476, 1.387974564675215 ], [ 103.825396050165608, 1.387131723686293 ], [ 103.824439749812797, 1.386961534640453 ], [ 103.824123684441957, 1.386540114145993 ], [ 103.824642355819748, 1.385737794358462 ], [ 103.824853066066979, 1.385178601779274 ], [ 103.824677188019081, 1.384413496952272 ] ] ] } },
{ "type": "Feature", "properties": { "@id": null, "landuse": null, "type": "Primary Forest", "label": "CCNR", "habitat": null }, "geometry": { "type": "Polygon", "coordinates": [ [ [ 103.8149668, 1.3420557 ], [ 103.8148799, 1.3419388 ], [ 103.8148159, 1.3417667 ], [ 103.8148159, 1.3415857 ], [ 103.8147994, 1.3414397 ], [ 103.814748, 1.341339 ], [ 103.814588500000013, 1.3409049 ], [ 103.8145349, 1.3407742 ], [ 103.81493917336762, 1.340472165032381 ], [ 103.815332647282418, 1.340211274719304 ], [ 103.815717567416471, 1.340005983981145 ], [ 103.816106764440889, 1.339702324764285 ], [ 103.816363377863595, 1.339390111766668 ], [ 103.816350547192457, 1.339043683646026 ], [ 103.816260732494513, 1.338983807180729 ], [ 103.816602883724784, 1.338650209731221 ], [ 103.816868050928235, 1.338389319418144 ], [ 103.81701774209148, 1.338269566487551 ], [ 103.817039126543364, 1.338102767762797 ], [ 103.817171710145089, 1.337850431230477 ], [ 103.817355616431357, 1.337636586711562 ], [ 103.818198163835902, 1.336965114922167 ], [ 103.81859591464108, 1.336768377964765 ], [ 103.818707113790921, 1.33665290192455 ], [ 103.819126249047983, 1.337533941342482 ], [ 103.819519722962795, 1.338530456800628 ], [ 103.819981627123653, 1.339266081945698 ], [ 103.820990973252947, 1.34004447599455 ], [ 103.822231271462655, 1.340450780580489 ], [ 103.82353999991841, 1.340938346083617 ], [ 103.824733252333957, 1.341280497313881 ], [ 103.825875182064976, 1.341327543108043 ], [ 103.826837482400094, 1.341254835971612 ], [ 103.828150487746228, 1.341165021273667 ], [ 103.82926675613497, 1.340946899864373 ], [ 103.830293209825768, 1.340767270468484 ], [ 103.830592592152243, 1.3409811149874 ], [ 103.830981789176676, 1.340916961631725 ], [ 103.831225571928243, 1.34095545364513 ], [ 103.831221295037864, 1.341438742257879 ], [ 103.831341047968451, 1.341823662391927 ], [ 103.831332494187691, 1.34244808838716 ], [ 103.8310323, 1.3428485 ], [ 103.830430070317874, 1.342734640042507 ], [ 103.829968166157016, 1.342730363152128 ], [ 103.829668783830527, 1.342773132055912 ], [ 103.8294461, 1.3426893 ], [ 103.8294074, 1.3426186 ], [ 103.8294024, 1.3424643 ], [ 103.8293971, 1.3421355 ], [ 103.829465200000016, 1.3418877 ], [ 103.8295166, 1.3417302 ], [ 103.8294965, 1.3417034 ], [ 103.8294281, 1.3417932 ], [ 103.8293559, 1.341945 ], [ 103.8292913, 1.342052 ], [ 103.829170600000012, 1.3422035 ], [ 103.8287133, 1.3426151 ], [ 103.8283633, 1.3428752 ], [ 103.828037400000014, 1.3430924 ], [ 103.8277812, 1.3432251 ], [ 103.8275991, 1.3432512 ], [ 103.8274154, 1.3432421 ], [ 103.8272555, 1.3432828 ], [ 103.82701950000002, 1.3435482 ], [ 103.8262027, 1.3439424 ], [ 103.8257763, 1.3442012 ], [ 103.8255657, 1.3442883 ], [ 103.8251527, 1.3443259 ], [ 103.8248134, 1.3443285 ], [ 103.8243024, 1.3442856 ], [ 103.8241476, 1.3442072 ], [ 103.8240275, 1.3441797 ], [ 103.8239631, 1.3441093 ], [ 103.823753200000013, 1.3439444 ], [ 103.8235635, 1.3436334 ], [ 103.823485, 1.3432573 ], [ 103.8234397, 1.3431614 ], [ 103.8234139, 1.3431782 ], [ 103.8233951, 1.3433082 ], [ 103.8233522, 1.3434061 ], [ 103.823250500000015, 1.3436117 ], [ 103.8231804, 1.3436667 ], [ 103.8231679, 1.343715 ], [ 103.8231248, 1.3437595 ], [ 103.8229785, 1.3438254 ], [ 103.8227496, 1.3438831 ], [ 103.822426, 1.3438662 ], [ 103.8221391, 1.3438336 ], [ 103.8218234, 1.3437593 ], [ 103.821385100000015, 1.3436073 ], [ 103.821087, 1.3435092 ], [ 103.8208321, 1.3434692 ], [ 103.8203774, 1.3432834 ], [ 103.8202131, 1.3431754 ], [ 103.8200871, 1.3430318 ], [ 103.8200073, 1.342777 ], [ 103.8200197, 1.342638 ], [ 103.8200435, 1.3424894 ], [ 103.8200699, 1.3423807 ], [ 103.8201398, 1.3422487 ], [ 103.8202557, 1.3421008 ], [ 103.8203964, 1.3419657 ], [ 103.8202778, 1.3417723 ], [ 103.8201702, 1.3418245 ], [ 103.819984, 1.3418579 ], [ 103.8199058, 1.3418419 ], [ 103.8197993, 1.341727 ], [ 103.819737500000016, 1.3416092 ], [ 103.8197276, 1.3415375 ], [ 103.8198844, 1.341298 ], [ 103.8200444, 1.3411352 ], [ 103.8200649, 1.3410893 ], [ 103.8199083, 1.3409706 ], [ 103.8196487, 1.3410101 ], [ 103.819415, 1.3410288 ], [ 103.8192232, 1.3409629 ], [ 103.8191163, 1.3408967 ], [ 103.8190279, 1.340803 ], [ 103.8188909, 1.3406 ], [ 103.8187868, 1.340376 ], [ 103.8187529, 1.3401493 ], [ 103.818598, 1.3398181 ], [ 103.8183803, 1.3395951 ], [ 103.8182174, 1.3393537 ], [ 103.8179735, 1.3392127 ], [ 103.8177504, 1.3390876 ], [ 103.8174704, 1.3386731 ], [ 103.8173293, 1.338474 ], [ 103.8171766, 1.3384056 ], [ 103.817270100000016, 1.3385586 ], [ 103.8173446, 1.3387793 ], [ 103.8177017, 1.3392403 ], [ 103.8179519, 1.339537 ], [ 103.8180806, 1.339761 ], [ 103.8183336, 1.340095 ], [ 103.8184134, 1.3405946 ], [ 103.8185314, 1.3407803 ], [ 103.8185976, 1.3410105 ], [ 103.818921300000014, 1.3417219 ], [ 103.8189709, 1.3422856 ], [ 103.8188517, 1.3427143 ], [ 103.8186872, 1.3430696 ], [ 103.8185491, 1.3431715 ], [ 103.8180471, 1.3433064 ], [ 103.8175298, 1.3434008 ], [ 103.8169808, 1.3434728 ], [ 103.8166943, 1.3434812 ], [ 103.8164744, 1.3434348 ], [ 103.8162692, 1.3433404 ], [ 103.8161069, 1.3432104 ], [ 103.8159366, 1.342991 ], [ 103.8155061, 1.3426741 ], [ 103.815381400000021, 1.3425145 ], [ 103.815170800000018, 1.3421378 ], [ 103.8149668, 1.3420557 ] ] ] } }
]
}
