{
"type": "FeatureCollection",
"name": "islands",
"crs": { "type": "name", "properties": { "name": "urn:ogc:def:crs:OGC:1.3:CRS84" } },
"features": [
{ "type": "Feature", "properties": { "OBJECTID": 0, "ISLAND": "Terumbu Salu" }, "geometry": { "type": "MultiPolygon", "coordinates": [ [ [ [ 103.7142406743761, 1.214590871449803 ], [ 103.714116175407213, 1.21465215644407 ], [ 103.7138549928939, 1.214913655083906 ], [ 103.71379680327405, 1.21493544493894 ], [ 103.713723727313692, 1.214992646287579 ], [ 103.713623586191957, 1.21505257127406 ], [ 103.71372643076252, 1.21505802464779 ], [ 103.713791385896513, 1.215043044952387 ], [ 103.713872580651071, 1.215010359446716 ], [ 103.713963248494679, 1.214955882818618 ], [ 103.714066097602711, 1.214857820933028 ], [ 103.714124289009987, 1.214795170123509 ], [ 103.714200070505754, 1.214755674509781 ], [ 103.714365167919908, 1.21465353036218 ], [ 103.71449372845241, 1.214544572921177 ], [ 103.714588458555355, 1.214446511556934 ], [ 103.714687249494915, 1.214296692743496 ], [ 103.714595228227722, 1.21435798010117 ], [ 103.714526213449233, 1.214377045552627 ], [ 103.714391361091728, 1.214454980338611 ], [ 103.71439401632162, 1.214452199538633 ], [ 103.71445137196504, 1.214413080219924 ], [ 103.714487512758822, 1.214395420505677 ], [ 103.714522953640653, 1.214377057165176 ], [ 103.714595005590809, 1.214353522483917 ], [ 103.71466611429112, 1.214305010144866 ], [ 103.71472532086419, 1.214265937928239 ], [ 103.714755591765012, 1.214245961876009 ], [ 103.71473804502898, 1.214196940080576 ], [ 103.71471980057855, 1.214179279769989 ], [ 103.714655839205406, 1.2141122817009 ], [ 103.714508719001728, 1.214035995758917 ], [ 103.714415757061815, 1.214034096100173 ], [ 103.714247857949147, 1.214037543331932 ], [ 103.714020288610527, 1.213998477396649 ], [ 103.713884126829853, 1.214001273968978 ], [ 103.713806787128419, 1.213963508834885 ], [ 103.713701574477881, 1.213908945716167 ], [ 103.713574508366236, 1.213891092443953 ], [ 103.713521172508194, 1.21387272968031 ], [ 103.713130003054246, 1.213847031003034 ], [ 103.712951574668978, 1.213801017145359 ], [ 103.712787119631273, 1.213783021985423 ], [ 103.712693100032851, 1.213763639067659 ], [ 103.712590962311609, 1.213765749786512 ], [ 103.712557697293136, 1.213730886892094 ], [ 103.712420442289911, 1.213728072671926 ], [ 103.712339914739687, 1.213729725841324 ], [ 103.712286080351831, 1.213728617380639 ], [ 103.712113637853363, 1.213764166462437 ], [ 103.711837284740255, 1.213784465079262 ], [ 103.711731477682548, 1.213782301578197 ], [ 103.711597263901481, 1.213785045670575 ], [ 103.711413235027436, 1.213781263419451 ], [ 103.711304623733483, 1.213818694610107 ], [ 103.711007500777328, 1.213794584340257 ], [ 103.711217617575571, 1.213807568797403 ], [ 103.711181083460076, 1.213759896336849 ], [ 103.711090418566769, 1.213728565068369 ], [ 103.710860375411258, 1.213656367409646 ], [ 103.710626270743631, 1.213589617431619 ], [ 103.710497717620129, 1.213532406058168 ], [ 103.710379990874543, 1.213471109260888 ], [ 103.710241966152594, 1.213382571202461 ], [ 103.71012559301235, 1.213311740659264 ], [ 103.710028163515759, 1.21325453069182 ], [ 103.709951031198869, 1.213242268508597 ], [ 103.710066050060291, 1.213337616285575 ], [ 103.710254142792181, 1.213442501203177 ], [ 103.710287971241229, 1.213475190963609 ], [ 103.710386754343332, 1.213522866282465 ], [ 103.710417877432661, 1.213554194850963 ], [ 103.710723697812838, 1.213701308034794 ], [ 103.710996260414547, 1.213793672230333 ], [ 103.710995721308407, 1.213793628796357 ], [ 103.710718416271845, 1.213703060449951 ], [ 103.710410877174155, 1.213552880490946 ], [ 103.710388560055506, 1.213529504391746 ], [ 103.710282744469936, 1.213477826039005 ], [ 103.710252956568297, 1.213446622332453 ], [ 103.710066211681834, 1.213340065308802 ], [ 103.709905993038277, 1.213206648092921 ], [ 103.709888447703591, 1.213188285095069 ], [ 103.709778472075186, 1.213115710315463 ], [ 103.709718625852688, 1.213053020718967 ], [ 103.709583879486019, 1.212972496344648 ], [ 103.709493110544884, 1.21289876033194 ], [ 103.709422822321798, 1.212864425655376 ], [ 103.709226324900783, 1.212701968532674 ], [ 103.709154395086458, 1.212648285826326 ], [ 103.709124275671059, 1.212616747479629 ], [ 103.708984923332864, 1.212521675278883 ], [ 103.70890386193291, 1.212468167591114 ], [ 103.708725260404904, 1.212341733862471 ], [ 103.70867122457004, 1.21230606327238 ], [ 103.708653678351197, 1.212287699363393 ], [ 103.708581748559865, 1.212234015739516 ], [ 103.708533869103562, 1.212183870194208 ], [ 103.708582634511544, 1.212233623286932 ], [ 103.708654353364935, 1.212282659378237 ], [ 103.708676003833915, 1.212304452822856 ], [ 103.708957463940436, 1.212500597823508 ], [ 103.708811324337461, 1.212324889559465 ], [ 103.708736902983489, 1.212211837993341 ], [ 103.708620530719756, 1.212104232366135 ], [ 103.708494685345386, 1.212018418736718 ], [ 103.708289001203681, 1.211924428663332 ], [ 103.708157740996683, 1.211867217969119 ], [ 103.708192923021414, 1.211909442516284 ], [ 103.708283587476743, 1.21192851522932 ], [ 103.708513462133993, 1.21216304899684 ], [ 103.708491458528599, 1.212141764691266 ], [ 103.708456482769705, 1.212107933552211 ], [ 103.708412635650177, 1.212062007046858 ], [ 103.708357875517976, 1.21200904499244 ], [ 103.708337320328496, 1.211987524714303 ], [ 103.708331565630232, 1.211981499579047 ], [ 103.708313320340523, 1.211963840134771 ], [ 103.708284276410737, 1.211933427762503 ], [ 103.708187136593025, 1.211909576093005 ], [ 103.708136456620522, 1.211856490326748 ], [ 103.708035185053959, 1.211821610654641 ], [ 103.70785528041894, 1.21178087337136 ], [ 103.707844941069183, 1.211784435176137 ], [ 103.707789659197516, 1.211803475774904 ], [ 103.707678215871411, 1.211801188866336 ], [ 103.707615583186126, 1.211802472850636 ], [ 103.707544359947434, 1.211801012594006 ], [ 103.707490491515912, 1.211837757971215 ], [ 103.707417643770754, 1.211855646486247 ], [ 103.707382429353132, 1.211892532005541 ], [ 103.70731153946106, 1.211891072662478 ], [ 103.707229691767125, 1.211976821453022 ], [ 103.707126304610952, 1.21203041640531 ], [ 103.707102055825501, 1.212005019844824 ], [ 103.707126920146166, 1.212029250709994 ], [ 103.707228414145163, 1.211975455804704 ], [ 103.707310625692074, 1.211890672891158 ], [ 103.707382684585014, 1.211891357249657 ], [ 103.707417531489995, 1.211854924799142 ], [ 103.707490267842417, 1.211836540687858 ], [ 103.70754439862516, 1.211800109136956 ], [ 103.707681073175607, 1.211800456465503 ], [ 103.707789669157222, 1.211801823503754 ], [ 103.707853271398832, 1.21177969308367 ], [ 103.707603267068322, 1.211728945736409 ], [ 103.707343447136907, 1.211761622701173 ], [ 103.707005138569357, 1.211851500547802 ], [ 103.706845456982464, 1.211903249754335 ], [ 103.70671824972959, 1.212006758088601 ], [ 103.706545023845962, 1.212311844993278 ], [ 103.706325780404782, 1.212774923764932 ], [ 103.706233747277409, 1.213088186297475 ], [ 103.706179609124362, 1.21328159174895 ], [ 103.706171478966056, 1.213521308195299 ], [ 103.706171465734514, 1.213804610807717 ], [ 103.706190400073098, 1.214036156708248 ], [ 103.7062499323211, 1.214240463302399 ], [ 103.706312177765909, 1.214297671738298 ], [ 103.7064285499401, 1.214387570937483 ], [ 103.706607169999913, 1.214501989451473 ], [ 103.706725234506322, 1.214583035908347 ], [ 103.706684639798567, 1.214541492071805 ], [ 103.706666375516264, 1.214449213609565 ], [ 103.706621044904992, 1.214404264621638 ], [ 103.706592793558514, 1.21431390022483 ], [ 103.706621324430159, 1.214402386272504 ], [ 103.706649067378436, 1.214431443865607 ], [ 103.706667312671058, 1.214449103321457 ], [ 103.706684858229437, 1.214539514239851 ], [ 103.706703102624445, 1.214557173695502 ], [ 103.706771266834096, 1.214628570051015 ], [ 103.706834065693045, 1.214649079445021 ], [ 103.706958563438704, 1.214713632420265 ], [ 103.707080596653128, 1.214737625489868 ], [ 103.707150823691066, 1.214774035739823 ], [ 103.707220036266222, 1.214772610097615 ], [ 103.70727539910034, 1.214791677577775 ], [ 103.707436805486168, 1.214809337415847 ], [ 103.70752593180535, 1.214827701070714 ], [ 103.707615757202191, 1.214845361160889 ], [ 103.707722595501494, 1.214872906734036 ], [ 103.707830500387928, 1.214899396056787 ], [ 103.707883836215601, 1.214917758931421 ], [ 103.707916174258045, 1.214925698942542 ], [ 103.707955765920289, 1.214935419078862 ], [ 103.708009102648205, 1.214953782855569 ], [ 103.708109696940582, 1.214986635830423 ], [ 103.708056445400231, 1.214971957339683 ], [ 103.707954278796933, 1.214937221405308 ], [ 103.707882559315294, 1.214920192513159 ], [ 103.707829107612014, 1.21490112151669 ], [ 103.707762800779207, 1.214884092874527 ], [ 103.707607859270865, 1.214845268546032 ], [ 103.707439385032373, 1.214811209568622 ], [ 103.707276322719736, 1.214792814405677 ], [ 103.707221518761258, 1.214773743334319 ], [ 103.707150474056618, 1.214776463938541 ], [ 103.707084168149308, 1.214739686701497 ], [ 103.706956966740449, 1.214714482446516 ], [ 103.706897426423822, 1.214682472421987 ], [ 103.70695561326248, 1.214721293141952 ], [ 103.707032745801172, 1.21474853709452 ], [ 103.707152503167194, 1.214790084647901 ], [ 103.707255346553538, 1.214820053744557 ], [ 103.707298647503279, 1.214863640657232 ], [ 103.707293909922711, 1.21489632954685 ], [ 103.707288494909051, 1.214947405012699 ], [ 103.707251954431314, 1.215018910390123 ], [ 103.707178878190902, 1.215079517378016 ], [ 103.707111213506266, 1.215144210530874 ], [ 103.707009042622758, 1.215221159796477 ], [ 103.707265478454701, 1.215202103355092 ], [ 103.707615960013399, 1.2152395758041 ], [ 103.707650466524981, 1.215259326903728 ], [ 103.707797966672814, 1.21527635934827 ], [ 103.707912776335391, 1.215329258206858 ], [ 103.707931104730847, 1.215337702198263 ], [ 103.707933961944292, 1.215339019084587 ], [ 103.707998913241553, 1.21540780436724 ], [ 103.707930582023337, 1.215274322591126 ], [ 103.707852777497251, 1.21514696924052 ], [ 103.707816243335486, 1.215101339695372 ], [ 103.707804742762121, 1.215053667459705 ], [ 103.70783925210138, 1.215012127149027 ], [ 103.707936682682714, 1.215026433301636 ], [ 103.708114629159553, 1.215078198314819 ], [ 103.708245890462848, 1.215095229976511 ], [ 103.708473230001047, 1.215128610659339 ], [ 103.708282429695814, 1.215050284826524 ], [ 103.708185675168949, 1.215027806891613 ], [ 103.708114078926457, 1.214988066737426 ], [ 103.708114341288507, 1.214988152664175 ], [ 103.708186053556872, 1.215025337997651 ], [ 103.708287080410031, 1.215050138536331 ], [ 103.708492272860681, 1.215133899356878 ], [ 103.708552005166226, 1.215153406536102 ], [ 103.708688115099548, 1.215223993888936 ], [ 103.708724569639557, 1.215223236820812 ], [ 103.708827868430163, 1.21527679710137 ], [ 103.70889508888753, 1.215278186607604 ], [ 103.708981969873633, 1.215276392760116 ], [ 103.709287743879756, 1.215319364164203 ], [ 103.709542785863619, 1.215385149375815 ], [ 103.709789848908883, 1.215394893517958 ], [ 103.709933010857455, 1.215376881570426 ], [ 103.710100026690199, 1.215355862798177 ], [ 103.710111962331325, 1.215340859054888 ], [ 103.710141742054077, 1.215334807518462 ], [ 103.710210386482999, 1.21530045571569 ], [ 103.710279031395046, 1.215334807486075 ], [ 103.710308809671403, 1.215340859041666 ], [ 103.710564838609571, 1.215319310744292 ], [ 103.710577237857521, 1.215304835168022 ], [ 103.710577237772171, 1.215286823868441 ], [ 103.710595133474882, 1.215286823782506 ], [ 103.710630923083372, 1.215286823610196 ], [ 103.710651940912769, 1.215311378939113 ], [ 103.710650551817224, 1.215311222420779 ], [ 103.710631607694907, 1.21528806714105 ], [ 103.710578831556944, 1.215290788670063 ], [ 103.710582890305176, 1.215307133413687 ], [ 103.710568004723214, 1.215324839261983 ], [ 103.710308185128412, 1.215342533893862 ], [ 103.710277061687705, 1.215338446553659 ], [ 103.710210755593963, 1.215304392426031 ], [ 103.710110615074768, 1.215349334685756 ], [ 103.710302770138171, 1.215394290356971 ], [ 103.71049222060816, 1.215401109795244 ], [ 103.710650547638053, 1.215403840979875 ], [ 103.710854883570249, 1.215395677581748 ], [ 103.711005092201887, 1.215365720162826 ], [ 103.710856239493353, 1.215334386228815 ], [ 103.710701751579336, 1.215316988267997 ], [ 103.710855277329074, 1.215331184738776 ], [ 103.71097177929974, 1.215356760021186 ], [ 103.711167779342986, 1.215376881990418 ], [ 103.711239359462425, 1.215376881630314 ], [ 103.711266027844843, 1.215386063939909 ], [ 103.711414782393575, 1.215422561762117 ], [ 103.711570246285888, 1.215476121599607 ], [ 103.711624281232673, 1.215493781745009 ], [ 103.71167761710484, 1.215512145452379 ], [ 103.711731652951741, 1.215529805595782 ], [ 103.711823522544194, 1.215567306470328 ], [ 103.711885327057985, 1.215582469111068 ], [ 103.712002264693766, 1.215611157189143 ], [ 103.712157851397251, 1.215691840666089 ], [ 103.71241106683226, 1.215697046753175 ], [ 103.712500796181615, 1.215673899093448 ], [ 103.712608517133461, 1.215656239012701 ], [ 103.712661852850715, 1.215637875600546 ], [ 103.712680797329483, 1.215633227120379 ], [ 103.712773750529038, 1.215610417827929 ], [ 103.712894490243158, 1.215547817790691 ], [ 103.712930630162333, 1.215530157195644 ], [ 103.713019410851444, 1.215462358341581 ], [ 103.713075023565338, 1.215419888312171 ], [ 103.713176480576067, 1.215370339168975 ], [ 103.713181163732571, 1.215368051339256 ], [ 103.71330607925519, 1.215295653595256 ], [ 103.713365296678262, 1.21527630557919 ], [ 103.713521171886057, 1.215151911025149 ], [ 103.713639150419823, 1.215028327793821 ], [ 103.713718019179296, 1.21498980633215 ], [ 103.71378925036683, 1.214935419280476 ], [ 103.713857118379039, 1.214902280999782 ], [ 103.713906102049251, 1.214854894536001 ], [ 103.713941176254394, 1.214818167184302 ], [ 103.714023312896586, 1.214738733360958 ], [ 103.71411100559034, 1.21464686297541 ], [ 103.714237285430315, 1.214585194610245 ], [ 103.714362246113353, 1.214485478705995 ], [ 103.714386779359941, 1.214459779592467 ], [ 103.714362468624188, 1.214492810390225 ], [ 103.7142406743761, 1.214590871449803 ] ] ], [ [ [ 103.711983453712392, 1.215745089837427 ], [ 103.712077501815401, 1.215751222959971 ], [ 103.712184405890369, 1.215756675674193 ], [ 103.712398214557965, 1.215756004334613 ], [ 103.712540303501072, 1.215742391023263 ], [ 103.712667508270684, 1.215694725040823 ], [ 103.71278591733774, 1.215630034016191 ], [ 103.71291109362231, 1.215553766533789 ], [ 103.712924626897788, 1.215536741596078 ], [ 103.712777799179278, 1.215611647039662 ], [ 103.712661421398323, 1.215641606080066 ], [ 103.712610674390049, 1.215657948356526 ], [ 103.712503092736284, 1.215674968154373 ], [ 103.712415809142314, 1.215698119541845 ], [ 103.712160050801984, 1.215695383156677 ], [ 103.712004434524275, 1.215612974153224 ], [ 103.711823781253997, 1.215568699201587 ], [ 103.711730411171573, 1.215530558874174 ], [ 103.711443532509662, 1.215434522368777 ], [ 103.711539607060828, 1.215533955148896 ], [ 103.711609972239614, 1.215577543228328 ], [ 103.711703341376804, 1.215636795922041 ], [ 103.711848809262364, 1.215711713641078 ], [ 103.711983453712392, 1.215745089837427 ] ] ] ] } },
{ "type": "Feature", "properties": { "OBJECTID": 0, "ISLAND": "Terumbu Semakau" }, "geometry": { "type": "MultiPolygon", "coordinates": [ [ [ [ 103.766831133196206, 1.214935947585555 ], [ 103.766848328541343, 1.214917232182257 ], [ 103.766952170763673, 1.214884145853015 ], [ 103.766991490304349, 1.214863196310269 ], [ 103.767045875161585, 1.214845889015863 ], [ 103.767259918984237, 1.21475512681518 ], [ 103.76747535995051, 1.214665771822458 ], [ 103.7675104510176, 1.214647055949021 ], [ 103.767605974522283, 1.214624173337521 ], [ 103.767750937238631, 1.214555307693308 ], [ 103.767912813791099, 1.21447840807596 ], [ 103.767921830626506, 1.214468612216012 ], [ 103.76795335675321, 1.214434363784084 ], [ 103.767997850895, 1.214410671413242 ], [ 103.768086480209845, 1.214382426637272 ], [ 103.768143126632012, 1.214364375082373 ], [ 103.768191167189414, 1.214341560932471 ], [ 103.768245115624836, 1.214312819717827 ], [ 103.76834135114089, 1.214273019143824 ], [ 103.768351525128139, 1.214268811380486 ], [ 103.768405909966148, 1.214251503152976 ], [ 103.768540735667173, 1.21417968446763 ], [ 103.768584297601052, 1.214174439297593 ], [ 103.768692232934583, 1.214161444365704 ], [ 103.768816082800711, 1.21407120529899 ], [ 103.768816800726668, 1.214070681689011 ], [ 103.768884298460236, 1.214054505126661 ], [ 103.768925202692017, 1.214044702792847 ], [ 103.768950280563217, 1.214031351351629 ], [ 103.768986821833522, 1.214011897530862 ], [ 103.769229089067309, 1.213909280522747 ], [ 103.769264181012019, 1.213890565529497 ], [ 103.769300669215511, 1.213873256856335 ], [ 103.769335761159297, 1.213854541862095 ], [ 103.769439601518258, 1.213821455432534 ], [ 103.769478922822955, 1.213800506755726 ], [ 103.76956909729445, 1.213783198449551 ], [ 103.76962507422553, 1.213768418838232 ], [ 103.769639978884157, 1.213764483395746 ], [ 103.769792203807143, 1.213751136765533 ], [ 103.769895772246571, 1.213742056676197 ], [ 103.770033495724178, 1.213703415509409 ], [ 103.770074322713498, 1.213691960881189 ], [ 103.77014104546295, 1.213656412773015 ], [ 103.77030280047255, 1.213585070323822 ], [ 103.770373000512492, 1.213547656586415 ], [ 103.77048243454, 1.213495697056026 ], [ 103.770499998091694, 1.213483528333117 ], [ 103.770588425050761, 1.213422260583891 ], [ 103.770661386155098, 1.213387626920502 ], [ 103.770681882429102, 1.213376709001304 ], [ 103.77070186294911, 1.213366065092484 ], [ 103.770824242170718, 1.213300874990985 ], [ 103.770942798476739, 1.213263092476525 ], [ 103.770982118864239, 1.213242143776585 ], [ 103.771036503667446, 1.213224835493746 ], [ 103.771089158176068, 1.213196780601948 ], [ 103.771162101298685, 1.213162128836565 ], [ 103.771214756703401, 1.213134073942185 ], [ 103.771358617403749, 1.213116765909558 ], [ 103.771462738038579, 1.213044630738707 ], [ 103.77153756855283, 1.213026707043203 ], [ 103.77164355991691, 1.212953269622446 ], [ 103.771734800576738, 1.212909947209938 ], [ 103.771805996551223, 1.212774542807521 ], [ 103.77180848208026, 1.212764029622601 ], [ 103.771823193069196, 1.212701792472064 ], [ 103.771842784182866, 1.212626597692857 ], [ 103.771821305674862, 1.212445898766928 ], [ 103.771785620122202, 1.21241263812333 ], [ 103.77175009187259, 1.212336861480871 ], [ 103.771697927014756, 1.212288226255898 ], [ 103.771662834971153, 1.212233488767106 ], [ 103.771644240605028, 1.212216179701336 ], [ 103.771627045174981, 1.212161440813646 ], [ 103.771608450809538, 1.212144133556383 ], [ 103.77155546436363, 1.212071382516034 ], [ 103.771536869999267, 1.212054074353957 ], [ 103.771519674654044, 1.212035359032134 ], [ 103.77150108029015, 1.212018050869812 ], [ 103.771483883556954, 1.21198132421672 ], [ 103.771429498997065, 1.211909981238134 ], [ 103.771334466094487, 1.211740030801937 ], [ 103.771304232626306, 1.211711851904399 ], [ 103.771287036638128, 1.211603078117431 ], [ 103.771251140854957, 1.211569623024142 ], [ 103.771233350662342, 1.211513019320191 ], [ 103.77120547726139, 1.211460021990647 ], [ 103.771179665100419, 1.211404949191014 ], [ 103.771161071641416, 1.211387641026635 ], [ 103.77111804555706, 1.211340887985876 ], [ 103.771071594259382, 1.211297582304231 ], [ 103.771054398845877, 1.211242843413406 ], [ 103.771017228029834, 1.211172186334062 ], [ 103.770982817514565, 1.211098750204879 ], [ 103.77094975469636, 1.211067932301563 ], [ 103.770928433883256, 1.211027406312974 ], [ 103.770911237575547, 1.210972668325707 ], [ 103.770875865627957, 1.210939688031635 ], [ 103.770812726534473, 1.210805056480265 ], [ 103.770768075093912, 1.21075652722416 ], [ 103.770749481641886, 1.210739219057223 ], [ 103.770732285824764, 1.210702491495569 ], [ 103.770704411542766, 1.210649494161441 ], [ 103.770678599398963, 1.210594421357603 ], [ 103.770621744081396, 1.210557490295078 ], [ 103.770615966722971, 1.210553737046369 ], [ 103.770608488937825, 1.210529959310908 ], [ 103.77058337461358, 1.210450099689907 ], [ 103.770534738793231, 1.210378983824717 ], [ 103.770481752823514, 1.210288222339033 ], [ 103.770445262708876, 1.210234890186594 ], [ 103.770428066415192, 1.210180152196692 ], [ 103.770325588626861, 1.210045661702224 ], [ 103.770191427500649, 1.20983157911836 ], [ 103.770139261819665, 1.20978292577894 ], [ 103.770091465948269, 1.209680959327312 ], [ 103.770061547993436, 1.209648471126045 ], [ 103.770033674006982, 1.209622491686456 ], [ 103.770016477724923, 1.209567752789956 ], [ 103.769967842832855, 1.209496638724429 ], [ 103.769944879418219, 1.209423624286641 ], [ 103.769757154095757, 1.209066749349925 ], [ 103.769675769445811, 1.209028104824164 ], [ 103.769643561250831, 1.208993101525992 ], [ 103.769550503501719, 1.208938046116089 ], [ 103.769541905845472, 1.208928688449501 ], [ 103.769337280746683, 1.208943885977181 ], [ 103.76926418107675, 1.208991376963253 ], [ 103.769175403549241, 1.209064128293762 ], [ 103.76907558224147, 1.209143123093006 ], [ 103.769031524813556, 1.209207571604944 ], [ 103.769033238153739, 1.209251069786821 ], [ 103.768924171472236, 1.209315589095451 ], [ 103.768871184365977, 1.209352315895141 ], [ 103.768804008046956, 1.209384205811024 ], [ 103.768771730932599, 1.209414318579494 ], [ 103.768683669850404, 1.20950997114043 ], [ 103.768610061892375, 1.20954493935488 ], [ 103.768556988217512, 1.20959443668184 ], [ 103.768531175952134, 1.209622492172355 ], [ 103.768500366138085, 1.20965119868513 ], [ 103.7684557156484, 1.209716526214619 ], [ 103.768427166626324, 1.209777426360593 ], [ 103.768423805116356, 1.209784596988525 ], [ 103.768369420880859, 1.209855941021247 ], [ 103.768349629572199, 1.209883113994739 ], [ 103.768316433797807, 1.209928691373708 ], [ 103.768297839543237, 1.209945999563903 ], [ 103.768081577267836, 1.210318318628196 ], [ 103.767935881673196, 1.210496764365357 ], [ 103.767831883553498, 1.210593735071264 ], [ 103.767797473166709, 1.210631148711829 ], [ 103.767778878904025, 1.210648456897913 ], [ 103.767761682694982, 1.210667172309569 ], [ 103.767743088431843, 1.210684479591011 ], [ 103.767679197928999, 1.210753888939558 ], [ 103.767628727822569, 1.21077788141226 ], [ 103.767539006158714, 1.210875327245209 ], [ 103.767493677803586, 1.210917594340687 ], [ 103.767455402042387, 1.21095328416248 ], [ 103.767403778360901, 1.211009395118958 ], [ 103.767224128250135, 1.211170796321501 ], [ 103.767206932033986, 1.211189511729135 ], [ 103.767146081486601, 1.211246238325895 ], [ 103.767063769643443, 1.211351617411094 ], [ 103.767045607566317, 1.211368523159802 ], [ 103.767045175371237, 1.211368925591493 ], [ 103.767044613778594, 1.211369801907178 ], [ 103.767010085265909, 1.211423664120553 ], [ 103.766987957056116, 1.211444282188667 ], [ 103.766979275415451, 1.211452370613559 ], [ 103.766944611301696, 1.21150307116324 ], [ 103.766901332824119, 1.211566368397225 ], [ 103.766745554497405, 1.211833096094721 ], [ 103.766669377051301, 1.211927288324766 ], [ 103.766652180385975, 1.211964015961964 ], [ 103.766615691312296, 1.212017348162852 ], [ 103.766562704596623, 1.212108109804039 ], [ 103.766471900666815, 1.212257357584416 ], [ 103.766329368684922, 1.212575711245074 ], [ 103.766303555937299, 1.212657800698108 ], [ 103.766275682046611, 1.212737815486554 ], [ 103.766242443430897, 1.212878321292471 ], [ 103.766184354752326, 1.213012283398018 ], [ 103.76613935424372, 1.213202443960791 ], [ 103.766104245619246, 1.213314067923489 ], [ 103.766042364342113, 1.213446024048689 ], [ 103.765865473605686, 1.213777446694771 ], [ 103.76582900185457, 1.21385524466261 ], [ 103.765774617467045, 1.213926588632498 ], [ 103.765699680826174, 1.214054904351025 ], [ 103.765667945317134, 1.21408939692849 ], [ 103.765647568321569, 1.214108376318528 ], [ 103.765614259499586, 1.214179455836526 ], [ 103.765522896058997, 1.214313066190563 ], [ 103.765454059348812, 1.214444002903666 ], [ 103.765435307646186, 1.21450366699029 ], [ 103.7654207417566, 1.214542086750039 ], [ 103.765363727212389, 1.21469247212303 ], [ 103.765380922759533, 1.214809865434103 ], [ 103.765417411929278, 1.214863196746975 ], [ 103.765480621810084, 1.214998038225968 ], [ 103.765700642020775, 1.215075660883401 ], [ 103.765810757663118, 1.215080040780858 ], [ 103.765855495684875, 1.215078264829038 ], [ 103.765918110462053, 1.215080761544618 ], [ 103.766192673039228, 1.215058669368245 ], [ 103.766396458097859, 1.215022961996777 ], [ 103.766488677129445, 1.215026638728645 ], [ 103.766597464680089, 1.214997950462671 ], [ 103.766755200871671, 1.214960132939664 ], [ 103.766831133196206, 1.214935947585555 ] ] ] ] } },
{ "type": "Feature", "properties": { "OBJECTID": 0, "ISLAND": "Live Firing Area" }, "geometry": { "type": "MultiPolygon", "coordinates": [ [ [ [ 103.721305406399807, 1.213747544331959 ], [ 103.721386119265077, 1.213741018189725 ], [ 103.721462687338672, 1.213755076998303 ], [ 103.721610289583793, 1.213782178778689 ], [ 103.721666107222731, 1.213822019222901 ], [ 103.721816643432632, 1.213863476983411 ], [ 103.721949634706363, 1.21385272961511 ], [ 103.721985791683238, 1.213855650399554 ], [ 103.72208100826937, 1.213829424178988 ], [ 103.722182805061067, 1.213837655388015 ], [ 103.72223529327745, 1.213800189770815 ], [ 103.722355017402919, 1.213781833421717 ], [ 103.722383051210258, 1.213777535234265 ], [ 103.722384281294239, 1.213777080390109 ], [ 103.722513148988511, 1.213729444732071 ], [ 103.722730547564396, 1.213696095328312 ], [ 103.722830736055414, 1.213659068468778 ], [ 103.722922911849309, 1.213637996965089 ], [ 103.723016407934594, 1.213585474455311 ], [ 103.723129581288504, 1.213559599825833 ], [ 103.723202962086191, 1.213513340107265 ], [ 103.723219528767345, 1.213493991019756 ], [ 103.723379214385147, 1.213472953917038 ], [ 103.723470061577487, 1.21342194428225 ], [ 103.723686578302406, 1.213375701247885 ], [ 103.723768049553456, 1.213345587448373 ], [ 103.723900874467958, 1.213315210758543 ], [ 103.72397624688152, 1.213255810692795 ], [ 103.724091255367739, 1.213265097757997 ], [ 103.724187197746289, 1.213243163598799 ], [ 103.724275581357247, 1.213210499757821 ], [ 103.724491415632357, 1.213153105822869 ], [ 103.724704829761336, 1.213061710407247 ], [ 103.724777739420361, 1.213045035074989 ], [ 103.724798334312652, 1.213020972595014 ], [ 103.724956691170448, 1.212972988013705 ], [ 103.724991152634445, 1.212953639634877 ], [ 103.725046166592989, 1.212936965382605 ], [ 103.72508062895453, 1.2129176160982 ], [ 103.725171433405961, 1.212900941474965 ], [ 103.725223790563916, 1.212881592908272 ], [ 103.725306311947051, 1.212856580617507 ], [ 103.725331161492107, 1.212827557868364 ], [ 103.725340773222854, 1.212819220020164 ], [ 103.725384523859873, 1.212791200064431 ], [ 103.725422289021068, 1.212775194340754 ], [ 103.725459573716734, 1.212753135690366 ], [ 103.725492882349585, 1.212757305238836 ], [ 103.725573411133936, 1.212747174165737 ], [ 103.725600560205891, 1.21275767491707 ], [ 103.725652951361397, 1.21271915292585 ], [ 103.725744402707733, 1.212703146633077 ], [ 103.725772276881145, 1.212668108172231 ], [ 103.725814996022095, 1.212662761472624 ], [ 103.725852341656264, 1.212667440334781 ], [ 103.725941249920993, 1.212613088003454 ], [ 103.725949209348613, 1.212603079726892 ], [ 103.726011782241031, 1.212592737206461 ], [ 103.726043683778329, 1.21259748638909 ], [ 103.726135956429587, 1.212556889558609 ], [ 103.726191948817515, 1.212541200172668 ], [ 103.726225432724405, 1.212520865981208 ], [ 103.726353005193118, 1.212505175823356 ], [ 103.726404769175772, 1.212466549789244 ], [ 103.726443739278039, 1.212472336553327 ], [ 103.726567747556544, 1.212451141380714 ], [ 103.726575542559772, 1.21244097392748 ], [ 103.726603048182611, 1.212432636784313 ], [ 103.726637511426645, 1.212413288382721 ], [ 103.72681586024332, 1.212385936635036 ], [ 103.726888043369456, 1.212359253523673 ], [ 103.726900668532323, 1.212355426755363 ], [ 103.726940941283132, 1.212343220340693 ], [ 103.726943057307523, 1.212342578326035 ], [ 103.727037155690425, 1.212302703217147 ], [ 103.727101693915486, 1.21230790947565 ], [ 103.727138576904537, 1.212287206425667 ], [ 103.727265170720216, 1.212252520021717 ], [ 103.727317527854026, 1.212233171411734 ], [ 103.727390437480722, 1.212216496005136 ], [ 103.727439021700803, 1.212198543581881 ], [ 103.727454460181036, 1.212192838557817 ], [ 103.727463079697387, 1.212190867383746 ], [ 103.727587285013257, 1.212162461676926 ], [ 103.727639642143544, 1.212143113060308 ], [ 103.727718824344279, 1.212125012613315 ], [ 103.727782803488381, 1.21208907751212 ], [ 103.727855712210882, 1.21207240209227 ], [ 103.727943860520313, 1.212035042656666 ], [ 103.728034664730004, 1.212000355717136 ], [ 103.728098642969016, 1.21196442060774 ], [ 103.728177826061099, 1.211946320146526 ], [ 103.728301764438015, 1.211872937665444 ], [ 103.728356778359938, 1.211856261532851 ], [ 103.728479799181301, 1.211787170213646 ], [ 103.728550891082605, 1.211770918849725 ], [ 103.728571520232279, 1.211766203394973 ], [ 103.728709002191067, 1.211684798808281 ], [ 103.728768367091931, 1.21165813323215 ], [ 103.728780355384913, 1.211649578415263 ], [ 103.728831909896002, 1.211612787275989 ], [ 103.728837186978325, 1.211609823880311 ], [ 103.728879324565568, 1.211586161929617 ], [ 103.72894599119428, 1.211548725658367 ], [ 103.728983109417086, 1.211532051531183 ], [ 103.729042999310479, 1.211498419653579 ], [ 103.729089153385516, 1.211494690939848 ], [ 103.72909403157594, 1.211490458705607 ], [ 103.72909876420232, 1.211486353981033 ], [ 103.729101052915993, 1.211504624933766 ], [ 103.729105807296847, 1.211542570418859 ], [ 103.729114432761037, 1.211549469240679 ], [ 103.729142952499359, 1.211572278402428 ], [ 103.729223600115461, 1.211531603233424 ], [ 103.729315901670901, 1.211485051955296 ], [ 103.729281953885646, 1.211442028243273 ], [ 103.729291898513793, 1.21142153574117 ], [ 103.729279122801941, 1.211415022922902 ], [ 103.729277716655986, 1.211414306612342 ], [ 103.729282268825386, 1.211382856628651 ], [ 103.729308954806513, 1.211355698706885 ], [ 103.72931350607692, 1.211324247818675 ], [ 103.729331401765265, 1.211324247605553 ], [ 103.729349297453581, 1.211324248296675 ], [ 103.729349297241654, 1.211306236080466 ], [ 103.72943014869152, 1.211315839928779 ], [ 103.729465108772956, 1.211296720311074 ], [ 103.729555047935008, 1.211255174586838 ], [ 103.729661956465861, 1.211188650076541 ], [ 103.729685762991068, 1.211177656640569 ], [ 103.729737259483144, 1.211153875659282 ], [ 103.729830327061791, 1.211070179451058 ], [ 103.729877712668539, 1.211027564929805 ], [ 103.729903358228242, 1.210998665156365 ], [ 103.729972308370122, 1.210950188469758 ], [ 103.730038769853635, 1.210919495098298 ], [ 103.730091441196592, 1.210882450752953 ], [ 103.730185222445741, 1.210839132599459 ], [ 103.730262843652085, 1.21080328025295 ], [ 103.730304250286764, 1.210743615520793 ], [ 103.730313514460576, 1.210730265654412 ], [ 103.730289301097713, 1.210522216705551 ], [ 103.730284984355066, 1.210505994964244 ], [ 103.730254515609417, 1.21039150765304 ], [ 103.730237880797802, 1.210170531110958 ], [ 103.730234601971617, 1.210126978626254 ], [ 103.730226161482562, 1.210099450369005 ], [ 103.730232172985254, 1.210087489481279 ], [ 103.730270189481544, 1.210076443225035 ], [ 103.730283386084636, 1.21007260922641 ], [ 103.7303170972028, 1.210029901927103 ], [ 103.730291730495793, 1.209979419361521 ], [ 103.730275584530446, 1.209971198075953 ], [ 103.730267963491059, 1.209967318063227 ], [ 103.730261952672933, 1.209937345403179 ], [ 103.730270559028085, 1.209783893256024 ], [ 103.730287433128808, 1.209735438984494 ], [ 103.730290654645941, 1.209726189273042 ], [ 103.73032374685981, 1.209631163590081 ], [ 103.730344210777332, 1.20948045573511 ], [ 103.730396507245345, 1.209352315688671 ], [ 103.730413721215029, 1.20929757700355 ], [ 103.730447954350907, 1.209207288419921 ], [ 103.730448278746209, 1.209206431999624 ], [ 103.730468087524144, 1.209154186744342 ], [ 103.730503196281987, 1.209027400776311 ], [ 103.730559599913676, 1.208944905939777 ], [ 103.73059335438154, 1.208847987442767 ], [ 103.730611153846397, 1.208754129609811 ], [ 103.730647039402641, 1.208685881339511 ], [ 103.730801804371296, 1.208355796179765 ], [ 103.730879676871069, 1.208253599675712 ], [ 103.730985685200224, 1.20810811685325 ], [ 103.731105158246791, 1.207996703735646 ], [ 103.73118389603448, 1.207893365041732 ], [ 103.731219003846704, 1.207838627025529 ], [ 103.731255476444943, 1.207785294441955 ], [ 103.731272689486872, 1.207730555748362 ], [ 103.731341875996662, 1.207629362743288 ], [ 103.731362847715488, 1.207569153692887 ], [ 103.731367694343376, 1.207543596549118 ], [ 103.731371454456507, 1.207523772127734 ], [ 103.73138934966606, 1.207487748367405 ], [ 103.731390081975348, 1.207487158749701 ], [ 103.731399283913305, 1.207479746025214 ], [ 103.73141520449515, 1.207459728528665 ], [ 103.73143507478629, 1.207443722035362 ], [ 103.731504680989488, 1.207315634159347 ], [ 103.731539466126932, 1.207287597472788 ], [ 103.731546106320607, 1.207234161566676 ], [ 103.731550406088431, 1.207199561665973 ], [ 103.731557937415658, 1.207199561045305 ], [ 103.731568300852516, 1.207199561435648 ], [ 103.731568301522159, 1.207181549217664 ], [ 103.731648986216769, 1.207009032158435 ], [ 103.731655445233173, 1.206995221858584 ], [ 103.731682855615858, 1.206936614675329 ], [ 103.731792332179992, 1.206740614168029 ], [ 103.731810647096125, 1.206701546330261 ], [ 103.731846018235302, 1.206668566406966 ], [ 103.731871838113449, 1.206613493415913 ], [ 103.731913937254163, 1.206533408135067 ], [ 103.731923356225337, 1.206464050098157 ], [ 103.731926205284338, 1.206443068055243 ], [ 103.731944100942201, 1.206443067822042 ], [ 103.731944100710407, 1.206425056508059 ], [ 103.73196199636817, 1.20642505627473 ], [ 103.731961995904385, 1.206389031838028 ], [ 103.731978755070614, 1.206385626631397 ], [ 103.731991774602989, 1.206382981854631 ], [ 103.732015680847653, 1.206371020727552 ], [ 103.73201654162186, 1.206371020759806 ], [ 103.732033576505103, 1.206371020493719 ], [ 103.732033576272713, 1.206353008275313 ], [ 103.73205898032235, 1.206365717350325 ], [ 103.732063006478825, 1.206367730615458 ], [ 103.732065064677712, 1.206351309250472 ], [ 103.732069367122065, 1.206316985179156 ], [ 103.732069367555226, 1.206280961646718 ], [ 103.732077650393393, 1.206271287070475 ], [ 103.732096873768157, 1.206254612221846 ], [ 103.732130007815186, 1.206215914820778 ], [ 103.732197507968223, 1.206157377862082 ], [ 103.732255562449637, 1.206064082220992 ], [ 103.732347406748616, 1.205984435597825 ], [ 103.732417659343795, 1.205893041380986 ], [ 103.732595030093734, 1.20576873501479 ], [ 103.73272320627018, 1.205624201608769 ], [ 103.732821611808788, 1.205461849308989 ], [ 103.732972410223439, 1.205280641148529 ], [ 103.733006155787308, 1.205251371752448 ], [ 103.733050728164343, 1.205179746866043 ], [ 103.733099004013141, 1.205137883832933 ], [ 103.733151362050478, 1.205064499340264 ], [ 103.733277956719135, 1.204921742918858 ], [ 103.73333992552746, 1.204840021444433 ], [ 103.733375715925305, 1.204840020957406 ], [ 103.733375716339694, 1.204803997423108 ], [ 103.733417666426206, 1.204793162881229 ], [ 103.733447296406865, 1.204749962502476 ], [ 103.733511572984426, 1.2047065861455 ], [ 103.733518878268313, 1.204695926675379 ], [ 103.733518878025208, 1.204677915360306 ], [ 103.733518877782146, 1.204659903140869 ], [ 103.73353677342925, 1.20465990289615 ], [ 103.733536773185975, 1.204641892485408 ], [ 103.733593813573464, 1.20461160291211 ], [ 103.733628818052722, 1.204554418546988 ], [ 103.73367311025855, 1.204526961875031 ], [ 103.733697435564636, 1.204455107425832 ], [ 103.733726795974775, 1.204436901848032 ], [ 103.733733620571428, 1.20442575128981 ], [ 103.733763599732811, 1.204416428398424 ], [ 103.733795747078503, 1.204380210702627 ], [ 103.733842572713996, 1.204338101613558 ], [ 103.733951865903393, 1.204186531490356 ], [ 103.733975711365488, 1.20416509079672 ], [ 103.733992593931674, 1.204128045949318 ], [ 103.734053925018344, 1.204088786134717 ], [ 103.73410097799821, 1.204020995821221 ], [ 103.734135755058688, 1.203965940312563 ], [ 103.734166809504728, 1.203938026442601 ], [ 103.734278270256709, 1.203800579836598 ], [ 103.734333615831176, 1.203750819224108 ], [ 103.734375837674392, 1.203703257544587 ], [ 103.734423091893078, 1.203660760486998 ], [ 103.734439973800932, 1.203641728760336 ], [ 103.734503498186271, 1.203601060919085 ], [ 103.734547344597672, 1.203551669767041 ], [ 103.734566253471044, 1.203534678358772 ], [ 103.734618925006259, 1.203461610369912 ], [ 103.734662580292635, 1.203404924607616 ], [ 103.734673624404081, 1.20339058360338 ], [ 103.734679130224848, 1.203372626749748 ], [ 103.734690506704013, 1.20333552924307 ], [ 103.734701898613224, 1.203319113640019 ], [ 103.734761772178061, 1.203232839480313 ], [ 103.734777640507204, 1.202964896862202 ], [ 103.734724496620743, 1.202880801727263 ], [ 103.734648625241121, 1.20281255384148 ], [ 103.734579937529318, 1.202717306424498 ], [ 103.734379909656298, 1.20260789820588 ], [ 103.734261020645917, 1.202580054825162 ], [ 103.734200276244309, 1.202546827172445 ], [ 103.734136768761303, 1.202543010242807 ], [ 103.734127314042041, 1.20253451430053 ], [ 103.734118498321308, 1.202521655729113 ], [ 103.734002047819075, 1.202495376976665 ], [ 103.733921519957036, 1.20251354722332 ], [ 103.733844993545375, 1.202496291863508 ], [ 103.73379246986859, 1.202530714556215 ], [ 103.733759562191011, 1.202523292136546 ], [ 103.733699646919604, 1.202570010290265 ], [ 103.733652594106715, 1.202559403988017 ], [ 103.733626249375078, 1.202570538454872 ], [ 103.733472496890855, 1.202577890704794 ], [ 103.733422097108729, 1.202617221451904 ], [ 103.733383021250518, 1.202631925876692 ], [ 103.733350515958648, 1.20265324415771 ], [ 103.733311440099598, 1.20266794948575 ], [ 103.733268492966772, 1.20269611070364 ], [ 103.733168278449128, 1.202721984478226 ], [ 103.73307652192463, 1.202763847718622 ], [ 103.733037349343689, 1.202794399306312 ], [ 103.733001734965057, 1.20282217553164 ], [ 103.732980796247418, 1.202817454880727 ], [ 103.732954681253148, 1.202811568312771 ], [ 103.732903135601447, 1.202833362482941 ], [ 103.732838860379573, 1.20284071529476 ], [ 103.732793292117123, 1.202848894483084 ], [ 103.732741266737023, 1.202868558854837 ], [ 103.732638604940178, 1.20288697513194 ], [ 103.732544419958359, 1.20292259453344 ], [ 103.732357070739994, 1.202943755108401 ], [ 103.732230196138488, 1.2029794438213 ], [ 103.732185685888666, 1.202974887783845 ], [ 103.732132000576797, 1.202980393357742 ], [ 103.73203357630247, 1.2029702978839 ], [ 103.731935152182345, 1.202980393238328 ], [ 103.731858452015558, 1.202972530540989 ], [ 103.731739135545538, 1.202938952462195 ], [ 103.731549471653651, 1.202914520285339 ], [ 103.731416192381488, 1.202928187454682 ], [ 103.731335663679772, 1.202919938435442 ], [ 103.73125513616273, 1.202928187726919 ], [ 103.731167783300535, 1.202919234850628 ], [ 103.731130699178394, 1.202940606288187 ], [ 103.731099081875286, 1.202954417448059 ], [ 103.73108290303125, 1.202961484442869 ], [ 103.731061807199126, 1.202953504443455 ], [ 103.731022969627915, 1.202938811584741 ], [ 103.730925532975292, 1.202948802937706 ], [ 103.7307791132354, 1.202907608144594 ], [ 103.730719109753124, 1.202884917190124 ], [ 103.7306279735446, 1.202868559220992 ], [ 103.730528396053757, 1.202846255639865 ], [ 103.730458798960228, 1.202853396571763 ], [ 103.730414061396004, 1.202848805226839 ], [ 103.730359030112041, 1.202854451795242 ], [ 103.730253310459176, 1.202830758867893 ], [ 103.730178330369085, 1.202838445823811 ], [ 103.730102678657971, 1.202809845146586 ], [ 103.730029314994724, 1.202817372991852 ], [ 103.72998457653388, 1.202812782544283 ], [ 103.729929545250542, 1.202818428199595 ], [ 103.729812588927118, 1.202792219790753 ], [ 103.729735013929755, 1.202800170709616 ], [ 103.729663293689114, 1.202758834917147 ], [ 103.729506894456364, 1.20273538781947 ], [ 103.729358769451309, 1.202668635561128 ], [ 103.729340349916754, 1.202670516836361 ], [ 103.72932245435419, 1.202668688430526 ], [ 103.729267423073523, 1.202674334976887 ], [ 103.729206135300871, 1.202660597144501 ], [ 103.72918306792964, 1.202634617499268 ], [ 103.729045078679334, 1.202624573756834 ], [ 103.729045079362976, 1.202606561539679 ], [ 103.728937708271488, 1.202606561930889 ], [ 103.728813551138103, 1.202584820761365 ], [ 103.728750795606288, 1.202560529839429 ], [ 103.728436109373362, 1.202514884386943 ], [ 103.72831645292807, 1.202468588983813 ], [ 103.728254352089991, 1.202476380387389 ], [ 103.728213939808214, 1.202452459299575 ], [ 103.728042948213499, 1.202444455377569 ], [ 103.728019041109931, 1.202432494236393 ], [ 103.727989262015285, 1.202426443789712 ], [ 103.727872279682629, 1.20240009421844 ], [ 103.727784131868404, 1.202362734229097 ], [ 103.727720834836433, 1.202354397147626 ], [ 103.727671701775904, 1.202349823674727 ], [ 103.72762680674208, 1.202304933822059 ], [ 103.727559778054385, 1.202300360554249 ], [ 103.727512104232815, 1.202294310309164 ], [ 103.727464290033794, 1.202270388922242 ], [ 103.727434510942643, 1.202264338469729 ], [ 103.72741824153708, 1.202243124170033 ], [ 103.727343060741319, 1.202213363139174 ], [ 103.727173877779009, 1.202184445818973 ], [ 103.727111637641528, 1.202146663580393 ], [ 103.727005027039581, 1.202138255150822 ], [ 103.726951341955711, 1.202138255759597 ], [ 103.726941563786184, 1.202130076308984 ], [ 103.726820429823235, 1.202117657353179 ], [ 103.726730241215776, 1.202134441518523 ], [ 103.726622228732666, 1.202154543090997 ], [ 103.726605647323424, 1.202116058137337 ], [ 103.726603214377235, 1.202110410289064 ], [ 103.726534377757403, 1.202040017320738 ], [ 103.726377235602428, 1.202084238143381 ], [ 103.726244480362936, 1.202070623135103 ], [ 103.726144642011761, 1.202080861114133 ], [ 103.726101022122947, 1.202055724405158 ], [ 103.726084254233143, 1.202076040277194 ], [ 103.725925154345163, 1.202094000077028 ], [ 103.725911781243852, 1.202154703164444 ], [ 103.725905301836406, 1.202184111012574 ], [ 103.725881343322357, 1.202200469102077 ], [ 103.725855041582278, 1.202168600085926 ], [ 103.725823698541376, 1.20213062189184 ], [ 103.725762141122672, 1.202166099455688 ], [ 103.725697759973613, 1.202194208149103 ], [ 103.725581720550878, 1.202182300305948 ], [ 103.725490293388475, 1.202255128713274 ], [ 103.725485071084165, 1.20225928948383 ], [ 103.725457922207198, 1.20229218192704 ], [ 103.725448145196992, 1.202300360605072 ], [ 103.725402743150553, 1.202308698842768 ], [ 103.725386175659992, 1.202328047952856 ], [ 103.725331161922, 1.202344722232894 ], [ 103.725314595329252, 1.202364071342509 ], [ 103.725191661053529, 1.202435414422578 ], [ 103.725134314752239, 1.202452793104761 ], [ 103.725126031005644, 1.202462467658864 ], [ 103.725083004507596, 1.202473583287024 ], [ 103.725040583611317, 1.202484542483712 ], [ 103.725018660499231, 1.202516501826921 ], [ 103.724982869242709, 1.20251650220619 ], [ 103.724982869430988, 1.202534514421007 ], [ 103.724964973802628, 1.202534514610454 ], [ 103.724906203446281, 1.202549693817721 ], [ 103.724892022121182, 1.202575958690028 ], [ 103.72487549820832, 1.202606561701924 ], [ 103.724863475196756, 1.202630483453604 ], [ 103.724839707325444, 1.202642584699926 ], [ 103.724784038817546, 1.20263011491254 ], [ 103.724777132839719, 1.20263082275302 ], [ 103.724731051655667, 1.202635549826768 ], [ 103.724670533813196, 1.202670429620534 ], [ 103.724490979097524, 1.202693559664983 ], [ 103.724330525685247, 1.202742476590949 ], [ 103.724154089131858, 1.20277973199628 ], [ 103.724062097366087, 1.20281452368919 ], [ 103.723953066084178, 1.202830881948168 ], [ 103.723923471171005, 1.202847940673333 ], [ 103.723908450429377, 1.202856598446424 ], [ 103.72388736437766, 1.202851874103258 ], [ 103.723770680379658, 1.202825728755331 ], [ 103.723614717768967, 1.202850547236082 ], [ 103.72342808465703, 1.202871619494172 ], [ 103.723372302670981, 1.20286590346223 ], [ 103.723327563862568, 1.202870494007049 ], [ 103.723282825421848, 1.202865903449844 ], [ 103.723238087511916, 1.202870493993194 ], [ 103.723166507085864, 1.202863141321503 ], [ 103.723041240758064, 1.202875998995643 ], [ 103.722933870120443, 1.202864971336207 ], [ 103.722853341702603, 1.202873237558943 ], [ 103.722790707707745, 1.202866817640964 ], [ 103.722754918098374, 1.202870494229252 ], [ 103.722611756352507, 1.202855806945974 ], [ 103.722468594321967, 1.202870493390605 ], [ 103.722417032625458, 1.202865198945264 ], [ 103.722374286801241, 1.202889842013579 ], [ 103.72231648587497, 1.202883914256357 ], [ 103.722271747964569, 1.202888505687947 ], [ 103.722235956855172, 1.202884829791831 ], [ 103.722180926466947, 1.202890476192704 ], [ 103.722074331770528, 1.202866588478657 ], [ 103.722054907720931, 1.202890124652821 ], [ 103.721985424414854, 1.20288298184865 ], [ 103.721850905188404, 1.202896790477916 ], [ 103.721779630213575, 1.202912762227933 ], [ 103.721689149123875, 1.202895770031053 ], [ 103.721607431715285, 1.202866255467565 ], [ 103.721554375454545, 1.202869438450143 ], [ 103.721253285548357, 1.20284801430632 ], [ 103.721188879279026, 1.202851884129051 ], [ 103.72106403219658, 1.202829544796399 ], [ 103.720992241054404, 1.202833854733853 ], [ 103.72091740072841, 1.20282936960576 ], [ 103.720817501348606, 1.202793293106859 ], [ 103.720750655619995, 1.202797302994388 ], [ 103.720714866250731, 1.202795139174698 ], [ 103.720688023192423, 1.202796757775247 ], [ 103.720652232924024, 1.202794612041958 ], [ 103.720590954378352, 1.202798288446645 ], [ 103.720552428043575, 1.202754877386437 ], [ 103.720356455254077, 1.202724147994317 ], [ 103.720285704654131, 1.202705063876242 ], [ 103.720234831782136, 1.202708123930694 ], [ 103.720189237911853, 1.202683182391112 ], [ 103.720044687040684, 1.202691853726525 ], [ 103.719973875613576, 1.202666278979818 ], [ 103.719875146177856, 1.202672206572873 ], [ 103.719856403230622, 1.202651081661599 ], [ 103.719712228101756, 1.20263408896234 ], [ 103.719596415781197, 1.202606561608185 ], [ 103.719587974672791, 1.202597045539507 ], [ 103.7194616950229, 1.202562042270712 ], [ 103.719373232851325, 1.202524998532268 ], [ 103.71928274281143, 1.202508007161667 ], [ 103.719193092620614, 1.202475624458133 ], [ 103.71903221080666, 1.20245397173935 ], [ 103.718859322522832, 1.202381590938036 ], [ 103.718727991647981, 1.202363913222693 ], [ 103.718672654939695, 1.202325004255482 ], [ 103.718531144597506, 1.202291865099725 ], [ 103.718514264187476, 1.202272833861027 ], [ 103.718459066192466, 1.202247345652363 ], [ 103.718401273557788, 1.202215737503947 ], [ 103.718298506923176, 1.202183794642163 ], [ 103.718277964380249, 1.202138730235013 ], [ 103.718191136209427, 1.202111747575584 ], [ 103.718087898088299, 1.202074457184206 ], [ 103.718038109733811, 1.202077448512803 ], [ 103.717915456157698, 1.202051063915595 ], [ 103.717680206205159, 1.202036956678983 ], [ 103.717567880675261, 1.202061107441674 ], [ 103.717478028120041, 1.202055724452 ], [ 103.717417413723112, 1.202077606558561 ], [ 103.717368298603006, 1.202074668895676 ], [ 103.717175050626921, 1.202097641413715 ], [ 103.717037612905202, 1.202073050402028 ], [ 103.71693897963533, 1.202078977893837 ], [ 103.716826496373727, 1.202072223800963 ], [ 103.716544778528828, 1.202092716326079 ], [ 103.716518440796207, 1.202107129843594 ], [ 103.716510001795598, 1.202111748065126 ], [ 103.716289108333967, 1.202137797782303 ], [ 103.716207574211154, 1.202195104688319 ], [ 103.716176848585746, 1.202178306617034 ], [ 103.716139367222695, 1.202157815737134 ], [ 103.716098359959233, 1.202204005239586 ], [ 103.716026778558117, 1.202199713653591 ], [ 103.71600893598989, 1.202219818693044 ], [ 103.715916165900012, 1.202237249905047 ], [ 103.715883669726935, 1.202273853518258 ], [ 103.715793180970167, 1.202290845303865 ], [ 103.715698198688273, 1.202330615096523 ], [ 103.715497909537063, 1.202384597812869 ], [ 103.71536941037445, 1.202376894285632 ], [ 103.715292309608543, 1.202431102100343 ], [ 103.715291354463659, 1.202431774000899 ], [ 103.715284647968545, 1.20243217524648 ], [ 103.715189986113117, 1.202437841484792 ], [ 103.71513156500815, 1.20241675189504 ], [ 103.714983719196695, 1.202470136358998 ], [ 103.714910356571494, 1.202474551877434 ], [ 103.71479638793798, 1.202450031412898 ], [ 103.714719416169274, 1.202492141544685 ], [ 103.714617505643929, 1.202486019971539 ], [ 103.714577320635712, 1.202508006907228 ], [ 103.714540516935628, 1.20252499828626 ], [ 103.714524567607583, 1.202542974525791 ], [ 103.714521773105588, 1.202546123397158 ], [ 103.714515113367383, 1.202545724281123 ], [ 103.714460494888684, 1.202542447187686 ], [ 103.714406809680867, 1.202545666177227 ], [ 103.714326761641232, 1.202540864113496 ], [ 103.714308892175694, 1.202580054826672 ], [ 103.714200507782081, 1.202597045771758 ], [ 103.714170517746766, 1.202607878729164 ], [ 103.714102285631014, 1.202632524157935 ], [ 103.714043094338408, 1.202636076608137 ], [ 103.714038434776597, 1.202633527906836 ], [ 103.71399252021348, 1.202608408094976 ], [ 103.71388408227368, 1.202637642297798 ], [ 103.713778092522844, 1.20263129261349 ], [ 103.713735232738557, 1.20265108091024 ], [ 103.713668196011724, 1.202687755319107 ], [ 103.713396351487447, 1.202716267839525 ], [ 103.713324656452158, 1.202742160211836 ], [ 103.713144691357144, 1.20275915156235 ], [ 103.713095278417072, 1.20278618622236 ], [ 103.713019766139865, 1.202758923549543 ], [ 103.712929451429076, 1.202822404047936 ], [ 103.712786786640336, 1.202849210277735 ], [ 103.712709518362502, 1.202870036140961 ], [ 103.712608175691116, 1.202863968778427 ], [ 103.712482821784306, 1.202886394121427 ], [ 103.71244738989715, 1.202867011128978 ], [ 103.712394106511553, 1.20288625451165 ], [ 103.712339407172834, 1.202903245060673 ], [ 103.712239122880149, 1.202939463053019 ], [ 103.712106770677721, 1.202957281238066 ], [ 103.711976016153287, 1.202992531093156 ], [ 103.711802053532224, 1.203019812467759 ], [ 103.711760985240787, 1.20304228044032 ], [ 103.71171125869671, 1.203069485983786 ], [ 103.71165822159017, 1.203066300244845 ], [ 103.711633053493898, 1.203064788828321 ], [ 103.711573558496895, 1.203068360201322 ], [ 103.711504056841576, 1.203030348493439 ], [ 103.711462542231544, 1.203047339616313 ], [ 103.711445661978573, 1.203066372089935 ], [ 103.711390962632194, 1.203083363523197 ], [ 103.711334334461711, 1.203114337231193 ], [ 103.711330216490367, 1.203116589815138 ], [ 103.711316291345369, 1.203117425724605 ], [ 103.711239359816105, 1.203122043558135 ], [ 103.71115851659566, 1.203117188910874 ], [ 103.711050953268483, 1.203137398392214 ], [ 103.711001856587814, 1.203164257578978 ], [ 103.710991404864856, 1.203169974492754 ], [ 103.710987853233064, 1.203165973428786 ], [ 103.71096209783822, 1.203136959384172 ], [ 103.710905913146235, 1.20317646577125 ], [ 103.710821959292048, 1.203171435526872 ], [ 103.710770825637326, 1.203199401557878 ], [ 103.710621468660705, 1.203227457197152 ], [ 103.710601553980737, 1.203249894455575 ], [ 103.710590711114492, 1.203262109200891 ], [ 103.710542736840608, 1.203264986521234 ], [ 103.710505657029913, 1.203267209575306 ], [ 103.710442700399497, 1.203263428291757 ], [ 103.710371949069796, 1.20328251257685 ], [ 103.710299355887472, 1.203299504983891 ], [ 103.710256592051692, 1.203322899827426 ], [ 103.71004983628643, 1.203354560332563 ], [ 103.709905660604036, 1.203371552185024 ], [ 103.709738042711578, 1.203410337213297 ], [ 103.709598987877555, 1.203401999873732 ], [ 103.709492454300587, 1.203440485616721 ], [ 103.70936931136977, 1.20344787315771 ], [ 103.709280290831288, 1.203442526106117 ], [ 103.709249378715882, 1.203477341775254 ], [ 103.709248571812793, 1.203478250623472 ], [ 103.709243047758036, 1.20347858317626 ], [ 103.709190359884602, 1.203481750556951 ], [ 103.709121916068554, 1.203477635280991 ], [ 103.709079852178604, 1.203500642164809 ], [ 103.708982905005911, 1.203494819949169 ], [ 103.708922438783176, 1.203516665687827 ], [ 103.708849844691017, 1.203533658054413 ], [ 103.708811423448196, 1.20355467731045 ], [ 103.708729820987443, 1.203549787284832 ], [ 103.708671757417804, 1.203570754086884 ], [ 103.708653504236409, 1.20356964630649 ], [ 103.708608766400289, 1.203572337441888 ], [ 103.708537264064205, 1.20356804565941 ], [ 103.708467430876397, 1.203589750779711 ], [ 103.70844699016267, 1.203600931385774 ], [ 103.708403372703501, 1.203624790096906 ], [ 103.708376129054471, 1.203623153751976 ], [ 103.7083492850943, 1.203624772228759 ], [ 103.708338388892656, 1.203624116967172 ], [ 103.708266476837224, 1.203619794410205 ], [ 103.708219402721923, 1.20364554759976 ], [ 103.708209889958695, 1.203650752675712 ], [ 103.708199887909359, 1.203647140186857 ], [ 103.708129710936873, 1.203621799398938 ], [ 103.708044560925671, 1.203641728534979 ], [ 103.707984094694226, 1.203663575155932 ], [ 103.707916821634115, 1.203659528635022 ], [ 103.70786887773609, 1.203685754759813 ], [ 103.707823955602151, 1.203710327847521 ], [ 103.707807035732301, 1.203691263085719 ], [ 103.707789143724895, 1.203671103094846 ], [ 103.70756004566465, 1.203720373035128 ], [ 103.70755514244695, 1.203721427295134 ], [ 103.707413136134875, 1.203729955176132 ], [ 103.707365049541039, 1.203732842381807 ], [ 103.707338207525822, 1.203731224132334 ], [ 103.70731136446355, 1.203732842598683 ], [ 103.707293469787317, 1.203731752008653 ], [ 103.707275215606117, 1.203732860813253 ], [ 103.707248731563226, 1.203723291417708 ], [ 103.707185433842511, 1.203731629414118 ], [ 103.707150805270174, 1.20375106618579 ], [ 103.707132411938758, 1.203749587599632 ], [ 103.707118591005838, 1.203750702035814 ], [ 103.707096622353546, 1.203752472660082 ], [ 103.707090878200063, 1.203752009358478 ], [ 103.707028606293377, 1.203746984527372 ], [ 103.706975704984515, 1.203780214697635 ], [ 103.706882631025209, 1.20383868015315 ], [ 103.706828857920868, 1.203877059723807 ], [ 103.706773844142901, 1.203911746720114 ], [ 103.706702385977877, 1.203962738615924 ], [ 103.706655288929426, 1.204017758778293 ], [ 103.706594892914126, 1.20405584049833 ], [ 103.706578325423706, 1.204111212980063 ], [ 103.706559101993548, 1.204145899836917 ], [ 103.706540744416216, 1.204187306152975 ], [ 103.706505417173844, 1.204217947038682 ], [ 103.706488849812104, 1.204309342115951 ], [ 103.706447754648494, 1.204367669810931 ], [ 103.70645870384476, 1.204504745563684 ], [ 103.706428191535437, 1.20461693129732 ], [ 103.706443831828068, 1.204812810775806 ], [ 103.706492126813984, 1.204928232396494 ], [ 103.706515028027752, 1.204948091477334 ], [ 103.706521039539098, 1.204996076367738 ], [ 103.706532923024113, 1.205020138412603 ], [ 103.706491121229448, 1.205028633851024 ], [ 103.706503145132302, 1.205086134733091 ], [ 103.706544807604857, 1.205098237065045 ], [ 103.706574725232571, 1.205158182374545 ], [ 103.706586609551223, 1.205164233121147 ], [ 103.706592621063976, 1.205212217107138 ], [ 103.706604503651832, 1.205236280056154 ], [ 103.706561889670127, 1.205262699032193 ], [ 103.706580824191306, 1.205316487826724 ], [ 103.706622399616208, 1.205326339193705 ], [ 103.706635340258842, 1.205397752842413 ], [ 103.706754516214147, 1.20549055603598 ], [ 103.706789066639487, 1.205568477588709 ], [ 103.706858138534002, 1.205612028621534 ], [ 103.706881914556007, 1.205717356397755 ], [ 103.706918334229812, 1.205748946603543 ], [ 103.706934928062253, 1.205804424637646 ], [ 103.706955456413411, 1.205802762472791 ], [ 103.707023809973251, 1.205797230057877 ], [ 103.707027199894981, 1.205839673791979 ], [ 103.707023905849596, 1.205880938828672 ], [ 103.707079391163774, 1.205929063491773 ], [ 103.707095957981082, 1.20596642531946 ], [ 103.707158801643601, 1.205985474141858 ], [ 103.707188876460421, 1.206086016320218 ], [ 103.707240447220073, 1.2061091821811 ], [ 103.707257014939103, 1.206146542199418 ], [ 103.707312029162722, 1.206181228903123 ], [ 103.707328595016023, 1.206200577622502 ], [ 103.70738360917133, 1.206217252121987 ], [ 103.707392318432809, 1.206236892584438 ], [ 103.707400176892904, 1.20625461213969 ], [ 103.707435504034251, 1.206285253611833 ], [ 103.707462442193332, 1.206346008180805 ], [ 103.707507547716276, 1.206398706622898 ], [ 103.707576270705175, 1.206429575738289 ], [ 103.707613818165584, 1.20649731429276 ], [ 103.707637086928557, 1.206575095137029 ], [ 103.70778506264395, 1.206615639192375 ], [ 103.707817480447019, 1.206724008739325 ], [ 103.707862506799884, 1.206720368054529 ], [ 103.707884674882422, 1.206739593133448 ], [ 103.707934367074131, 1.206797638378336 ], [ 103.708044429416333, 1.206893080034349 ], [ 103.708062613380079, 1.20701318212872 ], [ 103.708157830246634, 1.207055942123525 ], [ 103.708283315138956, 1.207160424501309 ], [ 103.708323478458667, 1.207182981179986 ], [ 103.708364294980058, 1.20720590325113 ], [ 103.708433650183309, 1.207244854671614 ], [ 103.708509222747296, 1.207251841657379 ], [ 103.708618377927166, 1.207261933966252 ], [ 103.708670735094074, 1.207281282522091 ], [ 103.708855453772813, 1.207300243780537 ], [ 103.708883767953097, 1.207333325790056 ], [ 103.708912286085351, 1.207366644751922 ], [ 103.708921222607671, 1.20736820880763 ], [ 103.709200129086284, 1.20741702108154 ], [ 103.709282756780794, 1.207463417810603 ], [ 103.709307604479818, 1.207477370564365 ], [ 103.70933365222831, 1.207479481639779 ], [ 103.709397606820659, 1.207471730563668 ], [ 103.70949444710881, 1.20745999275155 ], [ 103.709498877652123, 1.207460350178167 ], [ 103.709526672100779, 1.207462596081914 ], [ 103.709591236336578, 1.207444821066001 ], [ 103.709601871249333, 1.207441893224676 ], [ 103.709624846855249, 1.207446934293736 ], [ 103.709646687652707, 1.20745172570636 ], [ 103.709646686838681, 1.207469737006297 ], [ 103.709789849350017, 1.207469737226929 ], [ 103.709789848725904, 1.20746365900096 ], [ 103.70978984926461, 1.207451725926853 ], [ 103.709813616140963, 1.207463827395046 ], [ 103.709831651238787, 1.207499709739174 ], [ 103.709861429429921, 1.207505760386784 ], [ 103.709868831829624, 1.20751541480369 ], [ 103.709879718451575, 1.207529612901218 ], [ 103.70992281791365, 1.207536981814366 ], [ 103.709950906061835, 1.207541784362432 ], [ 103.710030987954013, 1.207555803842165 ], [ 103.710083844562661, 1.207598405385169 ], [ 103.710099378153728, 1.207635517547908 ], [ 103.710103014936578, 1.20764420864552 ], [ 103.710110602908458, 1.207643258505852 ], [ 103.710201647788452, 1.207631855923092 ], [ 103.71022422660954, 1.207629028103778 ], [ 103.710247936985652, 1.207658831574014 ], [ 103.710271036409068, 1.207687866307415 ], [ 103.71034688060773, 1.207748989350215 ], [ 103.710363712582151, 1.207865397053612 ], [ 103.710370455612164, 1.207912028143536 ], [ 103.710421580863752, 1.207953240500132 ], [ 103.710462849564124, 1.208051811652812 ], [ 103.710536487926689, 1.208073000618726 ], [ 103.710541831306088, 1.208074538279435 ], [ 103.710543165384976, 1.20807923469898 ], [ 103.710567301882691, 1.208164192594207 ], [ 103.710622963061113, 1.208180198738579 ], [ 103.710656779445515, 1.208200214740792 ], [ 103.710712438828281, 1.208216221787724 ], [ 103.710789996110421, 1.208246230276818 ], [ 103.710795337720299, 1.208247165630992 ], [ 103.710881455793171, 1.208262253415106 ], [ 103.710885954535655, 1.20828467640435 ], [ 103.710889459745985, 1.208302147054765 ], [ 103.710917246485124, 1.208316288940514 ], [ 103.710980386503422, 1.208360808185323 ], [ 103.711014158059385, 1.208398855378287 ], [ 103.711099222135076, 1.208475352094057 ], [ 103.711158325058975, 1.208541946662334 ], [ 103.71119296377023, 1.208557938278878 ], [ 103.711195128240433, 1.208558937698359 ], [ 103.711198525342496, 1.208562765117876 ], [ 103.711220460504862, 1.208587485978814 ], [ 103.71124881460166, 1.20861297312576 ], [ 103.711283590839884, 1.208668028723378 ], [ 103.711320395111741, 1.208721043264229 ], [ 103.711380546232178, 1.208816237463378 ], [ 103.711408857816338, 1.208848145587048 ], [ 103.711434532662238, 1.208871230622257 ], [ 103.711440627922457, 1.208876711339669 ], [ 103.711471963632533, 1.208934749370475 ], [ 103.711473002226498, 1.208936673902649 ], [ 103.71149833329288, 1.208992240036933 ], [ 103.711533887782608, 1.209024199130983 ], [ 103.711535163607024, 1.209045764637713 ], [ 103.711533852591231, 1.209067875358768 ], [ 103.711588823147764, 1.209117301298737 ], [ 103.711605704537689, 1.209154344784581 ], [ 103.711624613061929, 1.209189349022408 ], [ 103.71163019111286, 1.209207537830387 ], [ 103.711641495447651, 1.209244403809253 ], [ 103.71166040387638, 1.209261395841453 ], [ 103.711677285171433, 1.209280427121528 ], [ 103.711696194499169, 1.209297419153545 ], [ 103.711721525572912, 1.209352984382027 ], [ 103.711749879378388, 1.209405489380908 ], [ 103.711767573905121, 1.209463183136234 ], [ 103.711822465406811, 1.209512557520264 ], [ 103.711834226341239, 1.209525803356306 ], [ 103.71187312727227, 1.209569616992917 ], [ 103.711910936948428, 1.209603618237196 ], [ 103.711927817544748, 1.209658673927209 ], [ 103.712015406028144, 1.209766110813949 ], [ 103.712021563025758, 1.209777514208965 ], [ 103.712063543454491, 1.209855272357496 ], [ 103.712089381251801, 1.209911946355876 ], [ 103.712137807597514, 1.209909026535211 ], [ 103.712167446128475, 1.210005645530641 ], [ 103.712215739874296, 1.210075233942321 ], [ 103.712255226967287, 1.210132132834972 ], [ 103.712324534167863, 1.210284121451197 ], [ 103.712339188379019, 1.210316259566817 ], [ 103.712409790857919, 1.210395805114051 ], [ 103.712410988515202, 1.210397154477982 ], [ 103.712490240445206, 1.210468428199588 ], [ 103.712534817916875, 1.210538974161153 ], [ 103.712536254537667, 1.210541248699526 ], [ 103.71259095463212, 1.210612275331139 ], [ 103.712628543967227, 1.210671762422684 ], [ 103.712662535141149, 1.210702333237161 ], [ 103.712679415655458, 1.21073937671828 ], [ 103.712712280141091, 1.210768928264233 ], [ 103.712768892846697, 1.210847447629518 ], [ 103.712771130054207, 1.210849458129506 ], [ 103.712787801293331, 1.210864439655445 ], [ 103.712813131797901, 1.210892987019853 ], [ 103.712886748505923, 1.210959177053176 ], [ 103.712923364830374, 1.211017131202085 ], [ 103.712940346431751, 1.211044011450541 ], [ 103.712955409529116, 1.211054601315016 ], [ 103.713025558729896, 1.211103921195112 ], [ 103.713092019461087, 1.211134614640016 ], [ 103.713144193038019, 1.211163163200188 ], [ 103.713245072398578, 1.211209757790749 ], [ 103.713326369336514, 1.211261805721067 ], [ 103.713503608063192, 1.21138677945675 ], [ 103.713592070627186, 1.211459846009412 ], [ 103.713651433700988, 1.211497847287169 ], [ 103.713688598741768, 1.211521638219113 ], [ 103.713771023693667, 1.21158592855564 ], [ 103.713861512179122, 1.21160291923128 ], [ 103.713892583915737, 1.211637940275501 ], [ 103.713985766012456, 1.211657975154065 ], [ 103.714031010257187, 1.211666470940997 ], [ 103.714084696402409, 1.211666470606603 ], [ 103.714102224526812, 1.211688510720199 ], [ 103.714164237041771, 1.211712502610958 ], [ 103.714255687885441, 1.211728508464789 ], [ 103.714308821871185, 1.211759959149433 ], [ 103.714424705143657, 1.211774540801209 ], [ 103.714436256622392, 1.211811251232915 ], [ 103.714645960347397, 1.211878081191013 ], [ 103.714658023615314, 1.211881926172024 ], [ 103.71473753001186, 1.211909981222461 ], [ 103.71486347753634, 1.211945300354009 ], [ 103.714863870179954, 1.211945451399988 ], [ 103.714930195506753, 1.211970932950794 ], [ 103.715005956861432, 1.212000039603769 ], [ 103.715078220818398, 1.21201734777517 ], [ 103.715133111038938, 1.212036713512965 ], [ 103.715194440051448, 1.212034270807079 ], [ 103.715199781720756, 1.212034057611775 ], [ 103.715236917595902, 1.21204716346851 ], [ 103.715279829025206, 1.212062306204689 ], [ 103.715310843845558, 1.212063542021208 ], [ 103.715525259243307, 1.212072085894395 ], [ 103.715589036709119, 1.212069553754743 ], [ 103.715626455895659, 1.212076245872823 ], [ 103.715709635102058, 1.212091121767458 ], [ 103.715841801764299, 1.212114759463734 ], [ 103.715901398780403, 1.212125418180271 ], [ 103.716096690388298, 1.212213999153206 ], [ 103.716160538622333, 1.212216548621943 ], [ 103.716195502524116, 1.21221515380699 ], [ 103.716197964454366, 1.21221505533854 ], [ 103.716235885368022, 1.212213541275815 ], [ 103.716298116344319, 1.212235492885758 ], [ 103.716406964211032, 1.21223114853379 ], [ 103.716451212057166, 1.212238906277775 ], [ 103.71647910798545, 1.212243798287312 ], [ 103.716527049591946, 1.212252203714763 ], [ 103.716742473673136, 1.212269510819165 ], [ 103.716834237789541, 1.212293714657632 ], [ 103.716876346345828, 1.212278869544416 ], [ 103.716943964568316, 1.212285562047295 ], [ 103.716990794877916, 1.212290196222675 ], [ 103.717032203899464, 1.212286854580889 ], [ 103.717099896262482, 1.212324866096882 ], [ 103.717126879039299, 1.212314892132565 ], [ 103.717154875477803, 1.212322737790959 ], [ 103.717155600537652, 1.212323683786542 ], [ 103.717170462916883, 1.212343071269515 ], [ 103.717204047142886, 1.212352481717619 ], [ 103.717226455795043, 1.212358761680834 ], [ 103.717253027847818, 1.212393412612267 ], [ 103.717370551736636, 1.212410896314726 ], [ 103.717431097273334, 1.212386939620219 ], [ 103.717460876056293, 1.212380888902023 ], [ 103.717484782407851, 1.212368927914831 ], [ 103.717490390996076, 1.21236731296302 ], [ 103.717521866299691, 1.212358250786541 ], [ 103.717581887491804, 1.212282808648592 ], [ 103.717684313380417, 1.212222213459633 ], [ 103.717710845717249, 1.212218893776865 ], [ 103.717772590972842, 1.21221116683397 ], [ 103.717781551679835, 1.212215060503932 ], [ 103.717863040834231, 1.212250462600806 ], [ 103.717868830746781, 1.212252977884336 ], [ 103.717919980136969, 1.212259382972854 ], [ 103.717961208197195, 1.212264545039474 ], [ 103.718016745004789, 1.212271499263015 ], [ 103.718038916997557, 1.212243622301732 ], [ 103.718098791446963, 1.212259563370237 ], [ 103.718138217174541, 1.212305252601816 ], [ 103.718211798870598, 1.212311129592569 ], [ 103.718367078931067, 1.212356083102026 ], [ 103.718485822413228, 1.212387755368678 ], [ 103.718505159120014, 1.212392438988706 ], [ 103.718519410083886, 1.212400870074249 ], [ 103.718532938171478, 1.212399167734902 ], [ 103.718620804686168, 1.212420450253669 ], [ 103.718804500024348, 1.21251341580502 ], [ 103.71904807311661, 1.212651331664931 ], [ 103.719081561433413, 1.212741227733867 ], [ 103.719173914790289, 1.212835211312275 ], [ 103.719242926099682, 1.212897526701872 ], [ 103.71934847430812, 1.212965973415446 ], [ 103.719699630300724, 1.213077334430152 ], [ 103.720210124432441, 1.213270423121435 ], [ 103.72035119443585, 1.213340914251105 ], [ 103.720484145477542, 1.213411405033197 ], [ 103.720664795088851, 1.213523779793854 ], [ 103.720806880608137, 1.213590185029423 ], [ 103.720953026547733, 1.213634116086729 ], [ 103.721100187377914, 1.213666811364833 ], [ 103.721183410335072, 1.213668857796453 ], [ 103.721240536376726, 1.213660778785987 ], [ 103.72124189293082, 1.213578375938729 ], [ 103.721212799476334, 1.213568159033326 ], [ 103.721042299980653, 1.213421052644916 ], [ 103.720972612833606, 1.213339328719938 ], [ 103.720871122179332, 1.213316170053481 ], [ 103.720872723393811, 1.213314640841514 ], [ 103.720973497937877, 1.213337672867077 ], [ 103.721043087164432, 1.21341897173702 ], [ 103.721215266827386, 1.213567374148595 ], [ 103.721219735978963, 1.213568729071772 ], [ 103.721242774482491, 1.213575711720138 ], [ 103.721242774526004, 1.213683782273448 ], [ 103.721260764788255, 1.213743938581447 ], [ 103.721305406399807, 1.213747544331959 ] ] ], [ [ [ 103.715523254587893, 1.21207376973146 ], [ 103.715458976907101, 1.212070361988217 ], [ 103.715555731652927, 1.212087391771575 ], [ 103.715681579519298, 1.212121447466485 ], [ 103.715763449483632, 1.212118046116063 ], [ 103.715875089002139, 1.212135076538569 ], [ 103.715926508325978, 1.212195008238765 ], [ 103.715967779092665, 1.212251534566918 ], [ 103.716067915755701, 1.212291717994805 ], [ 103.716191058313328, 1.212302620034873 ], [ 103.716310141076221, 1.212299901273925 ], [ 103.716451552381457, 1.212306717277974 ], [ 103.71660108221576, 1.212323749317266 ], [ 103.716695131330056, 1.212325115367517 ], [ 103.716852779580549, 1.212355086474056 ], [ 103.717000278314572, 1.212404126542372 ], [ 103.717066584878495, 1.212427964814101 ], [ 103.717164694206687, 1.212412305475756 ], [ 103.717264154404404, 1.212429335316685 ], [ 103.71740759335033, 1.212485866031857 ], [ 103.717463075559266, 1.212487911379393 ], [ 103.717526679280851, 1.212430027615849 ], [ 103.717542243497789, 1.212383719445643 ], [ 103.717568633406415, 1.212327877036147 ], [ 103.717663358784506, 1.21231562336653 ], [ 103.71780950529805, 1.212342869980428 ], [ 103.717879873866295, 1.212328571395556 ], [ 103.717937387770476, 1.212263196516284 ], [ 103.717866344560704, 1.212252978682008 ], [ 103.717769590739422, 1.212213475545296 ], [ 103.717685690709743, 1.212224367712826 ], [ 103.717580813618753, 1.212286335620266 ], [ 103.717526682261237, 1.212359883370061 ], [ 103.717486085173419, 1.212370777394383 ], [ 103.717461050305559, 1.212382353978486 ], [ 103.717430602126953, 1.212388481538733 ], [ 103.717371736815252, 1.21241231440785 ], [ 103.717251300738695, 1.212397326623173 ], [ 103.7172255914071, 1.212359189407485 ], [ 103.717170109636797, 1.212346928364771 ], [ 103.717154548345832, 1.212324454258834 ], [ 103.717126131359009, 1.212317643174174 ], [ 103.71710041999718, 1.212327175863991 ], [ 103.717032084333184, 1.212288354914842 ], [ 103.71698945782363, 1.212291758000697 ], [ 103.716877817097895, 1.212281538384858 ], [ 103.716835190093647, 1.212296519130181 ], [ 103.716742496087846, 1.212270635848358 ], [ 103.716647770628029, 1.212263821884723 ], [ 103.716520568614968, 1.212252239607956 ], [ 103.716407576041135, 1.212232485209661 ], [ 103.71629661215799, 1.212237247285551 ], [ 103.716237071352523, 1.212214771261804 ], [ 103.716157907735308, 1.212217491758517 ], [ 103.716097689443387, 1.212216127164077 ], [ 103.715900123755574, 1.212126224816885 ], [ 103.715729619608766, 1.21209625219064 ], [ 103.715586179372991, 1.212071048542582 ], [ 103.715523254587893, 1.21207376973146 ] ] ], [ [ [ 103.712615293725065, 1.210669006233726 ], [ 103.71253004660673, 1.210543695628564 ], [ 103.712485393793145, 1.210470143559605 ], [ 103.712406910071635, 1.210399314819133 ], [ 103.712336546512574, 1.210321675680589 ], [ 103.712252655415341, 1.210132350671035 ], [ 103.712231005111605, 1.210106470435484 ], [ 103.712195816936699, 1.210201811365069 ], [ 103.712193105964374, 1.210306687552773 ], [ 103.712205282640809, 1.210366617549019 ], [ 103.712239109329218, 1.21043880625962 ], [ 103.712289176337194, 1.21049737598682 ], [ 103.712359539778149, 1.210577738165009 ], [ 103.712459674415797, 1.210660826524467 ], [ 103.71255710358929, 1.210704415783538 ], [ 103.712669418965362, 1.210735747964574 ], [ 103.712615293725065, 1.210669006233726 ] ] ] ] } },
{ "type": "Feature", "properties": { "OBJECTID": 0, "ISLAND": "Live Firing Area" }, "geometry": { "type": "MultiPolygon", "coordinates": [ [ [ [ 103.708048870683115, 1.201245941020042 ], [ 103.707680798354943, 1.201202339127608 ], [ 103.70752924519266, 1.201060680783413 ], [ 103.707659162406941, 1.2008645548167 ], [ 103.707940641696027, 1.200613954282486 ], [ 103.708319540181591, 1.200635764187188 ], [ 103.708460267141163, 1.200799214435026 ], [ 103.708471081995796, 1.20102803603706 ], [ 103.708308692170434, 1.201136990780979 ], [ 103.708048870683115, 1.201245941020042 ] ] ] ] } },
{ "type": "Feature", "properties": { "OBJECTID": 0, "ISLAND": "Live Firing Area" }, "geometry": { "type": "MultiPolygon", "coordinates": [ [ [ [ 103.740265365907035, 1.159918313155558 ], [ 103.740265366217102, 1.159936325384413 ], [ 103.740274645937205, 1.159990009675915 ], [ 103.740311091429831, 1.160052418366763 ], [ 103.740327011556417, 1.160090412152798 ], [ 103.74039660075475, 1.160209601563293 ], [ 103.740417204796074, 1.160328755892224 ], [ 103.740454252451613, 1.160358623756075 ], [ 103.740470173791195, 1.160414628866078 ], [ 103.740503272498216, 1.160501312397925 ], [ 103.740561623901627, 1.160574767718446 ], [ 103.740580515334401, 1.160641258128744 ], [ 103.740623234697964, 1.160714397309047 ], [ 103.740651100857775, 1.160736877113775 ], [ 103.740684915801751, 1.160819689987344 ], [ 103.740887276805509, 1.161190026706753 ], [ 103.740918033941284, 1.16122467935147 ], [ 103.740972733325791, 1.161259718946978 ], [ 103.741043300426639, 1.161314740093677 ], [ 103.741052149544032, 1.161320408037186 ], [ 103.741097999814542, 1.161349778782607 ], [ 103.741125681510738, 1.161380947712041 ], [ 103.741134320498233, 1.161382970154837 ], [ 103.741255211516687, 1.161411273497105 ], [ 103.741293833938457, 1.161367791105757 ], [ 103.741330637843319, 1.161350763126717 ], [ 103.741382810918296, 1.161322233037319 ], [ 103.74145391996548, 1.161289375277525 ], [ 103.741472785405293, 1.16118767014977 ], [ 103.741491693881002, 1.161116606703809 ], [ 103.741508575990267, 1.161025562160324 ], [ 103.741527484781244, 1.160972510943267 ], [ 103.741548367693525, 1.160859901052175 ], [ 103.741543273291882, 1.160773885865944 ], [ 103.741559613272159, 1.160497970191231 ], [ 103.741526418356941, 1.160468137736953 ], [ 103.741529607963571, 1.160414207867868 ], [ 103.74149040887427, 1.160341596963606 ], [ 103.741502499773972, 1.160319198960948 ], [ 103.741509589339799, 1.160306065105663 ], [ 103.741526471178929, 1.160251044115677 ], [ 103.741545379382842, 1.160216004222834 ], [ 103.741550030677544, 1.160195098178547 ], [ 103.7415622609943, 1.160140121350188 ], [ 103.741540836952254, 1.160120861302539 ], [ 103.741535925011107, 1.160116445129895 ], [ 103.741535925248456, 1.160081200233223 ], [ 103.741535925273567, 1.160080420670943 ], [ 103.741579186480337, 1.160068917661124 ], [ 103.741549713103723, 1.159928796258627 ], [ 103.741525500819634, 1.159943853138615 ], [ 103.74151802921655, 1.159990360747934 ], [ 103.741512801760862, 1.159990360577238 ], [ 103.741500133851261, 1.159990361067905 ], [ 103.741461146658636, 1.159978259396188 ], [ 103.741404621116445, 1.159733724599845 ], [ 103.741384322910449, 1.159602609158644 ], [ 103.7413453951647, 1.159530490236346 ], [ 103.741348584771188, 1.159476594733128 ], [ 103.741311728348222, 1.159423472960726 ], [ 103.741280001272642, 1.159320045171331 ], [ 103.741258042425798, 1.159279377890486 ], [ 103.74124116113201, 1.159206344471565 ], [ 103.741212806271207, 1.1591538207614 ], [ 103.741187475849188, 1.159098272050518 ], [ 103.741101800334278, 1.158939574964213 ], [ 103.741071628795908, 1.158912416811233 ], [ 103.740979932939766, 1.158711364513837 ], [ 103.740916994104694, 1.158629606081433 ], [ 103.740919204721806, 1.158592139233791 ], [ 103.740891698050859, 1.158567408481264 ], [ 103.740883415079111, 1.158503697533319 ], [ 103.740828401171512, 1.158360937255611 ], [ 103.740811833479142, 1.1582875529518 ], [ 103.740792610688018, 1.158270877646044 ], [ 103.74076745061798, 1.158226958162057 ], [ 103.740711976996664, 1.158130123309617 ], [ 103.740700336146503, 1.15812798410453 ], [ 103.740595763468519, 1.158108769246431 ], [ 103.74056795973938, 1.158046043412573 ], [ 103.740533156007359, 1.158005374799888 ], [ 103.740506497415382, 1.158094520754946 ], [ 103.740436034792282, 1.158144792962605 ], [ 103.740398811338437, 1.158161503487428 ], [ 103.740405364992426, 1.158243613676118 ], [ 103.740381021495082, 1.158287553234025 ], [ 103.740364453212834, 1.158342926025237 ], [ 103.740344208616477, 1.158360480881745 ], [ 103.74038234923394, 1.158377613519068 ], [ 103.740390631882661, 1.158423311334117 ], [ 103.740378749069237, 1.158429362045171 ], [ 103.740366725268004, 1.158543345045185 ], [ 103.740342958465462, 1.158591470925031 ], [ 103.740336947168544, 1.158657468539388 ], [ 103.740323743605487, 1.15868979823201 ], [ 103.740332621971888, 1.158735040267068 ], [ 103.740298202381027, 1.158789603965647 ], [ 103.740272898367465, 1.158916638314924 ], [ 103.740265365943785, 1.158981685391316 ], [ 103.740219152174049, 1.159079274746719 ], [ 103.740168419249756, 1.15922305437118 ], [ 103.740212030489602, 1.159442928543649 ], [ 103.740165064406455, 1.159548502506839 ], [ 103.740183046623457, 1.159640110710032 ], [ 103.740204209620643, 1.159673672379476 ], [ 103.740219152178298, 1.159766688577497 ], [ 103.740229576014926, 1.15981024040648 ], [ 103.740254775563457, 1.159910960321192 ], [ 103.740265365907035, 1.159918313155558 ] ] ], [ [ [ 103.721567232575552, 1.194083515076338 ], [ 103.721422495485058, 1.193975664671887 ], [ 103.721403698654768, 1.193954851777716 ], [ 103.721368924031765, 1.193947281732122 ], [ 103.721316292341683, 1.193920791663364 ], [ 103.72120585761246, 1.193900920973646 ], [ 103.721172022736056, 1.193873485709185 ], [ 103.721150406660925, 1.193846050946079 ], [ 103.721070516553922, 1.19385172345176 ], [ 103.720897115457305, 1.193718329898073 ], [ 103.720797489307088, 1.193688054027959 ], [ 103.720773053721587, 1.193660619146206 ], [ 103.720704445352354, 1.193598179948321 ], [ 103.720624556369728, 1.193576418566446 ], [ 103.720593543535358, 1.193509251093916 ], [ 103.720520234401363, 1.193485598051709 ], [ 103.720472302179985, 1.193430727418279 ], [ 103.72039946404891, 1.193380586482086 ], [ 103.720364000054104, 1.193334554709359 ], [ 103.720369473585464, 1.193338817202029 ], [ 103.720411066193392, 1.1933874004381 ], [ 103.720476844208989, 1.193428876373185 ], [ 103.720522509558876, 1.193482225773111 ], [ 103.720595663311713, 1.193504389321705 ], [ 103.720625127148764, 1.193570843187291 ], [ 103.720705839054489, 1.193595292372219 ], [ 103.720772779972194, 1.193653356189414 ], [ 103.720797630603414, 1.193682379151039 ], [ 103.720896692501029, 1.193712405393526 ], [ 103.720977910680475, 1.193771101039705 ], [ 103.721069344184173, 1.193847229619907 ], [ 103.721154459160473, 1.193840334628955 ], [ 103.721173429345242, 1.193862497746861 ], [ 103.721192653131723, 1.193879172291206 ], [ 103.721209219924006, 1.193898521834497 ], [ 103.72131791886639, 1.193915196431253 ], [ 103.721352381230176, 1.193934544898742 ], [ 103.721407395260783, 1.193951220004157 ], [ 103.721423962055113, 1.193970568641956 ], [ 103.721496871100555, 1.194023267097606 ], [ 103.721567124053067, 1.194078639646649 ], [ 103.721664340755709, 1.194100872884943 ], [ 103.721781866209625, 1.194150687332451 ], [ 103.721872670493653, 1.194167362081837 ], [ 103.721947309293, 1.194194942796719 ], [ 103.722068853591495, 1.194204774567877 ], [ 103.722160584310714, 1.194197352571769 ], [ 103.722229481736633, 1.19422282226042 ], [ 103.72231102424746, 1.19421622643337 ], [ 103.722426092594304, 1.194258757912879 ], [ 103.722499002212928, 1.19427543281977 ], [ 103.722551359265537, 1.194294781095063 ], [ 103.722653207934314, 1.194313479329251 ], [ 103.722777723002949, 1.194383416115013 ], [ 103.72285999049862, 1.194402219359702 ], [ 103.722891367613471, 1.194438876304028 ], [ 103.723058384566372, 1.19446953465742 ], [ 103.723107438606391, 1.194491575080527 ], [ 103.723125246197213, 1.194512383402688 ], [ 103.723294936186704, 1.19449866381152 ], [ 103.723337673511224, 1.194548582800674 ], [ 103.723410992864189, 1.194542654935065 ], [ 103.723494466646116, 1.194549410274681 ], [ 103.723527311174337, 1.194537272319597 ], [ 103.723573037704853, 1.194545275969479 ], [ 103.723670473452728, 1.194573296172515 ], [ 103.723678432934818, 1.194583305087053 ], [ 103.723837279401295, 1.194600823563604 ], [ 103.723857385763253, 1.194680083723692 ], [ 103.725411943067073, 1.194708896247973 ], [ 103.725433656639765, 1.194725887391085 ], [ 103.725450538857203, 1.194744918588153 ], [ 103.725469447289314, 1.194761910524536 ], [ 103.725501305176223, 1.194797811413114 ], [ 103.725612302528788, 1.194746537456469 ], [ 103.72562949009847, 1.194653839928209 ], [ 103.725665044393196, 1.194621879300721 ], [ 103.725666320214998, 1.194600313888901 ], [ 103.725663819513997, 1.194558106221607 ], [ 103.725662108980686, 1.194529234335875 ], [ 103.725738879752541, 1.194493755547679 ], [ 103.725786566539284, 1.194440049061251 ], [ 103.725798165881955, 1.194426985076717 ], [ 103.725915812959869, 1.194401673847346 ], [ 103.726149322182252, 1.194386948220603 ], [ 103.726185254488058, 1.194384682390258 ], [ 103.726202136386121, 1.19436564980905 ], [ 103.726206362142946, 1.194363699261806 ], [ 103.726238940814028, 1.194348659158469 ], [ 103.726277360914096, 1.194327638724939 ], [ 103.726305510193271, 1.194329330084434 ], [ 103.726328311567713, 1.194330699280555 ], [ 103.726344898368865, 1.194321627351284 ], [ 103.726421352199324, 1.19427981255629 ], [ 103.726587678498845, 1.19425742068007 ], [ 103.72665897049653, 1.194213059891631 ], [ 103.726661521474412, 1.194210080112017 ], [ 103.726694796922217, 1.194207009287019 ], [ 103.7267187039741, 1.194195047293883 ], [ 103.726696545079307, 1.19416916624549 ], [ 103.726711416048772, 1.194151794898757 ], [ 103.726748447270182, 1.194195047550343 ], [ 103.726778225841088, 1.194188996708607 ], [ 103.726802131993949, 1.194177036523365 ], [ 103.726804460646946, 1.194160934413885 ], [ 103.726832086694273, 1.194147063452384 ], [ 103.72687975994107, 1.194141012402754 ], [ 103.726858834116626, 1.194106834768646 ], [ 103.726883246901536, 1.194098128503894 ], [ 103.726909503236726, 1.194141012657408 ], [ 103.726937333917547, 1.194133009216155 ], [ 103.726953254237827, 1.194094980427129 ], [ 103.727124373130863, 1.194073449657927 ], [ 103.727130092158973, 1.194072730006555 ], [ 103.727135532778064, 1.194068666910767 ], [ 103.727293263102069, 1.193950885960951 ], [ 103.727356630143333, 1.193932662772567 ], [ 103.727458355734413, 1.19385787129366 ], [ 103.727578380138297, 1.193811434138443 ], [ 103.727615376360745, 1.193806790756735 ], [ 103.72762531146347, 1.193798787519849 ], [ 103.727629849536072, 1.193782816627397 ], [ 103.727730122055817, 1.193736098347933 ], [ 103.727783126410742, 1.193699370556772 ], [ 103.727819599284445, 1.193682063342915 ], [ 103.72782582709759, 1.193675290801439 ], [ 103.727857948836871, 1.193672704656124 ], [ 103.727857949523155, 1.193654692438475 ], [ 103.727875844197058, 1.193654693129131 ], [ 103.72793676430571, 1.193644016749425 ], [ 103.728026965699399, 1.193590648281163 ], [ 103.728087422745503, 1.193565003751464 ], [ 103.728188022979509, 1.193500589775847 ], [ 103.728243683424211, 1.193484582865068 ], [ 103.72829439721788, 1.193454575303762 ], [ 103.728369945831474, 1.193422527545691 ], [ 103.728474345686763, 1.193338483579037 ], [ 103.728572314746827, 1.193282741433257 ], [ 103.728591651543937, 1.193258432869468 ], [ 103.728640330450531, 1.193245855935133 ], [ 103.728678062648399, 1.193190853055842 ], [ 103.728681127625663, 1.193186384710559 ], [ 103.728684214019623, 1.193185818696819 ], [ 103.728731843323146, 1.193177079841448 ], [ 103.728816005809009, 1.193124012266393 ], [ 103.72892204838864, 1.193032615863481 ], [ 103.728959168148748, 1.193015941712446 ], [ 103.729170764417816, 1.192883015503456 ], [ 103.729387324003142, 1.192798462088848 ], [ 103.729396935647358, 1.192790125122053 ], [ 103.729414831215095, 1.19279012489781 ], [ 103.729414830992255, 1.192772112679111 ], [ 103.72946442714148, 1.192762789665666 ], [ 103.729530643086918, 1.19272657330412 ], [ 103.729603237711856, 1.192709581249392 ], [ 103.729655909588502, 1.192672536877661 ], [ 103.729705391911878, 1.19265554575248 ], [ 103.729707199487834, 1.192661439561528 ], [ 103.729727831189464, 1.192728701515447 ], [ 103.729799097344852, 1.192724426572453 ], [ 103.72981696539135, 1.192763616960929 ], [ 103.729828124215885, 1.192780608575233 ], [ 103.729852756113587, 1.192726572850592 ], [ 103.729889560500794, 1.192709581242315 ], [ 103.729906441911908, 1.192654525101176 ], [ 103.729943246297822, 1.192637534396418 ], [ 103.729981937703855, 1.192616373739745 ], [ 103.730013813055237, 1.192546454036467 ], [ 103.730032721872689, 1.192529463558633 ], [ 103.730054610368995, 1.192458101016767 ], [ 103.730165031437267, 1.192387409235684 ], [ 103.73023066993585, 1.192367004735145 ], [ 103.730228502303547, 1.192330347160151 ], [ 103.730268163937126, 1.192313321287925 ], [ 103.730309590566023, 1.19235998622585 ], [ 103.730335926911309, 1.192330312319173 ], [ 103.730354835725407, 1.192313320934422 ], [ 103.730371717583168, 1.192294289227854 ], [ 103.730403305229871, 1.192277297415506 ], [ 103.730425402234161, 1.19234934441104 ], [ 103.730454455728264, 1.192366335791759 ], [ 103.730480547802003, 1.192309116753261 ], [ 103.73066034675351, 1.192319899909648 ], [ 103.730782040727988, 1.192096582614973 ], [ 103.730766424943155, 1.192089368821684 ], [ 103.730783306275725, 1.19206013498088 ], [ 103.730802215085419, 1.192043142688224 ], [ 103.730825391241794, 1.192017030043435 ], [ 103.730834187093066, 1.192007119446841 ], [ 103.730855901581577, 1.192024111452705 ], [ 103.730873149720253, 1.192061946170398 ], [ 103.730953817791203, 1.191961579245168 ], [ 103.731006297462827, 1.191970339069988 ], [ 103.73099107616504, 1.192059326119062 ], [ 103.731037797725179, 1.192032413086273 ], [ 103.73100381614185, 1.191887685524947 ], [ 103.731049716738639, 1.191853315074606 ], [ 103.731021869031949, 1.191690486895238 ], [ 103.731121034806051, 1.191707672613763 ], [ 103.731128269344424, 1.191665404714535 ], [ 103.731089341710216, 1.191636258318826 ], [ 103.731114821655822, 1.191560745772308 ], [ 103.731143430004622, 1.191539321550462 ], [ 103.731131938781346, 1.191472128677331 ], [ 103.731214608528774, 1.191449560642998 ], [ 103.731222245981371, 1.19142122448733 ], [ 103.731150664640282, 1.191421224529667 ], [ 103.731150664680669, 1.191420128440366 ], [ 103.731150664890208, 1.191390052003357 ], [ 103.731150664834004, 1.191367188774422 ], [ 103.731150664599042, 1.191349177458911 ], [ 103.73116856015848, 1.191349177222384 ], [ 103.731180126765267, 1.191345672338705 ], [ 103.731247690735586, 1.191325201864071 ], [ 103.731258035407436, 1.191223094115754 ], [ 103.731265692123984, 1.191208400293131 ], [ 103.73130113173103, 1.191140387102294 ], [ 103.731319542051892, 1.191118172988189 ], [ 103.731358102278818, 1.191071645795188 ], [ 103.731372712071305, 1.190996292912549 ], [ 103.731398890731256, 1.190978104411624 ], [ 103.731437504224886, 1.190826674599164 ], [ 103.731481044731439, 1.190759376154004 ], [ 103.731500302472085, 1.190660099394478 ], [ 103.731536337277817, 1.190556655043824 ], [ 103.731562254460542, 1.190538643786483 ], [ 103.73161073255514, 1.190512117874008 ], [ 103.731626897548324, 1.19043957761901 ], [ 103.731615669861441, 1.190389166137232 ], [ 103.731692020595375, 1.190336098170424 ], [ 103.73173390158793, 1.190243101247173 ], [ 103.731748511603641, 1.190185758772472 ], [ 103.731780272904899, 1.190136682821334 ], [ 103.731809510483771, 1.190058021408018 ], [ 103.731841272680796, 1.190008947264666 ], [ 103.731848577686847, 1.189980275574669 ], [ 103.731848577303126, 1.189941603155575 ], [ 103.731848577864582, 1.18992623981768 ], [ 103.731859520888278, 1.189923091226892 ], [ 103.73190287427434, 1.18991061984127 ], [ 103.731992612726756, 1.189759243455927 ], [ 103.731973843825514, 1.189710097806055 ], [ 103.731990192689295, 1.189645983514776 ], [ 103.732054284763777, 1.189601445949036 ], [ 103.732063319637575, 1.18956600334766 ], [ 103.7321247998118, 1.189519811601499 ], [ 103.732165710311676, 1.189502961189691 ], [ 103.73215392303706, 1.189422682158325 ], [ 103.732181002004836, 1.189305094113466 ], [ 103.732170463343664, 1.189233328812228 ], [ 103.732254715116184, 1.189215439073754 ], [ 103.732232170438209, 1.189197919804894 ], [ 103.732216582097166, 1.189177586411108 ], [ 103.732142694917883, 1.189161896585756 ], [ 103.732134900505244, 1.189133717215737 ], [ 103.732134900020057, 1.189097694583005 ], [ 103.732145036803075, 1.189052805033756 ], [ 103.732162958293856, 1.188907760155131 ], [ 103.73215279559075, 1.188899563528075 ], [ 103.732152795760783, 1.188845527770168 ], [ 103.732216547073179, 1.188856064154084 ], [ 103.732232389085851, 1.188670668277975 ], [ 103.732267961420405, 1.188583194965546 ], [ 103.732331450283695, 1.188497005068324 ], [ 103.732357436688005, 1.188403076050047 ], [ 103.732379404690008, 1.188366419361341 ], [ 103.732413428876484, 1.188279314969753 ], [ 103.732429017955326, 1.188204945156058 ], [ 103.732483411434117, 1.188162695261197 ], [ 103.732502197834279, 1.188051386809983 ], [ 103.732570186982088, 1.187998565395162 ], [ 103.732590074282967, 1.187880731995731 ], [ 103.732610276853052, 1.187865042018532 ], [ 103.732625865517903, 1.187826695740795 ], [ 103.732655599703563, 1.187803600274572 ], [ 103.732753437445467, 1.187594863947433 ], [ 103.732769025859028, 1.187538506351593 ], [ 103.732814647260355, 1.187519719855789 ], [ 103.732878703964118, 1.187432756731112 ], [ 103.732882453956705, 1.187393211735781 ], [ 103.732886498771734, 1.187350542172966 ], [ 103.732879282657336, 1.187331647028304 ], [ 103.732874763601714, 1.187319813257753 ], [ 103.732899059581854, 1.187234282999365 ], [ 103.732900085805525, 1.187230669197604 ], [ 103.73290123163693, 1.18723081338714 ], [ 103.732876451058686, 1.187318050713669 ], [ 103.732888186228735, 1.187348779628876 ], [ 103.732910713342648, 1.187329884667287 ], [ 103.732995557292341, 1.187258720636801 ], [ 103.732995557941706, 1.187240708415374 ], [ 103.73299460054757, 1.187240587941883 ], [ 103.733002817735937, 1.187219393721065 ], [ 103.733011765120324, 1.187242470708675 ], [ 103.733023699194021, 1.187239039082353 ], [ 103.733039595717983, 1.187234468101757 ], [ 103.733045826745453, 1.187212532975909 ], [ 103.733055516558878, 1.187178427043075 ], [ 103.733080201576769, 1.187167963545903 ], [ 103.733098716463189, 1.187160116149016 ], [ 103.733225196717171, 1.187000929149228 ], [ 103.733254350462317, 1.186952621789109 ], [ 103.733282902171979, 1.186905311015975 ], [ 103.733319705120067, 1.186875649210021 ], [ 103.733343813615988, 1.186856218013805 ], [ 103.733363217994295, 1.186824062242012 ], [ 103.733389040777794, 1.186781268667373 ], [ 103.733481374451884, 1.186665212252548 ], [ 103.733506019929081, 1.186654761410662 ], [ 103.733548534252918, 1.18663673354962 ], [ 103.733602306325594, 1.18655801964076 ], [ 103.733612302507524, 1.186549347150669 ], [ 103.733760540545532, 1.186375121332959 ], [ 103.733778610746498, 1.186314712266773 ], [ 103.73378954236847, 1.18627816730478 ], [ 103.733824248587496, 1.18626257913074 ], [ 103.733842764381293, 1.186254262363093 ], [ 103.733914808633727, 1.186170095791385 ], [ 103.733970486297679, 1.186145083089549 ], [ 103.734022179362427, 1.18606202452955 ], [ 103.73404140257577, 1.186045349651811 ], [ 103.734049686239402, 1.186035675062456 ], [ 103.734051975950408, 1.186026697521488 ], [ 103.7340791245541, 1.186019088276507 ], [ 103.734090168614685, 1.185953645262498 ], [ 103.734121267061028, 1.185945615630194 ], [ 103.734112385870048, 1.18590544254665 ], [ 103.734111183863845, 1.185900005465583 ], [ 103.734115904750141, 1.185896058990414 ], [ 103.734146886127832, 1.185870155498995 ], [ 103.734165174912334, 1.185827711632263 ], [ 103.734199838710111, 1.185766780437681 ], [ 103.734212097725347, 1.185645746197465 ], [ 103.734178220572815, 1.185491941561271 ], [ 103.73412938468698, 1.185451114990979 ], [ 103.734104035565622, 1.185364187491857 ], [ 103.733986222556979, 1.185343043727148 ], [ 103.733934198026802, 1.185323378257122 ], [ 103.733860956084797, 1.185307020183619 ], [ 103.733790590380437, 1.1852872319588 ], [ 103.733743685558252, 1.185292033340079 ], [ 103.733683664445749, 1.185269343382196 ], [ 103.733479688267252, 1.185252544658183 ], [ 103.7332294430975, 1.185224294985795 ], [ 103.733156132909855, 1.185182026857243 ], [ 103.733091462812538, 1.185162924330581 ], [ 103.733039438293318, 1.185143259748802 ], [ 103.732912511349326, 1.185108889281105 ], [ 103.73278890530419, 1.184999164591527 ], [ 103.732733559797666, 1.184982806238572 ], [ 103.732652481059375, 1.184918234384154 ], [ 103.732547696026543, 1.184857812691473 ], [ 103.732483026840455, 1.184838710151507 ], [ 103.732323630282352, 1.18476500947922 ], [ 103.732295957533026, 1.184756830298493 ], [ 103.73227977541994, 1.184733242078027 ], [ 103.732217072066405, 1.18469213551955 ], [ 103.732152795107282, 1.184684783390502 ], [ 103.732124310081176, 1.184677430767175 ], [ 103.732069724527335, 1.184641653017725 ], [ 103.732027529348883, 1.184630746642339 ], [ 103.732019638818301, 1.184602234462721 ], [ 103.731933247131934, 1.184615092245467 ], [ 103.731802702790645, 1.184557662118944 ], [ 103.731687520096727, 1.184576711918052 ], [ 103.7316696254791, 1.184576712161781 ], [ 103.731648828678587, 1.184552420172442 ], [ 103.731588433487389, 1.184514337879743 ], [ 103.731558410337939, 1.184479264623721 ], [ 103.731454883232956, 1.184468639942881 ], [ 103.731442859420113, 1.184444718161663 ], [ 103.731419092619802, 1.184432615985412 ], [ 103.731419093277736, 1.184414604668876 ], [ 103.731401197762821, 1.184414604006556 ], [ 103.731307046756157, 1.184398510073024 ], [ 103.731275930895379, 1.184342556814246 ], [ 103.731275930655727, 1.184324544593366 ], [ 103.731258036039932, 1.184324544834561 ], [ 103.73125803580038, 1.184306532613706 ], [ 103.731240140286218, 1.184306532854762 ], [ 103.731234128590842, 1.184276560195128 ], [ 103.731174571424646, 1.184246447182269 ], [ 103.731162548513623, 1.184222524495769 ], [ 103.731132769601544, 1.184216473194795 ], [ 103.731132769362716, 1.184198461878358 ], [ 103.731132769123903, 1.184180449657557 ], [ 103.731114874509103, 1.184180449897902 ], [ 103.731070188627001, 1.184122174630876 ], [ 103.730989608558716, 1.184108401789684 ], [ 103.730860567473684, 1.184050637063162 ], [ 103.730784477136382, 1.18399065589736 ], [ 103.730633495853127, 1.183922847380499 ], [ 103.730551839227289, 1.183864572536585 ], [ 103.730467676484523, 1.183811504925669 ], [ 103.730416961649766, 1.183802199837995 ], [ 103.730416962313853, 1.183784187617581 ], [ 103.7303990668035, 1.183784187853466 ], [ 103.730382176522909, 1.183765155783613 ], [ 103.730300135934314, 1.183739668640259 ], [ 103.730283254639716, 1.18372063657023 ], [ 103.73022855522494, 1.183703644235175 ], [ 103.730211673931066, 1.183684612164764 ], [ 103.730192764637906, 1.183667621168185 ], [ 103.730104302375082, 1.183522505396831 ], [ 103.729949720361333, 1.183321735289027 ], [ 103.729925350543354, 1.183216302701082 ], [ 103.729893728743875, 1.183187878254719 ], [ 103.729764670029155, 1.182953142988818 ], [ 103.72974639828773, 1.182874076460525 ], [ 103.729727489440236, 1.182821061021049 ], [ 103.729710608362041, 1.182747993192068 ], [ 103.729682254423565, 1.182695487458847 ], [ 103.72964151867258, 1.182606131135174 ], [ 103.729616012794978, 1.18258319459775 ], [ 103.729621953832492, 1.182482862857062 ], [ 103.729583376115926, 1.182398256334322 ], [ 103.72951274708926, 1.182334722097885 ], [ 103.729469547768844, 1.182266367727557 ], [ 103.729414830717559, 1.18221715198069 ], [ 103.729414831387217, 1.182199139760625 ], [ 103.729396935887593, 1.182199139990906 ], [ 103.729357327569858, 1.182187741701986 ], [ 103.729323956512118, 1.182108025269465 ], [ 103.729235878834245, 1.182037032078409 ], [ 103.729227866430563, 1.181952496340847 ], [ 103.729174399073813, 1.181882770563518 ], [ 103.729146402890507, 1.181874925956837 ], [ 103.729138163633309, 1.181826131584628 ], [ 103.729069334413865, 1.181736353664632 ], [ 103.729039031460317, 1.181712818252613 ], [ 103.729025967988903, 1.181643972136935 ], [ 103.728993953623629, 1.181614105206737 ], [ 103.728976739892076, 1.181595389645221 ], [ 103.728958163078374, 1.181578080318266 ], [ 103.72894094934729, 1.181559364756546 ], [ 103.728883305454147, 1.181521899293084 ], [ 103.72885147366415, 1.181487317918312 ], [ 103.728832895953417, 1.181470009494963 ], [ 103.728802260922677, 1.181436729544957 ], [ 103.7286904157842, 1.181397258858711 ], [ 103.728600258794927, 1.181379949528819 ], [ 103.72856514957374, 1.181361234190532 ], [ 103.728349725928652, 1.181343925522744 ], [ 103.72825614375391, 1.181305227841048 ], [ 103.728171114651403, 1.181308606021219 ], [ 103.728088183806037, 1.181305298315057 ], [ 103.727902345588248, 1.181325209844116 ], [ 103.727831446670905, 1.181343925663602 ], [ 103.727759184776119, 1.181361234238564 ], [ 103.727724075945517, 1.181379949614687 ], [ 103.727544442885673, 1.181397258596521 ], [ 103.727417716217502, 1.181419491145846 ], [ 103.727311848410096, 1.181415269128431 ], [ 103.727272903788958, 1.181435990230664 ], [ 103.727160036650346, 1.181431487585645 ], [ 103.727007926971609, 1.181437573528074 ], [ 103.726852052133751, 1.181431346400345 ], [ 103.726779309215928, 1.18145699226246 ], [ 103.726390543250844, 1.181472506969651 ], [ 103.726265276786748, 1.181467511833692 ], [ 103.725990644296147, 1.18147848738336 ], [ 103.725880188692074, 1.181451996977488 ], [ 103.725749819863694, 1.181417591702017 ], [ 103.725647552062497, 1.181397962111675 ], [ 103.725576652778443, 1.181379246245384 ], [ 103.725397019256789, 1.181361937840996 ], [ 103.725344014569131, 1.181343222668466 ], [ 103.725289647696826, 1.181325913727685 ], [ 103.725115099609226, 1.181218334603526 ], [ 103.72505701028814, 1.181199829943431 ], [ 103.724986110612392, 1.181145091436276 ], [ 103.724931743746694, 1.181127782488986 ], [ 103.724789263513998, 1.181037019444594 ], [ 103.724734896651867, 1.181019711398103 ], [ 103.724660974517377, 1.180939396446872 ], [ 103.724562969695256, 1.180908156761562 ], [ 103.724363632304247, 1.180791783487447 ], [ 103.724287516552621, 1.180767544433653 ], [ 103.724255622837987, 1.18073289246887 ], [ 103.724172220431754, 1.180703446701014 ], [ 103.724063485832232, 1.180668830584538 ], [ 103.723983980184784, 1.18064075688562 ], [ 103.723911717850243, 1.180623449020064 ], [ 103.723876608674857, 1.180604733625843 ], [ 103.723693409954635, 1.180564699213038 ], [ 103.723532982136106, 1.180498385781513 ], [ 103.723374861621437, 1.180479353484701 ], [ 103.723115424700254, 1.180422539144656 ], [ 103.722873796089559, 1.180389294121576 ], [ 103.722784940984553, 1.180352567062156 ], [ 103.722711236669582, 1.180355486112485 ], [ 103.722551682922216, 1.180317245927117 ], [ 103.722459191643082, 1.180279005711211 ], [ 103.722283255324967, 1.180245198950024 ], [ 103.722230251398912, 1.180208470601136 ], [ 103.722070661979984, 1.180186519790669 ], [ 103.721942686412675, 1.180141384163734 ], [ 103.721785938340972, 1.180135121452495 ], [ 103.721723287705188, 1.180175859612544 ], [ 103.721717056948989, 1.180211872940087 ], [ 103.721685437632388, 1.180394648128257 ], [ 103.721675499695493, 1.180452089303905 ], [ 103.721692713212178, 1.180767543882715 ], [ 103.721702002490289, 1.180776199020589 ], [ 103.721702002133171, 1.180920293128478 ], [ 103.721691412081896, 1.180927646083269 ], [ 103.721676801570382, 1.181039024236519 ], [ 103.721666210979265, 1.181082401622361 ], [ 103.721668279453183, 1.181124429304734 ], [ 103.72167630376623, 1.181287498195389 ], [ 103.721674451869134, 1.18133456845224 ], [ 103.721676041508033, 1.181374910380907 ], [ 103.721677290958965, 1.181406615620664 ], [ 103.721674451507823, 1.181478663463775 ], [ 103.721676932454173, 1.181541704962054 ], [ 103.721672997515228, 1.18164155923722 ], [ 103.721671706855716, 1.181674296253367 ], [ 103.721619691455913, 1.181722808749353 ], [ 103.721580099864497, 1.181721261588782 ], [ 103.72150515405967, 1.181694805909827 ], [ 103.721498601229115, 1.18158360415702 ], [ 103.721469364525689, 1.181568723473476 ], [ 103.721458057070578, 1.181338859942945 ], [ 103.721469364192899, 1.181262520332583 ], [ 103.721469364082509, 1.180163793271654 ], [ 103.721456279185077, 1.18016379274202 ], [ 103.721451469499115, 1.180163793451686 ], [ 103.721458187435005, 1.179988138220698 ], [ 103.721459428665938, 1.179955670702838 ], [ 103.721513115119407, 1.17993287476566 ], [ 103.721480977296039, 1.17986976243121 ], [ 103.721416439367474, 1.179831557679735 ], [ 103.721369193262007, 1.179902339424007 ], [ 103.721389823271437, 1.179937658382468 ], [ 103.721391368877306, 1.179978085319665 ], [ 103.721397782875044, 1.18014578087104 ], [ 103.72138901143056, 1.180983511774868 ], [ 103.721384552095344, 1.18098511412691 ], [ 103.721339859906323, 1.181001172008842 ], [ 103.721326202333501, 1.180650115483215 ], [ 103.721313699230933, 1.180593581381215 ], [ 103.721298399279632, 1.180442485069391 ], [ 103.721318313137914, 1.180389152825367 ], [ 103.721308307422433, 1.180343911616426 ], [ 103.721300347629295, 1.180297897259286 ], [ 103.721280477524033, 1.180245831320482 ], [ 103.721262835611384, 1.18008389972978 ], [ 103.721174757635794, 1.180027507260337 ], [ 103.721105946349795, 1.180036125768236 ], [ 103.721013430377226, 1.18000953099931 ], [ 103.720977246588191, 1.180014068531062 ], [ 103.720941455807619, 1.180009566057037 ], [ 103.720896019189894, 1.180015265319051 ], [ 103.720826482442718, 1.179988352238284 ], [ 103.720582564427957, 1.179957640955342 ], [ 103.720530853701874, 1.179937658734842 ], [ 103.720475193898153, 1.179921616665562 ], [ 103.720351901810105, 1.179865611610515 ], [ 103.720260451050805, 1.17984956988295 ], [ 103.7201488681889, 1.179817520992478 ], [ 103.720073538999856, 1.179808092627426 ], [ 103.719946621253925, 1.179823959010539 ], [ 103.71992224252169, 1.17979331725914 ], [ 103.719835431444466, 1.179804187767517 ], [ 103.719752124478006, 1.179771963671373 ], [ 103.719679844959785, 1.179781004339407 ], [ 103.719635106940245, 1.179775410818328 ], [ 103.719590369365164, 1.179781004277193 ], [ 103.719544696008938, 1.179775304905613 ], [ 103.719536555833798, 1.179813152196986 ], [ 103.71952872300443, 1.179849569701738 ], [ 103.719518787933907, 1.179857590095548 ], [ 103.71947569258262, 1.179846931297629 ], [ 103.719429312171357, 1.179839578717876 ], [ 103.719436491021582, 1.179799974208455 ], [ 103.7194375955292, 1.179793880650464 ], [ 103.719468073814852, 1.179767460916588 ], [ 103.719339836339174, 1.179757082579097 ], [ 103.719276626467604, 1.179762183297238 ], [ 103.719233496796889, 1.179711805739569 ], [ 103.719133735475793, 1.179703750069761 ], [ 103.71903523354473, 1.179725350346784 ], [ 103.719020391227915, 1.179724156877295 ], [ 103.718973561422828, 1.179720390074145 ], [ 103.718955753149572, 1.179741181565976 ], [ 103.718847053412404, 1.179757856248802 ], [ 103.718830486927729, 1.179777204426478 ], [ 103.718703892770861, 1.179811891480572 ], [ 103.718677643556177, 1.1798425682211 ], [ 103.718620759839467, 1.179874511608364 ], [ 103.718471255053089, 1.179901951937553 ], [ 103.718369126846838, 1.179986980498056 ], [ 103.718288693722499, 1.180032151027439 ], [ 103.718149141457175, 1.180064059309345 ], [ 103.718096784007443, 1.180083407798923 ], [ 103.718056368263177, 1.180088072630735 ], [ 103.717952294194831, 1.180100082761028 ], [ 103.71793333127944, 1.18012224340379 ], [ 103.717920776794173, 1.180136915277545 ], [ 103.717827028103414, 1.180154118690818 ], [ 103.71775307016263, 1.180206887938271 ], [ 103.717693478563774, 1.180211707513098 ], [ 103.717637084224435, 1.180207168864174 ], [ 103.717562191332817, 1.180272110803175 ], [ 103.717542033339825, 1.180317562377158 ], [ 103.717487020018368, 1.180334238348045 ], [ 103.717434661814352, 1.180371599037102 ], [ 103.717369363703469, 1.180400938379815 ], [ 103.717190996855763, 1.180609307149845 ], [ 103.717111883942223, 1.18060290364067 ], [ 103.717087470229188, 1.18065799554881 ], [ 103.716994237309123, 1.1807388372213 ], [ 103.716936261286733, 1.180806558058012 ], [ 103.716842320310647, 1.180888034557866 ], [ 103.716847030499878, 1.180947100561091 ], [ 103.716789106875112, 1.180964655435157 ], [ 103.716739414545387, 1.181022701732982 ], [ 103.716681735754591, 1.181072726890396 ], [ 103.71664727315877, 1.181128098721461 ], [ 103.716592259964258, 1.181162785980358 ], [ 103.716559125150539, 1.181201484112077 ], [ 103.716520678608987, 1.181234834515866 ], [ 103.716486216300126, 1.181326229864633 ], [ 103.716466993028135, 1.181342905518145 ], [ 103.716450425619399, 1.181362254583088 ], [ 103.716397919706409, 1.181385824600258 ], [ 103.716375096194966, 1.181486930593187 ], [ 103.716326487494854, 1.18154370991391 ], [ 103.716271902344218, 1.181591061892732 ], [ 103.716270093605971, 1.181613753206038 ], [ 103.71627426137097, 1.181666030127416 ], [ 103.716252250836817, 1.181685132068679 ], [ 103.716226813984548, 1.181797811995323 ], [ 103.716126984283861, 1.181919287317491 ], [ 103.716118701618427, 1.181946973156314 ], [ 103.716118701723005, 1.182073056831545 ], [ 103.716091351353896, 1.182135605985427 ], [ 103.716074469761949, 1.182190626755974 ], [ 103.716049925150813, 1.182259508383079 ], [ 103.716074531279801, 1.18235195981753 ], [ 103.716049365548074, 1.182662348127527 ], [ 103.716058732096116, 1.182820550677002 ], [ 103.716052869693854, 1.182919617140606 ], [ 103.716062743535701, 1.183086403027346 ], [ 103.71603302625374, 1.183283038466474 ], [ 103.716042970128797, 1.183450967471545 ], [ 103.716037640015074, 1.183541027399082 ], [ 103.716041903084317, 1.183613074618757 ], [ 103.71603764025059, 1.183685122379852 ], [ 103.716042436652558, 1.183766176180211 ], [ 103.716037639728484, 1.183847229572151 ], [ 103.716040837928674, 1.183901265439036 ], [ 103.716037639679399, 1.18395530103358 ], [ 103.716040304546638, 1.18400033122407 ], [ 103.716037622405054, 1.184045641539643 ], [ 103.716062410815198, 1.184162438452926 ], [ 103.716034283867103, 1.184294941005954 ], [ 103.716042060292764, 1.18442619616145 ], [ 103.71601972714393, 1.184531399838193 ], [ 103.716026603006412, 1.184647493297892 ], [ 103.716000862451338, 1.184695161211079 ], [ 103.716004768172013, 1.184761069594353 ], [ 103.71598367419503, 1.184820242115675 ], [ 103.716020784393663, 1.184837374154269 ], [ 103.716037666293545, 1.184946465552172 ], [ 103.716073194352433, 1.185046111665714 ], [ 103.71603766637017, 1.18517960056253 ], [ 103.716020783993514, 1.18525266790688 ], [ 103.71600187557425, 1.185323695824483 ], [ 103.715976544760039, 1.185541367847658 ], [ 103.715944292224364, 1.185601103310268 ], [ 103.715956944953305, 1.185814694655227 ], [ 103.715926397009298, 1.185871281195559 ], [ 103.715933588915505, 1.185992685091299 ], [ 103.715852745941092, 1.186142427080638 ], [ 103.715861859271257, 1.186296372776228 ], [ 103.715822923609707, 1.186314348957884 ], [ 103.715797592176401, 1.186396932556758 ], [ 103.715755782266982, 1.186434522453626 ], [ 103.715734461285081, 1.186549524043065 ], [ 103.715697657189409, 1.186602538979526 ], [ 103.715680775552698, 1.186657595012558 ], [ 103.715661866837252, 1.186692598503108 ], [ 103.71564498533634, 1.186765666746841 ], [ 103.71559028639885, 1.18690874106568 ], [ 103.715573404405447, 1.187035845037112 ], [ 103.715554495685709, 1.187070848526434 ], [ 103.715537613143979, 1.187125904557792 ], [ 103.715501316988991, 1.187193114403958 ], [ 103.715483928070157, 1.187324034766874 ], [ 103.715465019482679, 1.187377049561703 ], [ 103.715448137970782, 1.18745011780291 ], [ 103.715411333856423, 1.187503132733445 ], [ 103.715391070665689, 1.187569200149834 ], [ 103.715298213262514, 1.187729196176982 ], [ 103.715313417422479, 1.187800839614016 ], [ 103.71530562299624, 1.187883054073561 ], [ 103.71529552207079, 1.187944934721686 ], [ 103.715277626542886, 1.187944934856667 ], [ 103.715224404127952, 1.187953377515458 ], [ 103.715276832060582, 1.188034413465645 ], [ 103.715266564680718, 1.188080532856765 ], [ 103.715288216455278, 1.188132405373233 ], [ 103.715295522151166, 1.188197101149209 ], [ 103.715295522285146, 1.188215113359874 ], [ 103.715279872502805, 1.188227266429858 ], [ 103.715295522190516, 1.188323183910624 ], [ 103.715245314061576, 1.188336147612549 ], [ 103.715259731664574, 1.188395231213709 ], [ 103.715283637955849, 1.188443215968034 ], [ 103.715295522229283, 1.188449266671924 ], [ 103.715311110071255, 1.188541648088128 ], [ 103.715367102464214, 1.188557337587272 ], [ 103.715411176078391, 1.188639060493309 ], [ 103.715448295325757, 1.188655734936299 ], [ 103.715464862181747, 1.188693095814464 ], [ 103.715524349884973, 1.188769557793527 ], [ 103.715565383404353, 1.188862097660798 ], [ 103.715627247026475, 1.188889889601751 ], [ 103.715643813886103, 1.188927249574775 ], [ 103.715733220610289, 1.188947688409775 ], [ 103.715780020249241, 1.188988286395503 ], [ 103.715814552604343, 1.189028619780866 ], [ 103.715858556767955, 1.189053333402495 ], [ 103.715931465297999, 1.189070007563444 ], [ 103.715983823096423, 1.189089356855524 ], [ 103.716056731628441, 1.189106031917687 ], [ 103.716096689956046, 1.189170234402114 ], [ 103.716181998380094, 1.189196091091094 ], [ 103.71621366375318, 1.189233082726012 ], [ 103.716355996140777, 1.189251833545896 ], [ 103.716448652653, 1.189317952811142 ], [ 103.71652200751852, 1.189340186099941 ], [ 103.716574495747523, 1.189377652504693 ], [ 103.716693688324114, 1.189368013442457 ], [ 103.716808330262594, 1.189394221349297 ], [ 103.716860687176137, 1.18941357062577 ], [ 103.716979609933716, 1.189431810359117 ], [ 103.71707542972392, 1.189485617732096 ], [ 103.717148338275479, 1.189502292766878 ], [ 103.71721859102459, 1.18955766450548 ], [ 103.717343858216537, 1.189595624142996 ], [ 103.717449866436098, 1.189643239756799 ], [ 103.71748367286726, 1.189682728417792 ], [ 103.717542033676935, 1.189700423854688 ], [ 103.717667002396666, 1.189850586966747 ], [ 103.717792565700137, 1.189898554286907 ], [ 103.717809132594837, 1.189935914250064 ], [ 103.717881377410905, 1.189968367672618 ], [ 103.717904226835216, 1.190044759333507 ], [ 103.717949210148859, 1.190097317420502 ], [ 103.718025203265441, 1.190114696158803 ], [ 103.718041770912322, 1.190134044813166 ], [ 103.718060993755628, 1.190150720279987 ], [ 103.718080609925451, 1.190237613275414 ], [ 103.718153816579814, 1.19025981124768 ], [ 103.718193215957982, 1.190305825120793 ], [ 103.71824127352123, 1.190347512881079 ], [ 103.718315817164793, 1.190434581819887 ], [ 103.718397629496138, 1.190505539822212 ], [ 103.718435464869444, 1.190566329121461 ], [ 103.718521978922496, 1.19064134881539 ], [ 103.718604804611999, 1.190738111065375 ], [ 103.718633640236249, 1.190763123356318 ], [ 103.718650206992677, 1.190782471103304 ], [ 103.718713015434403, 1.19082206587217 ], [ 103.718826057116829, 1.190959617089769 ], [ 103.718862388765061, 1.19112058088406 ], [ 103.718918635403114, 1.191160720706174 ], [ 103.718976558688297, 1.191178275017241 ], [ 103.718971114521636, 1.191246488233707 ], [ 103.719006783508149, 1.191288140195336 ], [ 103.719066104374733, 1.191339590116227 ], [ 103.719059105892583, 1.191427204583454 ], [ 103.719152600083333, 1.191555644414598 ], [ 103.719169168060361, 1.191611016584575 ], [ 103.719188391077708, 1.191645703353296 ], [ 103.719209903627245, 1.191764381191414 ], [ 103.719259971118177, 1.191807810825706 ], [ 103.719276539413414, 1.191899207420737 ], [ 103.719295762591457, 1.191951905497314 ], [ 103.719312328665708, 1.192097336921557 ], [ 103.719331552428514, 1.19211401147695 ], [ 103.719333056322, 1.192119037088948 ], [ 103.7193073804942, 1.192099653695273 ], [ 103.719292348142545, 1.191954914173214 ], [ 103.719273552353826, 1.191909505286199 ], [ 103.71925757911859, 1.191812066661786 ], [ 103.719209646210302, 1.191775170240148 ], [ 103.719184275063924, 1.191644620658251 ], [ 103.719167358214264, 1.191617186078548 ], [ 103.719148563834338, 1.191559478748515 ], [ 103.719054580748278, 1.191433657029866 ], [ 103.719061164291531, 1.191341895133234 ], [ 103.719008532595183, 1.191295537963769 ], [ 103.718969059448469, 1.191251074176406 ], [ 103.718973762343296, 1.19118296221773 ], [ 103.718913610818689, 1.191164040415516 ], [ 103.718859100000103, 1.191126197749762 ], [ 103.718833727311363, 1.191011730466457 ], [ 103.71880646448399, 1.191172549616525 ], [ 103.718806455930206, 1.191379723973579 ], [ 103.718800807723127, 1.191602034430139 ], [ 103.718801737401492, 1.191847995177429 ], [ 103.718840264190348, 1.192050441323818 ], [ 103.718891947934338, 1.192271808213908 ], [ 103.718965249015767, 1.192489392149584 ], [ 103.719043252459983, 1.192652107628561 ], [ 103.719241085140155, 1.192927403306335 ], [ 103.71952632715761, 1.193184727479691 ], [ 103.719840708182033, 1.193367318930622 ], [ 103.720262229960056, 1.193681410179993 ], [ 103.720401796472814, 1.193801557965195 ], [ 103.720758468126661, 1.194083481865432 ], [ 103.720987322164518, 1.194245257550489 ], [ 103.72110668295575, 1.194324726190479 ], [ 103.721211947168655, 1.19437959916952 ], [ 103.721292774277572, 1.194422172699175 ], [ 103.721389111866799, 1.194431636295291 ], [ 103.721507534866575, 1.194460967856484 ], [ 103.72158930371404, 1.194478944529903 ], [ 103.721768819856166, 1.19448557452617 ], [ 103.72202822643105, 1.194478962455862 ], [ 103.722156050074048, 1.194452479751148 ], [ 103.722262258029133, 1.194410859823831 ], [ 103.722385384965307, 1.194344644596518 ], [ 103.722501931898378, 1.194284105787795 ], [ 103.722430502211409, 1.194265182692575 ], [ 103.722310199275455, 1.194219769697296 ], [ 103.722231249856094, 1.1942263882389 ], [ 103.722160760239916, 1.194201789387825 ], [ 103.72206583172688, 1.19420935323877 ], [ 103.721953046924256, 1.19420083496094 ], [ 103.721871279475394, 1.19417055895114 ], [ 103.721785751126731, 1.194156365991451 ], [ 103.721658399723538, 1.194103384060346 ], [ 103.721567232575552, 1.194083515076338 ] ] ], [ [ [ 103.731222245981371, 1.19142122448733 ], [ 103.731244064649246, 1.191415050302923 ], [ 103.731228371011838, 1.191399273085829 ], [ 103.731222245981371, 1.19142122448733 ] ] ], [ [ [ 103.734091523822343, 1.195293770365858 ], [ 103.734081911881688, 1.195285431778716 ], [ 103.734052832885737, 1.195251466420548 ], [ 103.733981784966119, 1.195206666156302 ], [ 103.733864042153726, 1.195170993745038 ], [ 103.733748552999685, 1.195079967090111 ], [ 103.733699157801794, 1.195022256002167 ], [ 103.733670322884905, 1.194997242950133 ], [ 103.733653755094338, 1.19497789437849 ], [ 103.733634532116454, 1.194961219010237 ], [ 103.733617965224866, 1.194941870438461 ], [ 103.733419790313548, 1.194817125149719 ], [ 103.733403223424375, 1.19479777567244 ], [ 103.73334282709645, 1.194759694304363 ], [ 103.733290915298383, 1.194699044838817 ], [ 103.733174482528952, 1.194663760420489 ], [ 103.732964126813911, 1.194681367900223 ], [ 103.732951684276131, 1.194656618613907 ], [ 103.732883415067917, 1.19462305786326 ], [ 103.732838859947833, 1.194645343373367 ], [ 103.732791998918032, 1.194652203058799 ], [ 103.73273547759824, 1.19467092583614 ], [ 103.732724664823948, 1.194674507624022 ], [ 103.732632384875771, 1.194688016326393 ], [ 103.732630942762924, 1.194688226990039 ], [ 103.732630306576468, 1.194689404448668 ], [ 103.732599398518857, 1.194746554599228 ], [ 103.732534641904863, 1.194753414524055 ], [ 103.732534525100988, 1.194753355736073 ], [ 103.732510735740718, 1.194741454330171 ], [ 103.732463061131611, 1.194735403277548 ], [ 103.732417659222776, 1.194743740741235 ], [ 103.732401092726377, 1.194763088999111 ], [ 103.732346078515675, 1.19479777565903 ], [ 103.7323295111199, 1.19481712482074 ], [ 103.732310287832107, 1.194833799679333 ], [ 103.732204244860057, 1.194961218847549 ], [ 103.732182077066525, 1.194980445711507 ], [ 103.732149319359777, 1.194977789284361 ], [ 103.732140947603057, 1.194987568767495 ], [ 103.732109185436329, 1.195009644022022 ], [ 103.732072642962393, 1.195062922373556 ], [ 103.731967002579324, 1.195090204021574 ], [ 103.731908467043482, 1.195175531312981 ], [ 103.73184699656349, 1.195198680748747 ], [ 103.731811528755131, 1.195250393681772 ], [ 103.731641717298629, 1.195365007368653 ], [ 103.731604092051001, 1.19541985293521 ], [ 103.731555745698245, 1.195428735605097 ], [ 103.73151594367063, 1.195475225669177 ], [ 103.731443113664881, 1.195538390068684 ], [ 103.73141565084596, 1.195536155263643 ], [ 103.731345275844347, 1.195591633561554 ], [ 103.731254471562352, 1.195644331982219 ], [ 103.731237904153957, 1.195663680231708 ], [ 103.731111310287687, 1.195770414869663 ], [ 103.731094742877531, 1.195789763118112 ], [ 103.731075519575782, 1.195806437966682 ], [ 103.731061015543801, 1.195839153697592 ], [ 103.731055361657937, 1.195851907732101 ], [ 103.730994326729046, 1.195904835158703 ], [ 103.730961192803704, 1.195943531653771 ], [ 103.730932357848118, 1.195968545281427 ], [ 103.730915791333999, 1.195987893528583 ], [ 103.730896567131268, 1.196004568375621 ], [ 103.730888284116617, 1.19606827870424 ], [ 103.730840610170702, 1.196092341136318 ], [ 103.730834598706409, 1.196104301125127 ], [ 103.730822715041157, 1.196128363997437 ], [ 103.730816702908257, 1.19615833710959 ], [ 103.73081670336839, 1.19619436154771 ], [ 103.730796500724566, 1.196210051504579 ], [ 103.730765324569205, 1.196250717775177 ], [ 103.730724920178403, 1.19628209859226 ], [ 103.730721557797196, 1.196286483727046 ], [ 103.730658468669475, 1.196368763107121 ], [ 103.730660785335942, 1.196384545251525 ], [ 103.730671881800234, 1.196460141460972 ], [ 103.730619856659501, 1.196500561861538 ], [ 103.730568475103922, 1.196509994250935 ], [ 103.730398716947533, 1.19654115946633 ], [ 103.730387219132652, 1.196554596977543 ], [ 103.730323921597446, 1.19656293553599 ], [ 103.73028945858421, 1.196582283102246 ], [ 103.730252340577792, 1.196598958171845 ], [ 103.730217878462099, 1.196618307545866 ], [ 103.730144969268764, 1.196634982164084 ], [ 103.730076045034735, 1.196673680004332 ], [ 103.729986892626769, 1.196713730908701 ], [ 103.729852372175799, 1.196744477799374 ], [ 103.729741646641401, 1.196806674846725 ], [ 103.729626008502393, 1.196833112244283 ], [ 103.72959154637995, 1.196852460705333 ], [ 103.729234673600956, 1.196960320541049 ], [ 103.729071257839436, 1.196995218222471 ], [ 103.728988518716733, 1.197018014976436 ], [ 103.728928454502821, 1.197013141771215 ], [ 103.728803336147138, 1.197040616978998 ], [ 103.728646368994802, 1.197098645799286 ], [ 103.728498611095958, 1.197121301671164 ], [ 103.728320987322704, 1.197176673559791 ], [ 103.728200491779845, 1.197204219457215 ], [ 103.728175423172218, 1.19723352350019 ], [ 103.728089425382848, 1.197226557481205 ], [ 103.728078738045369, 1.197239046334878 ], [ 103.728014462952245, 1.197246399043151 ], [ 103.727793472657055, 1.197301471683127 ], [ 103.727774520256503, 1.197329105598614 ], [ 103.727738729064171, 1.197329106020256 ], [ 103.727738729273582, 1.197347116428662 ], [ 103.727692348875451, 1.197354469822605 ], [ 103.727649253298111, 1.197365128793457 ], [ 103.727595568306199, 1.197365128518919 ], [ 103.727595568722947, 1.197401152953018 ], [ 103.727577673126405, 1.19740115316268 ], [ 103.727475788961556, 1.197413501008292 ], [ 103.727424987441196, 1.19740938417763 ], [ 103.727408332836916, 1.1974288382075 ], [ 103.727335423611308, 1.197445513651428 ], [ 103.727276399740219, 1.197467325516881 ], [ 103.727228462655575, 1.19746345568538 ], [ 103.727031738196004, 1.197499355785689 ], [ 103.726978847629496, 1.197518897930225 ], [ 103.726888043701422, 1.197535572662927 ], [ 103.726841352311553, 1.197568890318415 ], [ 103.726835686159845, 1.197572933508028 ], [ 103.726787846032693, 1.197594428367811 ], [ 103.72675597063845, 1.197591850587828 ], [ 103.72672715375829, 1.19758951981855 ], [ 103.726670877141714, 1.197621115186721 ], [ 103.726653055733678, 1.197631120371279 ], [ 103.726643932305052, 1.197630382052938 ], [ 103.72655764698942, 1.197623398790687 ], [ 103.726491020564822, 1.19762879794354 ], [ 103.726473147665928, 1.197669109264427 ], [ 103.726459887214702, 1.197699016059159 ], [ 103.726342904652725, 1.197707353318727 ], [ 103.72634287590175, 1.197707319856121 ], [ 103.726320352207864, 1.197681003789744 ], [ 103.72624381659034, 1.197697679965093 ], [ 103.726191161934139, 1.197727247881138 ], [ 103.725904472072443, 1.197704064070449 ], [ 103.725600254042632, 1.197728654368508 ], [ 103.725439197768722, 1.197715637813408 ], [ 103.725403406461282, 1.197718522220371 ], [ 103.7253139314534, 1.197711293709721 ], [ 103.725158981345345, 1.19772381752102 ], [ 103.725062830275988, 1.197697344777871 ], [ 103.725046167043416, 1.19775305202627 ], [ 103.725045522776824, 1.197753966312552 ], [ 103.724996439902839, 1.197823638362616 ], [ 103.725153538046996, 1.197841773486631 ], [ 103.725224236126351, 1.197892220807727 ], [ 103.725464361716078, 1.197914436081967 ], [ 103.725573673609944, 1.197954840154346 ], [ 103.725673503639342, 1.197946766325095 ], [ 103.725805104586229, 1.197970771534731 ], [ 103.725851799755148, 1.197979289773349 ], [ 103.7260438071918, 1.197963775748339 ], [ 103.726172769242282, 1.19798731056735 ], [ 103.726253428755811, 1.197977531236223 ], [ 103.72633535525442, 1.197965481999018 ], [ 103.72645780950657, 1.197986511460929 ], [ 103.726459083583592, 1.197986729462646 ], [ 103.726463677662721, 1.197986634684753 ], [ 103.726503961438482, 1.197985797920284 ], [ 103.726566593741509, 1.197987081860699 ], [ 103.726712438008562, 1.197984091418112 ], [ 103.726745609866441, 1.197988971760326 ], [ 103.726834302963766, 1.198002022489507 ], [ 103.726852786083555, 1.198004741730409 ], [ 103.72702473025771, 1.198001206055937 ], [ 103.727318088066895, 1.198022754017507 ], [ 103.727434511542384, 1.198020361079532 ], [ 103.72759905264077, 1.198023736230208 ], [ 103.727630886783984, 1.198024389512726 ], [ 103.727720643016553, 1.198008974494713 ], [ 103.727809305755954, 1.197993747538974 ], [ 103.727838010166082, 1.198023820561905 ], [ 103.727840081146027, 1.198025989306943 ], [ 103.727849484947029, 1.198025796137397 ], [ 103.728127678780396, 1.198020080468658 ], [ 103.728231021799388, 1.198040395570517 ], [ 103.728248046409036, 1.19804922282009 ], [ 103.728306674752218, 1.198079620755696 ], [ 103.728423554098256, 1.198092403020763 ], [ 103.728649418528434, 1.198117104469324 ], [ 103.728813219016416, 1.198150858914041 ], [ 103.729123465936595, 1.198201693351574 ], [ 103.72917911885645, 1.198220866189602 ], [ 103.729340523862533, 1.198256537763712 ], [ 103.729391364100422, 1.19828289649016 ], [ 103.729410750849794, 1.198292948331981 ], [ 103.729461929062609, 1.198291893083866 ], [ 103.72956853736342, 1.198310191529535 ], [ 103.729572812441603, 1.198310925131717 ], [ 103.72961585978679, 1.19831678976422 ], [ 103.729644043174076, 1.198320628958849 ], [ 103.729750491685763, 1.198335131775714 ], [ 103.72979468192959, 1.198341151999564 ], [ 103.729966856940734, 1.198364608702622 ], [ 103.730173594452324, 1.198400103790464 ], [ 103.730226161683433, 1.19840117745371 ], [ 103.730296318221676, 1.198399734936761 ], [ 103.730450026356579, 1.198418643768379 ], [ 103.730564845582279, 1.198452077922983 ], [ 103.730600737934495, 1.198462530108892 ], [ 103.730688807929184, 1.198464340351161 ], [ 103.731120921281544, 1.198473223903255 ], [ 103.731273030001205, 1.198470094181363 ], [ 103.731434087634, 1.198473400240698 ], [ 103.73162203072134, 1.1984695492538 ], [ 103.731733228796159, 1.198507858651871 ], [ 103.731809711631584, 1.198509424247171 ], [ 103.73183547108431, 1.198482441697017 ], [ 103.732044857759689, 1.198509389599384 ], [ 103.73207429833208, 1.198508780249162 ], [ 103.732127281658521, 1.198507683417606 ], [ 103.732176737922174, 1.198517884674462 ], [ 103.732187758446031, 1.19853394387714 ], [ 103.732189713497377, 1.198536793601047 ], [ 103.732194945563521, 1.198535500554838 ], [ 103.732266214157136, 1.198517885285662 ], [ 103.732290121249832, 1.198529846388458 ], [ 103.732385468799706, 1.198541947605301 ], [ 103.732409375893198, 1.198553908707109 ], [ 103.732647753827337, 1.198582298291029 ], [ 103.732907392567597, 1.198627798303676 ], [ 103.732938332534047, 1.198633220203773 ], [ 103.732969380474188, 1.198634454901681 ], [ 103.732990969821799, 1.198635313939389 ], [ 103.733044567769639, 1.198633185233367 ], [ 103.733206052527436, 1.198652621442895 ], [ 103.733256387591112, 1.198661449888295 ], [ 103.73331325836962, 1.198671424402337 ], [ 103.733324267117382, 1.198665556388195 ], [ 103.733348531827787, 1.198652621255531 ], [ 103.733548439712933, 1.198642459018775 ], [ 103.733705839048937, 1.198634457545914 ], [ 103.733714274268905, 1.198634029186129 ], [ 103.733717233226429, 1.198629416133016 ], [ 103.733769037893936, 1.1985486736863 ], [ 103.733769629146266, 1.19854775216088 ], [ 103.73377367154491, 1.198547590427594 ], [ 103.733867833646357, 1.198543829907197 ], [ 103.733921004648124, 1.198545949870813 ], [ 103.733921205015406, 1.198545957113033 ], [ 103.733921343391202, 1.198545807898007 ], [ 103.73395059909727, 1.198514033228274 ], [ 103.734032779221607, 1.198470269525565 ], [ 103.734164839120652, 1.198428177998592 ], [ 103.734165114067608, 1.198428090285285 ], [ 103.734307865348484, 1.198360281737315 ], [ 103.734331888467011, 1.198319151225421 ], [ 103.734342056621173, 1.198301743489744 ], [ 103.734377846682861, 1.19828373166598 ], [ 103.734399342232663, 1.198269343109349 ], [ 103.734434058017101, 1.198216784535154 ], [ 103.734491277251365, 1.198231307988567 ], [ 103.734506756625379, 1.198235237108456 ], [ 103.73451249217716, 1.198224962835538 ], [ 103.734546050950073, 1.198164842828986 ], [ 103.734628380188553, 1.198121625347881 ], [ 103.734664170500352, 1.198121625740909 ], [ 103.73469394910444, 1.198115573910713 ], [ 103.734705972011241, 1.198091652105558 ], [ 103.734741622804194, 1.198073500095069 ], [ 103.734753646608922, 1.198049577385316 ], [ 103.734771541315155, 1.198049578033192 ], [ 103.734771541958793, 1.198031565812223 ], [ 103.734828503464882, 1.198016861103679 ], [ 103.734843122069691, 1.197995543056111 ], [ 103.734959781840004, 1.197968875765614 ], [ 103.735048575608005, 1.197932150030276 ], [ 103.73510294320819, 1.197914841557616 ], [ 103.735138051317193, 1.197896126103029 ], [ 103.735174524210876, 1.197878816983438 ], [ 103.735263318355734, 1.197806066798034 ], [ 103.735317685693801, 1.197770746099405 ], [ 103.735334899095022, 1.197752030902224 ], [ 103.735384354169327, 1.197719903335234 ], [ 103.735389266431142, 1.19771671110635 ], [ 103.735415086980296, 1.197688655944875 ], [ 103.7354708170446, 1.197636677807913 ], [ 103.735513850990543, 1.197589925534285 ], [ 103.735604009004163, 1.197518580767024 ], [ 103.735664256342531, 1.197453129569832 ], [ 103.735779553209241, 1.197345603894579 ], [ 103.735796195282191, 1.197297810651567 ], [ 103.735800855421928, 1.197284428037057 ], [ 103.735812770072002, 1.197221597761158 ], [ 103.735821940164172, 1.197173243544589 ], [ 103.73593859199346, 1.196912071858021 ], [ 103.735961230788362, 1.196887464012734 ], [ 103.735979808066134, 1.196870156049988 ], [ 103.735997021457138, 1.196851439943301 ], [ 103.736054560220836, 1.196824123868222 ], [ 103.736169830428125, 1.196604850408199 ], [ 103.736192185647113, 1.196518992675625 ], [ 103.736210619243451, 1.196448197893306 ], [ 103.73607584648606, 1.19632250183799 ], [ 103.735982822068479, 1.1962214665665 ], [ 103.73590754539012, 1.196185706221648 ], [ 103.73587721582328, 1.196121012348892 ], [ 103.735836646128249, 1.196076932187462 ], [ 103.735818069178748, 1.196059623801141 ], [ 103.735800855316413, 1.196040908272742 ], [ 103.735728593387876, 1.196023600678469 ], [ 103.735662892994384, 1.195988596718716 ], [ 103.735550200074101, 1.195968844079612 ], [ 103.735476111662877, 1.195971798693206 ], [ 103.735365901374422, 1.195950620857774 ], [ 103.735299790777219, 1.1958788020176 ], [ 103.735281213832593, 1.195861493627969 ], [ 103.735263973919174, 1.195842760912714 ], [ 103.735211328443881, 1.195844854431203 ], [ 103.73512083781047, 1.195770731294488 ], [ 103.735066471484672, 1.19575342251911 ], [ 103.735047064279243, 1.195712017314468 ], [ 103.734959781987328, 1.195644648984745 ], [ 103.734905414766715, 1.1956273402064 ], [ 103.734872166755437, 1.195591211466352 ], [ 103.734843121907375, 1.195581958772399 ], [ 103.734808554873595, 1.195521010613554 ], [ 103.734709738072453, 1.195464054709322 ], [ 103.734582811793658, 1.19544769650113 ], [ 103.734470153991722, 1.195426730164368 ], [ 103.734365806258367, 1.195437442192583 ], [ 103.734274022821253, 1.195410336876614 ], [ 103.734143855285481, 1.195353503712703 ], [ 103.734101301094313, 1.195301948886529 ], [ 103.734091523822343, 1.195293770365858 ] ] ], [ [ [ 103.729349296933364, 1.177317906966273 ], [ 103.729402983338616, 1.177317907172021 ], [ 103.729606758771283, 1.177328074435691 ], [ 103.729662463295014, 1.177325858115436 ], [ 103.729710800847116, 1.177327758184172 ], [ 103.729788070025094, 1.177309253260655 ], [ 103.729793091802861, 1.17730792765049 ], [ 103.729918439471774, 1.177274847073667 ], [ 103.73002070771561, 1.177255217143012 ], [ 103.730090925241356, 1.177217820684664 ], [ 103.730235450592176, 1.177183169022395 ], [ 103.730332712059536, 1.177123223242881 ], [ 103.730449510384773, 1.177092405946446 ], [ 103.730539668522724, 1.177075097953256 ], [ 103.730608580575989, 1.177060572802483 ], [ 103.730628462785063, 1.177056381811468 ], [ 103.730718620921252, 1.177039073812252 ], [ 103.730775329717474, 1.177019056905912 ], [ 103.730829198437036, 1.177021202242118 ], [ 103.731027103140832, 1.176979550018734 ], [ 103.731099819782528, 1.177005195949034 ], [ 103.731183896058099, 1.176985038058317 ], [ 103.731268023621467, 1.176962839921185 ], [ 103.731298639016686, 1.176967432505609 ], [ 103.731311484831821, 1.176969360178649 ], [ 103.731415990844752, 1.176985038464341 ], [ 103.731460930393737, 1.176983244049372 ], [ 103.731625832256725, 1.176989822120996 ], [ 103.73174725365557, 1.176975679605158 ], [ 103.731765148224653, 1.176975679356689 ], [ 103.731783795757764, 1.176999989350193 ], [ 103.731916104803332, 1.177021870765873 ], [ 103.732105156568167, 1.177029715802881 ], [ 103.732140947753649, 1.177047728427991 ], [ 103.732149230696763, 1.177057401810219 ], [ 103.732339122846398, 1.177082415312799 ], [ 103.732418322967447, 1.177111684329172 ], [ 103.732485710630641, 1.177086776974007 ], [ 103.732783934229928, 1.177113831015322 ], [ 103.732838860103627, 1.177101763362637 ], [ 103.73293892656045, 1.177094410891087 ], [ 103.732955280344214, 1.177090366262253 ], [ 103.732982021804133, 1.177083751806326 ], [ 103.732992612187161, 1.177091103766809 ], [ 103.733020861422361, 1.17713229948557 ], [ 103.733036331970752, 1.177128473680441 ], [ 103.733071497862383, 1.177119775873349 ], [ 103.733140867643641, 1.177094129707882 ], [ 103.733251000550894, 1.177172720228604 ], [ 103.733383999168964, 1.177183486059635 ], [ 103.733429401989213, 1.177191823222447 ], [ 103.733510918323276, 1.177199844253958 ], [ 103.733590457882997, 1.177209834917343 ], [ 103.733598497322703, 1.177219932433763 ], [ 103.733742567032735, 1.177237979683111 ], [ 103.733785785185617, 1.177232561381162 ], [ 103.733887686887556, 1.17726186644295 ], [ 103.734047773850335, 1.177289904763816 ], [ 103.734135274691866, 1.177309886209403 ], [ 103.734198895562017, 1.177317906580342 ], [ 103.734243974017375, 1.177326562054809 ], [ 103.734306536854675, 1.177348654293738 ], [ 103.734610484476875, 1.17733591903112 ], [ 103.734643164390221, 1.177347704062189 ], [ 103.734914702913116, 1.177364027549453 ], [ 103.734986284053434, 1.177359700899557 ], [ 103.735083353553208, 1.177365540206606 ], [ 103.735093655289333, 1.177353931247334 ], [ 103.735141328715258, 1.177359981325926 ], [ 103.735165235648168, 1.177371943295511 ], [ 103.735282218570433, 1.177380280251089 ], [ 103.735324037645029, 1.1774037798288 ], [ 103.735548915989213, 1.177421968211443 ], [ 103.735612615805124, 1.177407967282068 ], [ 103.735666301323974, 1.177407967366559 ], [ 103.735694787188592, 1.177415319043891 ], [ 103.735757953164054, 1.177456725781276 ], [ 103.735809462055244, 1.177443990527986 ], [ 103.73587158867555, 1.177453488539868 ], [ 103.736282234616198, 1.177485854782411 ], [ 103.736571249175199, 1.177524551790959 ], [ 103.736910523396091, 1.1775075253973 ], [ 103.736963964289799, 1.177488246208962 ], [ 103.736998462754755, 1.177527116988954 ], [ 103.737012171575429, 1.177542564008879 ], [ 103.737035790196089, 1.177525537457966 ], [ 103.737044684815885, 1.177515520123185 ], [ 103.737054532783574, 1.177504429341 ], [ 103.737124759592476, 1.177508650640728 ], [ 103.737160549715298, 1.17750650492255 ], [ 103.737167579584295, 1.177506925696047 ], [ 103.737223471715097, 1.177510269262166 ], [ 103.737255277230446, 1.177500792626984 ], [ 103.737323779757929, 1.177480381689652 ], [ 103.737356890810062, 1.17747051622182 ], [ 103.737491611096701, 1.177425978227887 ], [ 103.73756749097123, 1.177412996892756 ], [ 103.737584724116388, 1.177390530364343 ], [ 103.737598982187336, 1.177371943456129 ], [ 103.737686477697963, 1.177364883392522 ], [ 103.737698392771676, 1.177363922464529 ], [ 103.737767998639811, 1.177343940222467 ], [ 103.737913974566823, 1.177322550705833 ], [ 103.738020506550612, 1.177291873811145 ], [ 103.738072216942342, 1.177271892754131 ], [ 103.738155716486418, 1.177247864853296 ], [ 103.738187540103766, 1.177207830639144 ], [ 103.738276981271852, 1.177135746823347 ], [ 103.738340645568741, 1.177055748932274 ], [ 103.738374199257692, 1.177028696021385 ], [ 103.738412226007753, 1.176965689352274 ], [ 103.738467886682855, 1.176931635607999 ], [ 103.738501702811163, 1.176875629478034 ], [ 103.738557361686475, 1.176841574827265 ], [ 103.73857781773917, 1.176792746179506 ], [ 103.73863888700545, 1.176743530042595 ], [ 103.738662758527028, 1.176713522238303 ], [ 103.738697562059855, 1.176685448338116 ], [ 103.738700645662746, 1.176660471707202 ], [ 103.738697919452918, 1.176638378896039 ], [ 103.738746258388218, 1.176599434092609 ], [ 103.73877012990738, 1.176569426287185 ], [ 103.738790061024872, 1.176553349176487 ], [ 103.738861581235469, 1.176463324850505 ], [ 103.738887436284756, 1.176417308956943 ], [ 103.738905332065073, 1.176381286018785 ], [ 103.738923225735732, 1.176381285723757 ], [ 103.738983824099833, 1.176334215618601 ], [ 103.739030598575695, 1.176273214212367 ], [ 103.739092889657101, 1.176227831706023 ], [ 103.739151259423281, 1.176189909167038 ], [ 103.739382665159624, 1.175998496528444 ], [ 103.739486108062451, 1.175886149932706 ], [ 103.73949266646656, 1.175879027380305 ], [ 103.739506897109322, 1.175874002308551 ], [ 103.739576061015555, 1.175849581381217 ], [ 103.739630427253999, 1.175832272778535 ], [ 103.739826593629175, 1.175723497921026 ], [ 103.739941779961214, 1.175691187050653 ], [ 103.739994526112326, 1.175676391614658 ], [ 103.740047770483017, 1.175648038866925 ], [ 103.740076444882732, 1.175632768732817 ], [ 103.740289649409135, 1.175581653072695 ], [ 103.740327658508932, 1.175561389348319 ], [ 103.740372737535949, 1.17555273609114 ], [ 103.740380610743159, 1.175563782262396 ], [ 103.740541247787334, 1.175531381547483 ], [ 103.740551689762526, 1.17551671129635 ], [ 103.740623269817462, 1.175516711880194 ], [ 103.740707629537994, 1.175535712681898 ], [ 103.740740253002969, 1.175543060827684 ], [ 103.740775090873299, 1.175562621584732 ], [ 103.740820117827013, 1.175552735669674 ], [ 103.740855907855192, 1.1755527359584 ], [ 103.740873802420055, 1.175552735650394 ], [ 103.740891697883399, 1.175552736246665 ], [ 103.740900986312042, 1.175561389515372 ], [ 103.740918427706788, 1.17559861012052 ], [ 103.740949210585256, 1.175565154182026 ], [ 103.741007570160733, 1.175562831003504 ], [ 103.741095910988705, 1.175559315059459 ], [ 103.741113532679407, 1.175578463754259 ], [ 103.741128380793626, 1.175594599014355 ], [ 103.741202784042173, 1.175591631552996 ], [ 103.741526977455123, 1.175578698130148 ], [ 103.741565615686213, 1.175580211505781 ], [ 103.74160750533278, 1.175534723357132 ], [ 103.741625400796394, 1.175534723948661 ], [ 103.741742707154714, 1.175542745014571 ], [ 103.741794924736183, 1.17556293757944 ], [ 103.741939554496824, 1.175544714880739 ], [ 103.741991038078737, 1.175534953961284 ], [ 103.742044951224642, 1.175524732799256 ], [ 103.742096325056238, 1.175519054175544 ], [ 103.742190086768602, 1.17550869052667 ], [ 103.742348985774129, 1.175486176160903 ], [ 103.742403841791756, 1.175493071025346 ], [ 103.742457527502879, 1.175486317181205 ], [ 103.742494130527234, 1.175490925212537 ], [ 103.742502264996375, 1.175480688072554 ], [ 103.742571688100938, 1.175469852439846 ], [ 103.742681217837031, 1.175480688498448 ], [ 103.74273944826335, 1.175471058013703 ], [ 103.742742697263793, 1.175470520927254 ], [ 103.742860169461267, 1.175462676684583 ], [ 103.742917288363302, 1.175455429160316 ], [ 103.74293175067794, 1.175426651848008 ], [ 103.743038064767617, 1.175406669757789 ], [ 103.743137038530634, 1.17534510655249 ], [ 103.743173841716256, 1.175328078564311 ], [ 103.743232382233032, 1.175286934592457 ], [ 103.743255829168774, 1.175270454214339 ], [ 103.743291542754619, 1.175272594195361 ], [ 103.743331001289405, 1.175274957675443 ], [ 103.743601176524564, 1.175212443181433 ], [ 103.743742127844584, 1.175220886360461 ], [ 103.74391608272424, 1.175123052387128 ], [ 103.743996007060332, 1.174984867152785 ], [ 103.74401491657251, 1.174967839481084 ], [ 103.744031798228335, 1.174948842942394 ], [ 103.744063568363018, 1.174920276896647 ], [ 103.7440864967827, 1.174877779734645 ], [ 103.744119744786616, 1.174769427076981 ], [ 103.74418881812241, 1.174737518792101 ], [ 103.744210749962647, 1.174642639897089 ], [ 103.744290002767997, 1.174571364946626 ], [ 103.744356890584001, 1.174465510313926 ], [ 103.744470449118452, 1.174392793994884 ], [ 103.744533877235725, 1.174301396418278 ], [ 103.744551571451808, 1.174243702141718 ], [ 103.744597401724675, 1.174202507086799 ], [ 103.744669593353962, 1.174068789141575 ], [ 103.74471181506118, 1.173976197121583 ], [ 103.744730724230607, 1.173941158119102 ], [ 103.744747605778755, 1.17386812488715 ], [ 103.744766514615065, 1.173815074559345 ], [ 103.744783395497365, 1.173706016868269 ], [ 103.744803178938341, 1.173612791075734 ], [ 103.744799211466244, 1.173545773916405 ], [ 103.744820253167177, 1.173526847140233 ], [ 103.744818094316571, 1.173490365908588 ], [ 103.744818381090766, 1.173485522141007 ], [ 103.744823066568244, 1.173406356927718 ], [ 103.744802305607692, 1.173183670053366 ], [ 103.744795854937195, 1.173165575321365 ], [ 103.744775016037707, 1.173107119244074 ], [ 103.744795377583358, 1.173030588039536 ], [ 103.744802383126626, 1.173004254070227 ], [ 103.744775408361633, 1.172774332985265 ], [ 103.744771023053687, 1.172736958170373 ], [ 103.744807712189356, 1.172459220834096 ], [ 103.744819186080349, 1.172372356980352 ], [ 103.744802305051792, 1.172229035456121 ], [ 103.744791159230488, 1.17219777212195 ], [ 103.744779690875916, 1.172165606221637 ], [ 103.744784249592001, 1.172088633183295 ], [ 103.744784776393104, 1.172079732443764 ], [ 103.744782385228902, 1.1720591870129 ], [ 103.744774213771208, 1.171988977312221 ], [ 103.74476651479759, 1.171922831841009 ], [ 103.744747605716015, 1.171869781212307 ], [ 103.744716515809415, 1.1716689751088 ], [ 103.744686484700111, 1.171571070355093 ], [ 103.744606482657161, 1.171499128316592 ], [ 103.744591538316968, 1.171485689886874 ], [ 103.744587724410792, 1.171421276397376 ], [ 103.74458545690176, 1.171382964727953 ], [ 103.744588628497752, 1.17132938665322 ], [ 103.744566163021716, 1.171309193284601 ], [ 103.744533876729946, 1.171238375986021 ], [ 103.744497073117557, 1.171185325689784 ], [ 103.744475507895544, 1.171138043916718 ], [ 103.744371806666265, 1.171077253740519 ], [ 103.744346476138304, 1.171048722941725 ], [ 103.744318121162436, 1.171023217145622 ], [ 103.744301239834172, 1.171004220427944 ], [ 103.744282330528179, 1.170987193351418 ], [ 103.74426544920037, 1.170968196633554 ], [ 103.744246539894817, 1.170951169556817 ], [ 103.744229658567463, 1.170932172838782 ], [ 103.744210750160903, 1.170915144857499 ], [ 103.744158077873536, 1.170842113018626 ], [ 103.744023357697827, 1.17072552706482 ], [ 103.744023357369244, 1.170707514835456 ], [ 103.744005461935089, 1.170707515166121 ], [ 103.743997502020235, 1.170625476382332 ], [ 103.743977632190436, 1.170609434126257 ], [ 103.743913583252208, 1.170503297653243 ], [ 103.743824876295989, 1.170440536425444 ], [ 103.74380065542843, 1.170355296572858 ], [ 103.743780784703119, 1.170339254315569 ], [ 103.743764864726188, 1.170265236085142 ], [ 103.743731310191023, 1.170238183653417 ], [ 103.743675353636448, 1.170145450119152 ], [ 103.743542861477991, 1.170067069098715 ], [ 103.74331677681802, 1.170024149708618 ], [ 103.743158732684634, 1.17004404785622 ], [ 103.743118662107761, 1.170049092914023 ], [ 103.743110702621038, 1.170095106725362 ], [ 103.743092807191204, 1.170095107050467 ], [ 103.743053547849584, 1.170075477450854 ], [ 103.742963381615141, 1.170157727390235 ], [ 103.742919779990629, 1.170245078548856 ], [ 103.742900564349426, 1.170254869480521 ], [ 103.742895960358695, 1.170257215252787 ], [ 103.74287073386644, 1.170235333333733 ], [ 103.742863683765393, 1.170165794705503 ], [ 103.74286016904432, 1.170131131202381 ], [ 103.742850880445289, 1.170100067787122 ], [ 103.742814767129317, 1.170068757513792 ], [ 103.742785626263966, 1.17003470452883 ], [ 103.742739734584262, 1.170031009613009 ], [ 103.742698844564288, 1.17003639106172 ], [ 103.742631006611191, 1.170045317646568 ], [ 103.742595638796743, 1.170049972164291 ], [ 103.742588074170499, 1.170054725258123 ], [ 103.742422401751497, 1.170158818549878 ], [ 103.74232666835168, 1.170214366017929 ], [ 103.742268037202109, 1.170282861577622 ], [ 103.742206330292646, 1.170301577193606 ], [ 103.742093585982531, 1.170372393387422 ], [ 103.742020998299296, 1.170389002377807 ], [ 103.742009483932321, 1.170391636414405 ], [ 103.742004845789353, 1.170394240832273 ], [ 103.741975021325956, 1.170410985068396 ], [ 103.741909862592422, 1.170422951291786 ], [ 103.741884217443129, 1.170427661285191 ], [ 103.74186860091622, 1.170445902709606 ], [ 103.741856028623502, 1.170460589176879 ], [ 103.741819093749754, 1.170467369793796 ], [ 103.741741055833842, 1.17048169688587 ], [ 103.741716383616662, 1.170490815686706 ], [ 103.741643593431888, 1.170517720850258 ], [ 103.741608952937725, 1.170508829806991 ], [ 103.741486801036913, 1.170477475083123 ], [ 103.741375541366139, 1.170427519744196 ], [ 103.741310102521908, 1.170322368026296 ], [ 103.741249602367191, 1.170311251388156 ], [ 103.741225834733825, 1.170299149301235 ], [ 103.741195777358271, 1.17023934449124 ], [ 103.741148242991954, 1.170215140316427 ], [ 103.741136218245558, 1.17019121857301 ], [ 103.741112451512208, 1.170179117389624 ], [ 103.741100428563328, 1.1701551938374 ], [ 103.741064725453711, 1.170137006789865 ], [ 103.741022888631178, 1.170053207893633 ], [ 103.740999068889138, 1.170041071437421 ], [ 103.740993058004321, 1.170011097885389 ], [ 103.740969289755725, 1.169962972245038 ], [ 103.740963278871291, 1.169932999597327 ], [ 103.740957267368117, 1.169867002493742 ], [ 103.740933500638292, 1.169854900404718 ], [ 103.740913429451638, 1.169814972046431 ], [ 103.740873803164462, 1.169806915558028 ], [ 103.740873802855518, 1.169788903330127 ], [ 103.740883746530642, 1.169707321841903 ], [ 103.740864025587911, 1.16967267046189 ], [ 103.740847790308393, 1.169598933467687 ], [ 103.740792443775405, 1.169456525874509 ], [ 103.740772224486193, 1.169274999350853 ], [ 103.740740419622625, 1.169130621927811 ], [ 103.740720863382194, 1.16906026171996 ], [ 103.740704628108688, 1.168986525629546 ], [ 103.740685073076548, 1.168934177649471 ], [ 103.740667571219035, 1.168796484858803 ], [ 103.740633048093585, 1.168716345260082 ], [ 103.74060372364994, 1.168664807265697 ], [ 103.740579361760666, 1.168554237947101 ], [ 103.740559806733273, 1.168501889966413 ], [ 103.740541606076818, 1.168439445705284 ], [ 103.74047033047151, 1.16833978146217 ], [ 103.740400410118525, 1.168175985158126 ], [ 103.74032716880771, 1.16801556563926 ], [ 103.74031093475331, 1.167959840870848 ], [ 103.740283156607333, 1.167936623099887 ], [ 103.740219797751578, 1.167835446113711 ], [ 103.740149877136062, 1.167707672451844 ], [ 103.74013032183349, 1.167691349828881 ], [ 103.740114086580704, 1.167617612831821 ], [ 103.740094531567252, 1.167565265753104 ], [ 103.740068055852916, 1.167445056739777 ], [ 103.740036163030695, 1.167435633101209 ], [ 103.740014833762544, 1.167429330777052 ], [ 103.73999693835114, 1.167429331083647 ], [ 103.739996938046588, 1.167411318855889 ], [ 103.740029001758145, 1.167388179047962 ], [ 103.740032912120242, 1.167385356656926 ], [ 103.740014795094638, 1.167294039655109 ], [ 103.740002081645144, 1.16722996048374 ], [ 103.739998782005628, 1.167213328205969 ], [ 103.740007887128726, 1.167166960837671 ], [ 103.739973844510516, 1.167148153440804 ], [ 103.73996114804892, 1.167141139669924 ], [ 103.739961147744438, 1.167123127442131 ], [ 103.739961147439956, 1.167105115214353 ], [ 103.73994325203067, 1.167105114616407 ], [ 103.739936577460597, 1.167011853612901 ], [ 103.73990746298098, 1.166997042766795 ], [ 103.739835208454522, 1.166804011887508 ], [ 103.739754689280048, 1.166700512815692 ], [ 103.739738122483018, 1.166627128508228 ], [ 103.739709286869356, 1.166548078850713 ], [ 103.739692720377221, 1.166492705866443 ], [ 103.739692720074089, 1.166474694543068 ], [ 103.73967482466891, 1.166474694848107 ], [ 103.739670211031708, 1.166442821271187 ], [ 103.739616585891312, 1.166389207842745 ], [ 103.739585348826381, 1.166384634328835 ], [ 103.73957071324169, 1.166355506066452 ], [ 103.739495872098317, 1.16634861048998 ], [ 103.739451003408291, 1.166359058915778 ], [ 103.739376051351982, 1.166337072202124 ], [ 103.739365014297917, 1.166333834206417 ], [ 103.739341719017915, 1.166276561829101 ], [ 103.739257774307362, 1.166241969778037 ], [ 103.739217335220374, 1.166225305501815 ], [ 103.73915817073086, 1.16614815669772 ], [ 103.73913796940289, 1.166132466198002 ], [ 103.739130840743243, 1.166104514764741 ], [ 103.73912087768926, 1.166065448596464 ], [ 103.7390849616, 1.166050258585029 ], [ 103.739041188249033, 1.166031746577549 ], [ 103.738959017178033, 1.166024394036349 ], [ 103.738941121776051, 1.166024394336909 ], [ 103.738894053263124, 1.165963003582906 ], [ 103.738880542224763, 1.165945380680485 ], [ 103.738845920566035, 1.165939468585091 ], [ 103.738815855169136, 1.165934333492305 ], [ 103.738815854734142, 1.165920435218982 ], [ 103.738815854871305, 1.165916322169331 ], [ 103.73881079722139, 1.165916321998451 ], [ 103.738797960368586, 1.165916322469061 ], [ 103.738781773800966, 1.165892722530969 ], [ 103.73876832931856, 1.165873121785208 ], [ 103.73875270455882, 1.165869085982725 ], [ 103.73872637966906, 1.165862286080513 ], [ 103.738726379258097, 1.165847679689824 ], [ 103.738726379371784, 1.165844273853197 ], [ 103.738722190570357, 1.165844273711548 ], [ 103.738708483971067, 1.165844274152362 ], [ 103.738693819245469, 1.165827145897516 ], [ 103.738683633361816, 1.165815250446994 ], [ 103.738612290933048, 1.165783200973048 ], [ 103.73860939691194, 1.165781900398959 ], [ 103.738557039043087, 1.16574453932946 ], [ 103.738477803936249, 1.165720511297846 ], [ 103.738360025543841, 1.165654372937726 ], [ 103.73831228188682, 1.165658242901155 ], [ 103.738137847783818, 1.165618349977617 ], [ 103.738074285589818, 1.165582657975439 ], [ 103.738068931537057, 1.165579651685708 ], [ 103.738014617707947, 1.165567232912153 ], [ 103.737929379589261, 1.165547744570877 ], [ 103.737811191269586, 1.165515203314777 ], [ 103.737750663173799, 1.165510277888027 ], [ 103.737724248779983, 1.165520057687291 ], [ 103.737706353381867, 1.165520057075853 ], [ 103.737553737698633, 1.165475520046927 ], [ 103.73748317025634, 1.165456522360102 ], [ 103.737356890441632, 1.165439496084819 ], [ 103.737258475495537, 1.165403964751059 ], [ 103.737160043801666, 1.165385460787117 ], [ 103.737066862088113, 1.165365443094338 ], [ 103.737050592697642, 1.165347114685035 ], [ 103.737035790499434, 1.165330439504342 ], [ 103.736984914976645, 1.165325632865282 ], [ 103.736744216064835, 1.165302893369558 ], [ 103.736639665125864, 1.165245709510226 ], [ 103.736615253375348, 1.165232357534829 ], [ 103.736596271750471, 1.165230727214226 ], [ 103.736272063877607, 1.165202877845823 ], [ 103.736212104251891, 1.165206465188527 ], [ 103.736167366305594, 1.165203755968928 ], [ 103.736086838207996, 1.165208611418177 ], [ 103.735981948603921, 1.165202314300429 ], [ 103.735751180166787, 1.165224723650244 ], [ 103.735630511165539, 1.165217476386601 ], [ 103.735373232768424, 1.165232920269296 ], [ 103.735255664565344, 1.165275382391064 ], [ 103.735167062067731, 1.165294415251098 ], [ 103.735094843456196, 1.165268327231079 ], [ 103.735062075625123, 1.165256490664189 ], [ 103.735020148901555, 1.165259001516182 ], [ 103.734986284421993, 1.165261028815869 ], [ 103.734809517785138, 1.165250443345189 ], [ 103.734804771027356, 1.165250159207691 ], [ 103.734792469601757, 1.165252532731144 ], [ 103.734454687596923, 1.165317703785699 ], [ 103.734294181247606, 1.165405477524672 ], [ 103.734233934351124, 1.165401854317215 ], [ 103.734100977979878, 1.165457507806282 ], [ 103.73394313709494, 1.165478756576275 ], [ 103.733930466817213, 1.16552005754181 ], [ 103.733894676025017, 1.165520057174664 ], [ 103.733795099911447, 1.1655459139332 ], [ 103.733746333759058, 1.165575536461068 ], [ 103.733719771127511, 1.165610152774025 ], [ 103.733598252776474, 1.165635975282455 ], [ 103.733526200281062, 1.165689729938444 ], [ 103.733465191856894, 1.165700178595921 ], [ 103.733428172221537, 1.165691532455701 ], [ 103.733419851294357, 1.165689588679637 ], [ 103.733373661858963, 1.165724063207099 ], [ 103.733347876965141, 1.165743308063176 ], [ 103.733332131720886, 1.165818416767028 ], [ 103.733304135650187, 1.165862285575578 ], [ 103.73327230312583, 1.165902285375944 ], [ 103.733191364059223, 1.165967543218454 ], [ 103.733159576085868, 1.166043461656796 ], [ 103.733051671398854, 1.166130425985596 ], [ 103.732954191377303, 1.166158499383668 ], [ 103.73292766365212, 1.16622185819566 ], [ 103.732864715678588, 1.166248560004679 ], [ 103.732821628944677, 1.166302700939357 ], [ 103.732716661011352, 1.166325567633908 ], [ 103.732687738577368, 1.166394625660675 ], [ 103.732564027501567, 1.166430226932616 ], [ 103.732543913071694, 1.166523840574479 ], [ 103.732465639161504, 1.166557050530944 ], [ 103.732429254617941, 1.166602783825249 ], [ 103.732380916685926, 1.166641727624562 ], [ 103.732385774367401, 1.166681023333181 ], [ 103.732363649993133, 1.166698860215683 ], [ 103.732297600129854, 1.166808303996705 ], [ 103.732248318952486, 1.166816923519918 ], [ 103.732201438659473, 1.166822870732615 ], [ 103.732191199319132, 1.166824169933647 ], [ 103.73218997367951, 1.16682660805544 ], [ 103.732176737849343, 1.166852946282187 ], [ 103.732158843344251, 1.166852946538931 ], [ 103.732158842700741, 1.166870958762536 ], [ 103.73212305189341, 1.166870959275595 ], [ 103.732123052148197, 1.166888970594831 ], [ 103.732105156744424, 1.166888970851195 ], [ 103.732105156999054, 1.166906983074782 ], [ 103.732087262493678, 1.166906983331037 ], [ 103.73208726274818, 1.166924995554611 ], [ 103.732087262104201, 1.166943006873804 ], [ 103.732087262358675, 1.166961019097374 ], [ 103.732071674081467, 1.167017376706478 ], [ 103.731979890948764, 1.167033067717449 ], [ 103.731958871838998, 1.16704766610782 ], [ 103.731958719090372, 1.16704777191289 ], [ 103.731958656192148, 1.167047864155777 ], [ 103.73191928460561, 1.167105256398004 ], [ 103.731857338112235, 1.167140840883949 ], [ 103.731834894042748, 1.167153733590456 ], [ 103.731820661972051, 1.167174497277419 ], [ 103.731811529149994, 1.167187821848973 ], [ 103.731797121420897, 1.167196100780509 ], [ 103.731736279201954, 1.167231058579103 ], [ 103.731720808035703, 1.167253611957312 ], [ 103.73170415797675, 1.167277882680294 ], [ 103.731654501186114, 1.167312393223321 ], [ 103.731646357978832, 1.167315458721877 ], [ 103.731603934770931, 1.167331426442042 ], [ 103.731578891390328, 1.16736794285516 ], [ 103.731558475417643, 1.167375625590446 ], [ 103.731539816034385, 1.167382647299282 ], [ 103.731518845699625, 1.167464932831509 ], [ 103.731450339604223, 1.167490719185655 ], [ 103.731419792624081, 1.16753525710733 ], [ 103.731358906323933, 1.167521537488365 ], [ 103.73129486692423, 1.167614904429815 ], [ 103.731205320764886, 1.167638017612396 ], [ 103.731179684094599, 1.167706969023635 ], [ 103.731110330990674, 1.167724875611846 ], [ 103.731095721366685, 1.167800231228872 ], [ 103.731056646002628, 1.167814936569802 ], [ 103.731039013036721, 1.167862393342694 ], [ 103.730985423385974, 1.167850291890027 ], [ 103.730934664659671, 1.167944327633121 ], [ 103.730895588394461, 1.167959032067136 ], [ 103.730888283948318, 1.168023727304516 ], [ 103.730870388538065, 1.168023727552321 ], [ 103.730852494026323, 1.168023727800044 ], [ 103.730852494272341, 1.16804174002278 ], [ 103.730816703451694, 1.168041739613433 ], [ 103.730816703697471, 1.168059751836164 ], [ 103.730786216726358, 1.168084306919125 ], [ 103.730791057319792, 1.168123462451294 ], [ 103.730717292301819, 1.168247893026406 ], [ 103.730701371801587, 1.16832191013264 ], [ 103.730645711548547, 1.16844602484298 ], [ 103.730629790390736, 1.168538054170964 ], [ 103.730609921289854, 1.168554096861413 ], [ 103.73059400078445, 1.168628113966468 ], [ 103.73055623585779, 1.168680180442615 ], [ 103.730540314862651, 1.16871817491088 ], [ 103.730466759516403, 1.168734217430947 ], [ 103.730458799176688, 1.168798243412094 ], [ 103.730447833150905, 1.168843203475606 ], [ 103.730455024464433, 1.168875498587451 ], [ 103.730430313439143, 1.168913668177393 ], [ 103.730423008492508, 1.168942339871547 ], [ 103.730405113975195, 1.168942340115884 ], [ 103.730405114217859, 1.168960352338265 ], [ 103.730378568195803, 1.16898096724587 ], [ 103.730361528602941, 1.169042566482117 ], [ 103.730314816704777, 1.169061809628511 ], [ 103.730333532764575, 1.169176496364529 ], [ 103.730315637347374, 1.169176495703765 ], [ 103.730315637589371, 1.169194507021685 ], [ 103.730297743070523, 1.169194507265192 ], [ 103.730297742897505, 1.169248543931997 ], [ 103.730254096069089, 1.16925980165411 ], [ 103.730234427806678, 1.169361189200259 ], [ 103.730197676197236, 1.169418003619417 ], [ 103.730183066360894, 1.169547395894287 ], [ 103.730172476615294, 1.16957275930147 ], [ 103.730172476856112, 1.169590771523637 ], [ 103.730172476198433, 1.169608783745752 ], [ 103.730172476022332, 1.16966281950782 ], [ 103.730144156815697, 1.169670770534599 ], [ 103.730150893888634, 1.169716643754462 ], [ 103.730100894947299, 1.169842939984082 ], [ 103.730074227616498, 1.169888145450582 ], [ 103.730002043971524, 1.169911715933807 ], [ 103.730002511241594, 1.169934905658254 ], [ 103.730003380310308, 1.169978029393522 ], [ 103.730003137273769, 1.169990099029278 ], [ 103.730001938296795, 1.170049550079368 ], [ 103.730025845670298, 1.170096267707515 ], [ 103.730017050470408, 1.170139487851553 ], [ 103.73000223603502, 1.170212291334445 ], [ 103.730005877526281, 1.170215818489864 ], [ 103.730020541424437, 1.170230021168986 ], [ 103.730038087425868, 1.170252008721981 ], [ 103.729983353468015, 1.170302069582509 ], [ 103.729932472467766, 1.170248757233985 ], [ 103.729931747406098, 1.170247998445509 ], [ 103.729907587622506, 1.170248491331974 ], [ 103.72987737986594, 1.170376228037504 ], [ 103.729930550189906, 1.170480113422827 ], [ 103.729787554969377, 1.170500201276985 ], [ 103.72977000886236, 1.170554589088019 ], [ 103.729750715621151, 1.170572248795005 ], [ 103.72970419577203, 1.170523525348436 ], [ 103.729680532869935, 1.170572600695941 ], [ 103.729640679381973, 1.170611157685056 ], [ 103.729572812656471, 1.170644297393261 ], [ 103.729555266071785, 1.170662660759106 ], [ 103.729482977744979, 1.170697981626643 ], [ 103.729447895355534, 1.170734709261653 ], [ 103.729322278999234, 1.170752369520575 ], [ 103.729251048827592, 1.170770733592645 ], [ 103.729138687675217, 1.170798313404548 ], [ 103.729080868787847, 1.170833599531768 ], [ 103.728966770471601, 1.170822306081594 ], [ 103.728929424436998, 1.170843274174366 ], [ 103.728846477797418, 1.170862239198692 ], [ 103.7288294250191, 1.170866138177339 ], [ 103.728786332587944, 1.170875990512458 ], [ 103.72876455361029, 1.170906527359953 ], [ 103.728709604774991, 1.170983569888919 ], [ 103.72868265021981, 1.170995671077654 ], [ 103.728623878344919, 1.171022056406552 ], [ 103.728621459380093, 1.171027509631532 ], [ 103.72860731041213, 1.171059417780385 ], [ 103.728570191851929, 1.171076092859667 ], [ 103.728535730057089, 1.171095441338831 ], [ 103.728504013541624, 1.171105054440673 ], [ 103.728431277334096, 1.171127102813353 ], [ 103.728374673913123, 1.17116748958406 ], [ 103.72823018278919, 1.171256212206266 ], [ 103.728170040974547, 1.171299131962723 ], [ 103.728106245430183, 1.171401645559499 ], [ 103.728076251154206, 1.171440188425762 ], [ 103.728046592034033, 1.171478301731327 ], [ 103.728028013431768, 1.171486646501043 ], [ 103.727942968950899, 1.171524844528978 ], [ 103.727822281559924, 1.17154700773171 ], [ 103.727737087078054, 1.171607797667699 ], [ 103.727709466413529, 1.171700179224956 ], [ 103.727667090515993, 1.171722157282665 ], [ 103.727662526943931, 1.171724523830358 ], [ 103.727660753526379, 1.171718594751784 ], [ 103.727640944075119, 1.171652370127436 ], [ 103.727620322531692, 1.171654024330808 ], [ 103.727626370192951, 1.171729796709215 ], [ 103.727629296133017, 1.171766457933477 ], [ 103.727533481427201, 1.171849558121861 ], [ 103.727532271107762, 1.17185060804261 ], [ 103.727529776659537, 1.171856233997025 ], [ 103.727515704053786, 1.171887968503639 ], [ 103.727514096609426, 1.171888691029466 ], [ 103.727476181947523, 1.171905734138412 ], [ 103.727457801564952, 1.171947185873323 ], [ 103.727442331671242, 1.171982073843992 ], [ 103.727390900728182, 1.17202668145575 ], [ 103.727389513325875, 1.172029811407168 ], [ 103.727372541909133, 1.172068088876861 ], [ 103.727337214414177, 1.172098729196651 ], [ 103.72732854584487, 1.172118282123102 ], [ 103.727318856492317, 1.172140136617306 ], [ 103.727299125879469, 1.17217573796782 ], [ 103.727329210290051, 1.172201806505431 ], [ 103.727299633994079, 1.172282895187221 ], [ 103.72728306625639, 1.172338267866345 ], [ 103.727245947215067, 1.172390966461389 ], [ 103.727229381052055, 1.172428328728706 ], [ 103.727176953436199, 1.172502733286105 ], [ 103.727157799710014, 1.172608448198036 ], [ 103.727152049813483, 1.172618823748002 ], [ 103.727138576778771, 1.172643134349708 ], [ 103.727122009714151, 1.172680495711656 ], [ 103.72706014552935, 1.172768338756289 ], [ 103.727056019094078, 1.172782128342535 ], [ 103.727032533817393, 1.172860615397103 ], [ 103.727016279407465, 1.172874714716532 ], [ 103.726994086611683, 1.172893965066716 ], [ 103.726960952936423, 1.172932663348283 ], [ 103.726905939121664, 1.172967349937231 ], [ 103.72688937226971, 1.173022722612693 ], [ 103.72687014843352, 1.173057409666172 ], [ 103.72685820405222, 1.173097333266373 ], [ 103.726853581580215, 1.173112782341271 ], [ 103.72683912063404, 1.173125332552408 ], [ 103.726832016853663, 1.17313149823474 ], [ 103.726799896780349, 1.173238866727323 ], [ 103.726780672724288, 1.173255542464544 ], [ 103.726765164512486, 1.173329091088942 ], [ 103.726752054828822, 1.173391270139716 ], [ 103.726746209930084, 1.173418986866376 ], [ 103.726705815066211, 1.173515519853527 ], [ 103.726638909590392, 1.173573565703937 ], [ 103.726613951333533, 1.173684125968709 ], [ 103.726604752732982, 1.173724873548189 ], [ 103.726589677578616, 1.173727643036387 ], [ 103.726557646694147, 1.173733527407324 ], [ 103.726575087908884, 1.173817430455597 ], [ 103.72654835827116, 1.173868265542536 ], [ 103.726531144293659, 1.173904992915165 ], [ 103.726511223087954, 1.173942881387019 ], [ 103.72651456857713, 1.174027841095152 ], [ 103.726476576417838, 1.174120925829151 ], [ 103.726500169322236, 1.174142948001965 ], [ 103.726493597635908, 1.174309910541646 ], [ 103.72649642967157, 1.174381957719473 ], [ 103.726494647121697, 1.174427269908795 ], [ 103.726532534583797, 1.174536080834817 ], [ 103.72652834802183, 1.174642462829321 ], [ 103.726583729742899, 1.174668777431899 ], [ 103.726585904708912, 1.174724185189685 ], [ 103.726583781296668, 1.174778221766269 ], [ 103.726585555924814, 1.17482325193081 ], [ 103.726582016910612, 1.174913135636306 ], [ 103.726625924772094, 1.175294693955893 ], [ 103.726600549223036, 1.175367550358932 ], [ 103.726620385176531, 1.175492860712753 ], [ 103.726657756548576, 1.175563958731725 ], [ 103.726654060143616, 1.175657852381239 ], [ 103.726673807853302, 1.175906641889358 ], [ 103.726710097513987, 1.175975665255258 ], [ 103.726745204784208, 1.176138475652011 ], [ 103.726781677440172, 1.176191808307589 ], [ 103.726802403376098, 1.176257734532045 ], [ 103.726853257662768, 1.176281868536361 ], [ 103.726872481624383, 1.176363097447366 ], [ 103.726978524456911, 1.176461987398716 ], [ 103.726995738113231, 1.176552751846966 ], [ 103.72705196658255, 1.176570657698927 ], [ 103.727085214278532, 1.176606786509783 ], [ 103.727139581293642, 1.176642107627951 ], [ 103.727171413909574, 1.176676689016773 ], [ 103.727190854318394, 1.17668932463188 ], [ 103.727229057682734, 1.176714155410495 ], [ 103.727246271374568, 1.176732870979781 ], [ 103.72731853317805, 1.176786202286137 ], [ 103.727382136636606, 1.176873483087847 ], [ 103.727425904580542, 1.176894275186776 ], [ 103.72749371945514, 1.176930404409819 ], [ 103.727586961727184, 1.176948310760822 ], [ 103.727657179152288, 1.176985706181577 ], [ 103.72773012273781, 1.177020357863917 ], [ 103.727793559306519, 1.177054166315084 ], [ 103.72789117922234, 1.17709240654562 ], [ 103.727979973434245, 1.177147144751801 ], [ 103.728070131182534, 1.177164454089846 ], [ 103.728158926075452, 1.177201180975159 ], [ 103.728271985583575, 1.177222887290094 ], [ 103.728338559815427, 1.177254513618107 ], [ 103.728355772619764, 1.177273229181366 ], [ 103.728463825843207, 1.177290537376444 ], [ 103.728539513123053, 1.177310519452461 ], [ 103.728620914847085, 1.177307247827772 ], [ 103.729038866374097, 1.177362128651845 ], [ 103.729062974162105, 1.177335919277898 ], [ 103.729095548971813, 1.177322163316453 ], [ 103.729135035117494, 1.177331064649296 ], [ 103.729188241312158, 1.177317907247285 ], [ 103.729268768513151, 1.177297995270411 ], [ 103.729349296933364, 1.177317906966273 ] ] ], [ [ [ 103.735995549376199, 1.182218799186258 ], [ 103.735988414854447, 1.182127092777203 ], [ 103.735979170406353, 1.182068060975799 ], [ 103.735945318655737, 1.18200836088518 ], [ 103.735924138735868, 1.181993656078496 ], [ 103.735907798982055, 1.18192952431622 ], [ 103.735870453572744, 1.181903596681899 ], [ 103.735848530295144, 1.1818716184904 ], [ 103.735791567461447, 1.181856913323007 ], [ 103.735791567191285, 1.181838902003695 ], [ 103.735773672588977, 1.181838901371198 ], [ 103.735658017065759, 1.181739167603786 ], [ 103.735594720460213, 1.181730829837453 ], [ 103.735537757631064, 1.181716125569521 ], [ 103.73550852180945, 1.181673487374772 ], [ 103.73548734908259, 1.181658782565359 ], [ 103.735469453583065, 1.181658782835317 ], [ 103.735469453677069, 1.181604746164743 ], [ 103.73541576807807, 1.18160474697404 ], [ 103.735415768708734, 1.181586734750566 ], [ 103.73539787320972, 1.181586734115736 ], [ 103.735379977710707, 1.181586734385153 ], [ 103.735350199711718, 1.181580684035646 ], [ 103.735326292743437, 1.181568722969294 ], [ 103.735312538990783, 1.181553244286249 ], [ 103.735012620102424, 1.181506173216748 ], [ 103.73493421471629, 1.181485066178548 ], [ 103.734869457948037, 1.181505188687852 ], [ 103.734834681591792, 1.18152418542754 ], [ 103.734754633917262, 1.181549093284101 ], [ 103.734621196752798, 1.181610727271151 ], [ 103.734600986503295, 1.1816674365183 ], [ 103.734602507660796, 1.181693150361832 ], [ 103.734605268012999, 1.181739836456969 ], [ 103.734600803378797, 1.181815296451424 ], [ 103.734667202063562, 1.181989189082327 ], [ 103.734726295909923, 1.182010507964667 ], [ 103.734753646067205, 1.182019021722698 ], [ 103.734802354177347, 1.182012901820578 ], [ 103.734834297029536, 1.182008889392321 ], [ 103.734896807383507, 1.182019021407082 ], [ 103.734906742756863, 1.182027042568195 ], [ 103.734929067794099, 1.182055079561165 ], [ 103.734976348779739, 1.182083047807609 ], [ 103.73503200873462, 1.182099089595817 ], [ 103.735047928622578, 1.182119072091549 ], [ 103.735067799370995, 1.182135113508414 ], [ 103.735101833615801, 1.182191506354623 ], [ 103.735173195938174, 1.182281178421128 ], [ 103.735183131313264, 1.182289199581376 ], [ 103.735183130946723, 1.182325223123571 ], [ 103.735201026450341, 1.182325223760191 ], [ 103.735251269179329, 1.182345590021713 ], [ 103.735264813035712, 1.182351079994385 ], [ 103.735298295971901, 1.182371414006529 ], [ 103.735336393787961, 1.182387104271692 ], [ 103.735420636020351, 1.182455633657721 ], [ 103.735496766417612, 1.182476972121128 ], [ 103.735497450172474, 1.182477163870602 ], [ 103.735569861417417, 1.182531199490893 ], [ 103.735670974792896, 1.182524844487551 ], [ 103.735826195302423, 1.182515087366485 ], [ 103.735950343424179, 1.182488737672401 ], [ 103.736031230657446, 1.182428369688175 ], [ 103.736087837862385, 1.182412490142854 ], [ 103.736109234147563, 1.182406487726801 ], [ 103.736077215516829, 1.182393308201585 ], [ 103.73606248565298, 1.182387244823965 ], [ 103.736064868152141, 1.182371010664437 ], [ 103.736077698236912, 1.182283606115919 ], [ 103.736014304718395, 1.182245451463759 ], [ 103.735996803126412, 1.182234917715374 ], [ 103.735995549376199, 1.182218799186258 ] ] ], [ [ [ 103.743746488399765, 1.164736041702125 ], [ 103.743689779476583, 1.164685031010212 ], [ 103.743630667564517, 1.16461843622935 ], [ 103.743602313554135, 1.164592931334695 ], [ 103.743572569026469, 1.164527707605941 ], [ 103.743549641958495, 1.164501885452777 ], [ 103.743526923172212, 1.164481446084288 ], [ 103.743428184935269, 1.164325177756367 ], [ 103.743405466151273, 1.164304738387028 ], [ 103.743388583967686, 1.164285741666498 ], [ 103.743380291063588, 1.164278282200962 ], [ 103.743353265900041, 1.164253973821195 ], [ 103.743345979584646, 1.164237988942755 ], [ 103.743319493694059, 1.164179885379099 ], [ 103.743298095666688, 1.164160641621469 ], [ 103.743272763409863, 1.164132110817121 ], [ 103.74324191884034, 1.164104390146033 ], [ 103.743209632651272, 1.164033572837454 ], [ 103.743157257085045, 1.1639864664177 ], [ 103.743091312726193, 1.163900800166674 ], [ 103.743082635387935, 1.163889527886838 ], [ 103.743079752225967, 1.163885782820166 ], [ 103.743048575610203, 1.163817428130668 ], [ 103.743029667255541, 1.163800401953505 ], [ 103.743012785975893, 1.163781404326724 ], [ 103.742911954963105, 1.1637168421043 ], [ 103.742903396043417, 1.163711361378702 ], [ 103.742874791581173, 1.163679150606173 ], [ 103.742869623604747, 1.163673331757558 ], [ 103.742814925048336, 1.163638293098475 ], [ 103.742798042872565, 1.163619296374918 ], [ 103.742769687981109, 1.163593791472996 ], [ 103.742735908358796, 1.163555725675639 ], [ 103.742653867304156, 1.163530220845808 ], [ 103.742626911531602, 1.16349986135873 ], [ 103.742530868423415, 1.163470013313652 ], [ 103.74252016022885, 1.16346668580948 ], [ 103.742394999041835, 1.163450961182679 ], [ 103.742332261157813, 1.163458806318441 ], [ 103.742256389583844, 1.163449308026484 ], [ 103.742220933723218, 1.163428332851006 ], [ 103.742207982118472, 1.163420671557676 ], [ 103.742195537978006, 1.163418845241083 ], [ 103.742098636310374, 1.163404629095624 ], [ 103.742054885164066, 1.163394638060389 ], [ 103.741971421173403, 1.163388586951519 ], [ 103.741962117375181, 1.1633839327882 ], [ 103.741947514320501, 1.163376625950833 ], [ 103.741920007431162, 1.163384963295501 ], [ 103.741919493470874, 1.163385564681192 ], [ 103.741901037625638, 1.163407126843929 ], [ 103.741815039900089, 1.163400161335173 ], [ 103.741796070093699, 1.163422324882815 ], [ 103.741748001795699, 1.163464012710964 ], [ 103.741706592948887, 1.163512384914346 ], [ 103.741669186525812, 1.16354482053545 ], [ 103.741670907353395, 1.163566349894628 ], [ 103.741651579218868, 1.163583096285616 ], [ 103.741582191480248, 1.163704219179027 ], [ 103.741563432165506, 1.163746541922152 ], [ 103.741499531876087, 1.16380194934154 ], [ 103.741482239567375, 1.163934998889159 ], [ 103.741457921121921, 1.163953221942218 ], [ 103.741478491044802, 1.164073466928493 ], [ 103.741446449026682, 1.164205180245348 ], [ 103.741436348170197, 1.164286515749283 ], [ 103.741446449437234, 1.164331264038936 ], [ 103.741446448854063, 1.1643492762678 ], [ 103.741399526792293, 1.16442568629838 ], [ 103.741346259840753, 1.164769709347531 ], [ 103.74134855873659, 1.164808582628949 ], [ 103.741344721846929, 1.1648732789342 ], [ 103.741356973557473, 1.164907648807089 ], [ 103.741379123687366, 1.164952502398921 ], [ 103.741357130566584, 1.164997813958011 ], [ 103.741374868460042, 1.165033732283184 ], [ 103.741386751222706, 1.165057795101085 ], [ 103.741392762779839, 1.165177828892272 ], [ 103.74140072382859, 1.165277879908332 ], [ 103.741426334112063, 1.165321748760614 ], [ 103.741382829120312, 1.165672175028781 ], [ 103.741374868454898, 1.165754214197032 ], [ 103.74137486849888, 1.165808249978691 ], [ 103.741348916425565, 1.165830765089662 ], [ 103.741383152118374, 1.165907984477437 ], [ 103.741402750826424, 1.165943340349108 ], [ 103.741378101761683, 1.165987807143676 ], [ 103.741401047470859, 1.166214189335098 ], [ 103.74143264282705, 1.166419216146219 ], [ 103.741402375399986, 1.166520392743268 ], [ 103.741366584288428, 1.166584947820339 ], [ 103.741432145082669, 1.166667725558242 ], [ 103.741490523102428, 1.166700512500031 ], [ 103.741527641358715, 1.166717188392634 ], [ 103.741544208157563, 1.166736536911698 ], [ 103.741571715439264, 1.166744874247085 ], [ 103.741589610847114, 1.166744874834421 ], [ 103.741607680963426, 1.16681576223358 ], [ 103.741661191675917, 1.166852946937239 ], [ 103.741671957025389, 1.166895163027325 ], [ 103.741694454041209, 1.166910800227984 ], [ 103.741714877367727, 1.166924994899046 ], [ 103.741736161810849, 1.166956018918065 ], [ 103.741740654095238, 1.166962566664618 ], [ 103.741804353565058, 1.16697903089918 ], [ 103.741818272550262, 1.166996515434791 ], [ 103.741923262659242, 1.167009744297686 ], [ 103.741965409291041, 1.167015055200076 ], [ 103.742019095520362, 1.167015055145863 ], [ 103.742029832196636, 1.167027146850717 ], [ 103.74205517344835, 1.167055687615085 ], [ 103.742171710794381, 1.167077604171955 ], [ 103.742246298026217, 1.167130022669407 ], [ 103.74235066258214, 1.167149652588758 ], [ 103.742477379831854, 1.167202704023654 ], [ 103.742538056274128, 1.167206327071461 ], [ 103.742629192134984, 1.16720087399962 ], [ 103.742689658644949, 1.167222685617568 ], [ 103.742780148664835, 1.167239713214418 ], [ 103.74288183964812, 1.167276440040171 ], [ 103.74323017537435, 1.167329772629855 ], [ 103.743352794700229, 1.167294734262248 ], [ 103.74338757082397, 1.167275736490632 ], [ 103.743549623850882, 1.167200873879503 ], [ 103.743645933146951, 1.167114261453086 ], [ 103.743722459226987, 1.166972522844573 ], [ 103.743745474863289, 1.166897484834179 ], [ 103.743782279311489, 1.16680840971789 ], [ 103.74379977188994, 1.166732737570224 ], [ 103.743870741532675, 1.166537244250227 ], [ 103.74390754573281, 1.166484193591083 ], [ 103.743926470970649, 1.166422487590475 ], [ 103.743961230541544, 1.16635810879393 ], [ 103.743978112854577, 1.166231040679739 ], [ 103.7440328108937, 1.166141965225705 ], [ 103.744049693627119, 1.166086944221721 ], [ 103.744068601845669, 1.166051905218291 ], [ 103.744085483583902, 1.165942847523914 ], [ 103.744104392132343, 1.165925820750134 ], [ 103.744121273728922, 1.16590682330107 ], [ 103.744140182276908, 1.165889796527008 ], [ 103.74416551365708, 1.165861266439603 ], [ 103.744242520787196, 1.16579203164211 ], [ 103.744265448907655, 1.165727687733822 ], [ 103.7442823306355, 1.165618630941632 ], [ 103.744308519692595, 1.165545151245099 ], [ 103.744311043798248, 1.165538069246046 ], [ 103.744299692823887, 1.165517048738041 ], [ 103.744269660450271, 1.165461428453869 ], [ 103.744219200099465, 1.165367975233933 ], [ 103.744163049593737, 1.165244846915763 ], [ 103.744139169071445, 1.165223352121014 ], [ 103.744101578654238, 1.165163862722745 ], [ 103.744034768180938, 1.165103775511521 ], [ 103.743968709729586, 1.164958905044463 ], [ 103.743872759353891, 1.164807070013852 ], [ 103.743765597886394, 1.164757571617363 ], [ 103.743746488399765, 1.164736041702125 ] ] ], [ [ [ 103.730831294400545, 1.18225799540905 ], [ 103.730670963493594, 1.182186967922133 ], [ 103.730532773900663, 1.182154602818892 ], [ 103.730438115986999, 1.182120443265485 ], [ 103.730343353699396, 1.18211474404471 ], [ 103.730274140558009, 1.182176977087478 ], [ 103.730321677963602, 1.182242911530407 ], [ 103.73033592660731, 1.182262674227589 ], [ 103.730390625800936, 1.182333737585969 ], [ 103.730425402163334, 1.182388756780434 ], [ 103.730444311448707, 1.182405784853853 ], [ 103.730508788389969, 1.182495210784596 ], [ 103.73056957735632, 1.18254988005388 ], [ 103.73058645954643, 1.182568876851707 ], [ 103.730606075933352, 1.182586537101072 ], [ 103.730734916377344, 1.182772179821367 ], [ 103.730796194808377, 1.182906565187072 ], [ 103.730981420121239, 1.183015481026366 ], [ 103.731123315583318, 1.183037203691093 ], [ 103.731132769332504, 1.183045699638452 ], [ 103.731186454952095, 1.183045699819221 ], [ 103.731216233852081, 1.183051751118569 ], [ 103.731228098381706, 1.183057686899982 ], [ 103.731267219433619, 1.183077256075893 ], [ 103.731300674957637, 1.183060226328315 ], [ 103.731321613187973, 1.183049569171438 ], [ 103.731325605069827, 1.183029672403166 ], [ 103.731329616722306, 1.183009676155537 ], [ 103.731337700260667, 1.182993365342504 ], [ 103.731369767537828, 1.182928657463767 ], [ 103.731347511440418, 1.182883593078653 ], [ 103.731339718122413, 1.182801377948445 ], [ 103.731312088110457, 1.182779918173477 ], [ 103.731326340131432, 1.182682840633645 ], [ 103.731291519832922, 1.18262474208716 ], [ 103.731263251843558, 1.182555227089598 ], [ 103.731212144594025, 1.182515510045596 ], [ 103.731149782737489, 1.182425238627134 ], [ 103.73105339533106, 1.182387104348902 ], [ 103.73098960813256, 1.182379258432811 ], [ 103.730975548469701, 1.182351292258295 ], [ 103.730935922048928, 1.182343235616184 ], [ 103.730887601607634, 1.182288812804738 ], [ 103.730831294400545, 1.18225799540905 ] ] ], [ [ [ 103.738807414233321, 1.191845012506026 ], [ 103.738821970559769, 1.191750950981146 ], [ 103.738824296408438, 1.191735921430966 ], [ 103.738824888581235, 1.191734261038546 ], [ 103.738858268614493, 1.191640638779857 ], [ 103.738864857565829, 1.191529295481743 ], [ 103.738861173110593, 1.191467085037819 ], [ 103.738857151011814, 1.191399149051739 ], [ 103.738874853615059, 1.191366353795043 ], [ 103.738893098051776, 1.19133255471251 ], [ 103.738897982447, 1.191250111221197 ], [ 103.73889575363458, 1.191212458840374 ], [ 103.738886702789046, 1.191059544992043 ], [ 103.738923961441699, 1.19099887609209 ], [ 103.738973749565943, 1.190917806972836 ], [ 103.738992171204515, 1.190798824915479 ], [ 103.739003597328718, 1.190725023754089 ], [ 103.73904686714333, 1.190686115873107 ], [ 103.739111632888083, 1.190566170452185 ], [ 103.739143919537312, 1.19049533722641 ], [ 103.739176939767717, 1.19046564627173 ], [ 103.739267578037897, 1.190318086065711 ], [ 103.739289571313421, 1.190222925988016 ], [ 103.73930569385027, 1.190177722794363 ], [ 103.739308480383855, 1.190169910086481 ], [ 103.739309145472362, 1.190164192717987 ], [ 103.739325361946712, 1.190024795460022 ], [ 103.739349950009981, 1.189932414581886 ], [ 103.739326375847583, 1.18988070041203 ], [ 103.73926532329061, 1.189825802498143 ], [ 103.739287206244114, 1.189777823103468 ], [ 103.739304137159976, 1.189740704050009 ], [ 103.739346463963045, 1.189688777805455 ], [ 103.739391026341266, 1.189634109604012 ], [ 103.739415649928432, 1.189553848112323 ], [ 103.739421293618804, 1.189548773012935 ], [ 103.739463857161311, 1.189510490014655 ], [ 103.739483930252192, 1.189230942639337 ], [ 103.739501212162423, 1.188990273790807 ], [ 103.7395254574391, 1.188910874143332 ], [ 103.739561738635913, 1.188792055473594 ], [ 103.739555308098048, 1.18868342119934 ], [ 103.739559572143534, 1.188611356167412 ], [ 103.73954111838961, 1.188511797682819 ], [ 103.739534002665934, 1.188498621755407 ], [ 103.73951546315152, 1.188464288737844 ], [ 103.739468523637697, 1.188350711631629 ], [ 103.7394572858678, 1.188302072723817 ], [ 103.739451641379247, 1.188277643840929 ], [ 103.739432732894116, 1.188260652901129 ], [ 103.739415851507673, 1.188241620880229 ], [ 103.739414175820144, 1.188240846687015 ], [ 103.739379047479346, 1.188224628423393 ], [ 103.739347031591564, 1.188154411575068 ], [ 103.739334422893478, 1.188126759299046 ], [ 103.739293809275836, 1.188081008828889 ], [ 103.739220219196184, 1.18804700763399 ], [ 103.739199247968898, 1.188023384918334 ], [ 103.739138533105333, 1.188027028328645 ], [ 103.739111606625372, 1.188028643503792 ], [ 103.739104542198234, 1.188013150595789 ], [ 103.739093738467503, 1.187989454070462 ], [ 103.739066388235784, 1.187980958437311 ], [ 103.739039571883751, 1.187967536749647 ], [ 103.739009833538162, 1.187982164725782 ], [ 103.73900552872459, 1.187984282599167 ], [ 103.739003408393785, 1.187980062762317 ], [ 103.738982784582944, 1.187939023808642 ], [ 103.738959016817404, 1.187926922596956 ], [ 103.738931815670611, 1.187893959390459 ], [ 103.738823973536654, 1.187810671864604 ], [ 103.738791494786355, 1.187771323663054 ], [ 103.738713290164654, 1.187705942663082 ], [ 103.738620240249674, 1.187593192354199 ], [ 103.738508307499899, 1.187528655766454 ], [ 103.738422160868026, 1.187519826195167 ], [ 103.73838705253263, 1.187523414403808 ], [ 103.738237354003402, 1.187479211131812 ], [ 103.738133583657842, 1.187404033157408 ], [ 103.738018689020109, 1.1873783868273 ], [ 103.73800039260972, 1.187356223840434 ], [ 103.737857631934745, 1.187324350892731 ], [ 103.737812431704867, 1.187298300916124 ], [ 103.737697405505273, 1.187310104294699 ], [ 103.737598981747269, 1.18730000725654 ], [ 103.737517719711747, 1.187308344471166 ], [ 103.737322436548396, 1.18728667451075 ], [ 103.737312659292343, 1.187278495098299 ], [ 103.737312659015245, 1.187260482874518 ], [ 103.737276868840908, 1.187260483432115 ], [ 103.737241078666614, 1.187260483084882 ], [ 103.737211229808707, 1.187222964487795 ], [ 103.737080021606673, 1.187206447106471 ], [ 103.737000156822901, 1.187160749492703 ], [ 103.736963038337748, 1.187144074426553 ], [ 103.736943780548359, 1.187121576784897 ], [ 103.736849699495181, 1.187079327009415 ], [ 103.736741813474708, 1.187046626832565 ], [ 103.736624358424621, 1.187090038517405 ], [ 103.736458548443963, 1.187109176259569 ], [ 103.736266454199765, 1.187162086546881 ], [ 103.736193545282731, 1.187178761351669 ], [ 103.736159083324878, 1.187198109910949 ], [ 103.736068278870974, 1.187214784983627 ], [ 103.735988414503552, 1.187260483298872 ], [ 103.735944664387702, 1.187288503475058 ], [ 103.735810127093501, 1.187327218153895 ], [ 103.735775656204467, 1.187370541404163 ], [ 103.735692156336299, 1.18739456920455 ], [ 103.73567623554564, 1.187450610282802 ], [ 103.735597036131892, 1.18754541830116 ], [ 103.735562503660432, 1.187627914083558 ], [ 103.735450317940334, 1.187707279807087 ], [ 103.735372017607219, 1.187810847521648 ], [ 103.735322334220044, 1.187850882858241 ], [ 103.735282542129397, 1.18790090725006 ], [ 103.735247834560795, 1.187928874378993 ], [ 103.735175659207016, 1.187959480911792 ], [ 103.735149795963466, 1.188079794796512 ], [ 103.735079447243479, 1.188136504056567 ], [ 103.735088045282666, 1.188206106044529 ], [ 103.735082977159522, 1.188247107928806 ], [ 103.735012139690895, 1.188277151989722 ], [ 103.734996218243381, 1.188351204380107 ], [ 103.734958453097789, 1.188403233814089 ], [ 103.734942532922588, 1.188441263568016 ], [ 103.734892963837083, 1.188526151747499 ], [ 103.734833187164625, 1.1886013655753 ], [ 103.734795972388241, 1.188690263242475 ], [ 103.734699296886731, 1.188711317890039 ], [ 103.734650224588265, 1.188772988339214 ], [ 103.734674104659277, 1.188835519653205 ], [ 103.734690025811261, 1.188896731213503 ], [ 103.734654235492968, 1.18892557914499 ], [ 103.73462042002302, 1.18898161957029 ], [ 103.734562706149774, 1.18906114276021 ], [ 103.734509806600244, 1.189187507666463 ], [ 103.734512566017003, 1.18920983923138 ], [ 103.734513274734212, 1.189215580160936 ], [ 103.734507054197564, 1.189220595540717 ], [ 103.73446581966779, 1.189253837578709 ], [ 103.734423572110273, 1.18932384469765 ], [ 103.734326651630653, 1.189436260906249 ], [ 103.734286064443921, 1.189533215422582 ], [ 103.734072327372701, 1.189594691798116 ], [ 103.734047773230685, 1.189638314724898 ], [ 103.734153178617078, 1.1896686563412 ], [ 103.734188959609952, 1.189725277164804 ], [ 103.734151543830507, 1.189755444496802 ], [ 103.734195400159933, 1.189774036193555 ], [ 103.734184880103854, 1.189859169945747 ], [ 103.734134863090247, 1.189880383615986 ], [ 103.73414520955042, 1.189926239777018 ], [ 103.734132286374773, 1.190025674152811 ], [ 103.734128625501086, 1.190035708845438 ], [ 103.734127887755051, 1.19003773097708 ], [ 103.734099720413056, 1.190114941859353 ], [ 103.734100361659628, 1.190122973540971 ], [ 103.73410504078403, 1.190181571988414 ], [ 103.734083239564683, 1.19027814011195 ], [ 103.734047450339034, 1.190376237912534 ], [ 103.734065161409589, 1.190560226022868 ], [ 103.734124649430285, 1.190694417736538 ], [ 103.734186085354921, 1.190805249792688 ], [ 103.734207179111479, 1.190944578712435 ], [ 103.734244383997478, 1.191033511616073 ], [ 103.734242750677424, 1.191054042432876 ], [ 103.734242112451255, 1.191062060502724 ], [ 103.734297983263303, 1.191141372550507 ], [ 103.734316340974758, 1.191182777720264 ], [ 103.734351247782442, 1.191213054382439 ], [ 103.734351668270591, 1.191213419760777 ], [ 103.734370218069287, 1.191235089901739 ], [ 103.734475606199211, 1.191322827888253 ], [ 103.734512725618984, 1.191339502086612 ], [ 103.734551189517177, 1.191372653848729 ], [ 103.734618767740386, 1.191430899149405 ], [ 103.734659915104515, 1.191449385837067 ], [ 103.734694342661939, 1.191489596014519 ], [ 103.734779825114032, 1.191556981461425 ], [ 103.734906419537069, 1.191627691923043 ], [ 103.734932668330202, 1.191658350813434 ], [ 103.735023419321934, 1.191709325850008 ], [ 103.735139057135001, 1.191735762758263 ], [ 103.735238685883886, 1.191772578476198 ], [ 103.735344187366351, 1.191781461303368 ], [ 103.735373948879214, 1.191824837485421 ], [ 103.735509996893299, 1.191808690406659 ], [ 103.735541034719233, 1.191763449791241 ], [ 103.735763020123187, 1.191781689696788 ], [ 103.73595195858266, 1.19177034665478 ], [ 103.735958434136563, 1.191769958008559 ], [ 103.735996960480307, 1.191791030161323 ], [ 103.73607785593579, 1.191786179314288 ], [ 103.736109311835307, 1.191784293023737 ], [ 103.736247388143397, 1.191808988877771 ], [ 103.73641135130633, 1.191834700338613 ], [ 103.736427982581134, 1.19183730820968 ], [ 103.736538972761267, 1.191880293857149 ], [ 103.736587397146693, 1.191899047562226 ], [ 103.73665999053695, 1.191916040418819 ], [ 103.736712663954421, 1.191935071911703 ], [ 103.736892663228033, 1.191973963211155 ], [ 103.736928419100394, 1.192006099246303 ], [ 103.736960915932784, 1.192042703630061 ], [ 103.737062274066801, 1.192061752205038 ], [ 103.737233135946255, 1.192140677558975 ], [ 103.737285309472938, 1.192169225649113 ], [ 103.737357903774409, 1.192186218488118 ], [ 103.737482157056291, 1.192223261987174 ], [ 103.73759054159963, 1.192240253360816 ], [ 103.737648455958677, 1.192261167906501 ], [ 103.737726701725535, 1.192256479704513 ], [ 103.737731842096096, 1.192256172400291 ], [ 103.737741496181343, 1.192267048622459 ], [ 103.73775938296879, 1.192287200292267 ], [ 103.737860026464304, 1.192342256077751 ], [ 103.737929536818868, 1.192367356420397 ], [ 103.737973011642239, 1.192377536556277 ], [ 103.738007128587853, 1.192385525995122 ], [ 103.738031736442821, 1.192398985601841 ], [ 103.738101751308392, 1.192437278824157 ], [ 103.738101874401593, 1.192437345751388 ], [ 103.738190529172797, 1.19246489125089 ], [ 103.738281734623058, 1.192497836795473 ], [ 103.738421951146876, 1.192472753694561 ], [ 103.738428581218869, 1.192473151844896 ], [ 103.738686451397868, 1.19248863354871 ], [ 103.738691208984491, 1.192488919492453 ], [ 103.738703275802962, 1.192466567641829 ], [ 103.738706777507616, 1.192460079853463 ], [ 103.738737100453733, 1.192403908122246 ], [ 103.738776675279922, 1.19221747478878 ], [ 103.738768941786873, 1.192086994647992 ], [ 103.738788506038134, 1.191898028401786 ], [ 103.738807414233321, 1.191845012506026 ] ] ], [ [ [ 103.742188671232356, 1.176047290185695 ], [ 103.74214399357524, 1.176063824117598 ], [ 103.742132014600728, 1.176068257822847 ], [ 103.742105536726115, 1.176065634294989 ], [ 103.742019095707022, 1.176057070735994 ], [ 103.74193709007028, 1.176064599582306 ], [ 103.741795597519754, 1.176093023613704 ], [ 103.741670138681812, 1.176068082523618 ], [ 103.741549478046423, 1.176092074035973 ], [ 103.741535925316796, 1.176111106842334 ], [ 103.741482239813578, 1.176111106873568 ], [ 103.741401833157127, 1.176101924909908 ], [ 103.741365920900918, 1.176102663489404 ], [ 103.741312235435004, 1.176101537583562 ], [ 103.741257597483141, 1.176102663512623 ], [ 103.740838012577299, 1.176093094035668 ], [ 103.740613169350809, 1.176100940028752 ], [ 103.740484563853144, 1.176161187199364 ], [ 103.740454418639615, 1.176175309649638 ], [ 103.740390632218904, 1.176201166005398 ], [ 103.740387151718579, 1.176192189167183 ], [ 103.74038168479953, 1.176178089037749 ], [ 103.740374488980265, 1.176196649972593 ], [ 103.740372737650148, 1.176201166309958 ], [ 103.740333301161741, 1.176211158214889 ], [ 103.74026596954117, 1.176228218600097 ], [ 103.740251881245044, 1.176248768904991 ], [ 103.740247471183281, 1.176255202405654 ], [ 103.740149554502054, 1.17630072482325 ], [ 103.740059065185037, 1.176335763189984 ], [ 103.739946224320789, 1.17638297445058 ], [ 103.739820756088307, 1.176451610578294 ], [ 103.739648489170946, 1.1765528917704 ], [ 103.739585809164055, 1.176567592808447 ], [ 103.739573491500366, 1.176570481836231 ], [ 103.739566224141072, 1.176578663375446 ], [ 103.739541118145922, 1.176606927532018 ], [ 103.739504314026235, 1.176623954564373 ], [ 103.739470541649325, 1.176661983753945 ], [ 103.739413054643123, 1.176713697886457 ], [ 103.73933481602235, 1.176759536562642 ], [ 103.739322344597753, 1.176765890204114 ], [ 103.739306225191555, 1.176774101286294 ], [ 103.739305259942014, 1.176781808247148 ], [ 103.739299025364588, 1.176831585157767 ], [ 103.739281129893911, 1.176831584550564 ], [ 103.739281130189113, 1.176849595872372 ], [ 103.739239328452214, 1.176870880478894 ], [ 103.739254121348011, 1.17692590160801 ], [ 103.739281129867862, 1.176939656098819 ], [ 103.73928714134648, 1.176951616522279 ], [ 103.739310025811307, 1.176963270034329 ], [ 103.739310909024056, 1.176963719533406 ], [ 103.739340828044348, 1.177023665439603 ], [ 103.73936489619561, 1.177051467322529 ], [ 103.73938248998931, 1.17707179079636 ], [ 103.739412408113637, 1.177131736701923 ], [ 103.739471965238138, 1.177161850437834 ], [ 103.739493245604777, 1.177181695627168 ], [ 103.739557597938486, 1.17724170871605 ], [ 103.739585768250492, 1.177227847571429 ], [ 103.739644906676943, 1.177257961289749 ], [ 103.739649681002021, 1.177267459990756 ], [ 103.739662941119448, 1.177293844366916 ], [ 103.739710614858296, 1.177317906593945 ], [ 103.73972008940892, 1.177322646688073 ], [ 103.73973452181356, 1.177329868525681 ], [ 103.739800273168541, 1.177334634938091 ], [ 103.739817986203931, 1.17733591882918 ], [ 103.739889567202255, 1.177335918531333 ], [ 103.739902820114068, 1.177335918978305 ], [ 103.739996938250755, 1.177335918533285 ], [ 103.740046822374183, 1.177303976252773 ], [ 103.740274252393661, 1.177271751448095 ], [ 103.740323804600607, 1.177277943486634 ], [ 103.740400567993802, 1.177255850630375 ], [ 103.740447299705622, 1.177237792039425 ], [ 103.740452278371507, 1.177235868623147 ], [ 103.74052583390889, 1.177219826758237 ], [ 103.740559649710022, 1.177199844149436 ], [ 103.74063320524607, 1.177183802281547 ], [ 103.740673696776227, 1.177168156322139 ], [ 103.740684915621046, 1.177163821174091 ], [ 103.740751959661111, 1.17714921250284 ], [ 103.740827640168234, 1.177132721231458 ], [ 103.740938419878887, 1.177085756759217 ], [ 103.740989134140889, 1.177055748923736 ], [ 103.741052754666484, 1.177047728425919 ], [ 103.741070650139477, 1.17704772811743 ], [ 103.74107064983292, 1.177029715890347 ], [ 103.741088545305786, 1.177029716486097 ], [ 103.741088544999116, 1.177011704259019 ], [ 103.741106440471896, 1.177011703950281 ], [ 103.741106440165083, 1.176993691723192 ], [ 103.741149535079487, 1.176965020281578 ], [ 103.741219971975667, 1.176946833141075 ], [ 103.741248409139615, 1.176905372592578 ], [ 103.741249602407862, 1.176903632634974 ], [ 103.741256051877542, 1.176903037777432 ], [ 103.741324441593704, 1.176896737532713 ], [ 103.741339078253546, 1.176867608438888 ], [ 103.741350688055903, 1.176859883742883 ], [ 103.741382173163814, 1.176838936993288 ], [ 103.741404324956363, 1.176835425176487 ], [ 103.741428554097098, 1.176831585144085 ], [ 103.741456061121625, 1.176823246911211 ], [ 103.74145662808705, 1.176822928593712 ], [ 103.741490522914503, 1.176803898271003 ], [ 103.7415182471874, 1.176801333507501 ], [ 103.741670803466704, 1.176787223235995 ], [ 103.741723160729379, 1.176767874280116 ], [ 103.741831859393088, 1.176751198676342 ], [ 103.741863675044939, 1.176733336719077 ], [ 103.741866322081265, 1.17673185093557 ], [ 103.741927558167973, 1.17671784887146 ], [ 103.742032333306142, 1.176693891187286 ], [ 103.742225554559099, 1.176607102970828 ], [ 103.742242120873982, 1.176587754636779 ], [ 103.742315030384944, 1.176571079645776 ], [ 103.742367387324819, 1.17653371935361 ], [ 103.742408533937208, 1.176515249962791 ], [ 103.742439056316201, 1.17647957740144 ], [ 103.742493894462953, 1.176484010584806 ], [ 103.742528444079028, 1.176443658972338 ], [ 103.742601352951695, 1.176390959517505 ], [ 103.742634487370623, 1.176352262844223 ], [ 103.742672934459819, 1.176318912042794 ], [ 103.742681218064192, 1.176309237422074 ], [ 103.742722119887546, 1.176275043832385 ], [ 103.74272474435007, 1.176249123022481 ], [ 103.742733583934339, 1.176161834952843 ], [ 103.742671124817264, 1.176125846438966 ], [ 103.742520781431693, 1.176061326869054 ], [ 103.742484370984116, 1.176075081965136 ], [ 103.742439938570584, 1.176065337790485 ], [ 103.742409084824288, 1.176067835538281 ], [ 103.742285740975319, 1.176045320050638 ], [ 103.742224889757935, 1.176050245030166 ], [ 103.742188671232356, 1.176047290185695 ] ] ], [ [ [ 103.73984598277444, 1.185343378368619 ], [ 103.739778614028182, 1.18536225197233 ], [ 103.73969293892344, 1.185414281662492 ], [ 103.739575247668682, 1.18543111601502 ], [ 103.73954176419241, 1.185451449506773 ], [ 103.739435607001198, 1.185469601905142 ], [ 103.739307500927126, 1.18552029529228 ], [ 103.739291231877843, 1.185541509315495 ], [ 103.739281130618636, 1.185549353426695 ], [ 103.739263235092182, 1.185549353719258 ], [ 103.73926323448427, 1.185567365944254 ], [ 103.739206115370308, 1.185574612471004 ], [ 103.739191654755331, 1.185603389754564 ], [ 103.739120074445353, 1.185603390017308 ], [ 103.739088512198407, 1.185590338054219 ], [ 103.739049943830722, 1.185644497305382 ], [ 103.73894044046375, 1.18566658988459 ], [ 103.738994807812318, 1.18567543733728 ], [ 103.738994807780188, 1.185729473107527 ], [ 103.738884989292956, 1.185743931933903 ], [ 103.738824139640428, 1.185881905095434 ], [ 103.738807571410305, 1.185955289171186 ], [ 103.738771781755176, 1.186019862268422 ], [ 103.738789676457912, 1.186203076248051 ], [ 103.738817237342616, 1.186278612418912 ], [ 103.738843362550568, 1.186350214555304 ], [ 103.738863677400204, 1.186440204027788 ], [ 103.738895719528941, 1.186477634960285 ], [ 103.738905331457119, 1.186485972625385 ], [ 103.738911343239195, 1.186515944370724 ], [ 103.738960441943277, 1.186572654223205 ], [ 103.738937827676239, 1.186619284281244 ], [ 103.738970901091648, 1.186636118350441 ], [ 103.738988970615381, 1.186672071975378 ], [ 103.739048492890348, 1.18670211428839 ], [ 103.739113695422049, 1.186788110721721 ], [ 103.739181880655863, 1.186831027860008 ], [ 103.739263235007613, 1.186882233042532 ], [ 103.739287142039217, 1.18689419407936 ], [ 103.739388501348145, 1.186900245030629 ], [ 103.739415397784157, 1.186909964249344 ], [ 103.739421504852032, 1.186912171107074 ], [ 103.739702174418028, 1.186891749284369 ], [ 103.739754846352355, 1.186872717825952 ], [ 103.739854169990409, 1.186841847110961 ], [ 103.739896016089688, 1.186815066687485 ], [ 103.739916916675924, 1.186801690040186 ], [ 103.739921863136018, 1.186796112993234 ], [ 103.739933798436425, 1.186782658265724 ], [ 103.740002761960966, 1.186740063237671 ], [ 103.740084421628964, 1.186689625990598 ], [ 103.740131658341284, 1.186621571460139 ], [ 103.740161781434736, 1.186573883538867 ], [ 103.740166435939599, 1.186566514935639 ], [ 103.740183107247788, 1.18655342934804 ], [ 103.740256925002413, 1.18649548741368 ], [ 103.740323682993335, 1.186389827355833 ], [ 103.740356205372819, 1.186360592163997 ], [ 103.740400086892748, 1.186297356872156 ], [ 103.740434863582962, 1.186242301247721 ], [ 103.740457145387154, 1.186222266711744 ], [ 103.740606379528131, 1.186045701835255 ], [ 103.74063468181528, 1.185983627217257 ], [ 103.740686409413016, 1.185937119308036 ], [ 103.740750930797219, 1.185864421435334 ], [ 103.740882243750619, 1.185755980803435 ], [ 103.740941354968413, 1.185718145087113 ], [ 103.741047616765272, 1.185580136314663 ], [ 103.741083543900274, 1.185513586246952 ], [ 103.741113299722002, 1.185458468042321 ], [ 103.741115947297118, 1.185413806998934 ], [ 103.741096985808966, 1.185396762711681 ], [ 103.741008522902646, 1.185251647240441 ], [ 103.74091750953859, 1.185230329220809 ], [ 103.740882243367636, 1.185198631872557 ], [ 103.74086350125296, 1.18517750709907 ], [ 103.740793273958957, 1.185181729024722 ], [ 103.740712745605578, 1.185176891583673 ], [ 103.7406300245746, 1.185181851950354 ], [ 103.740363457677631, 1.185161535455868 ], [ 103.740310611468047, 1.185180620280688 ], [ 103.740238016187092, 1.185197612641627 ], [ 103.740203239812715, 1.185216643813604 ], [ 103.74015799440923, 1.18522513968991 ], [ 103.740086414403066, 1.185243152204083 ], [ 103.740058418520547, 1.185250996616387 ], [ 103.740007038626032, 1.185271330411997 ], [ 103.739933151334824, 1.185287020436008 ], [ 103.739870046690697, 1.185311998646422 ], [ 103.73984598277444, 1.185343378368619 ] ] ], [ [ [ 103.723915282712809, 1.196432454722534 ], [ 103.72393097668224, 1.196416676916109 ], [ 103.723909158452031, 1.196410502852794 ], [ 103.723915282712809, 1.196432454722534 ] ] ], [ [ [ 103.738358549594778, 1.161454579292877 ], [ 103.73831985876285, 1.161419787081999 ], [ 103.738082160975338, 1.161375144120794 ], [ 103.73804704367825, 1.161414685362453 ], [ 103.737910208903912, 1.161385275305256 ], [ 103.737893881691619, 1.16140365505423 ], [ 103.737876864407042, 1.161422812533099 ], [ 103.737805650669145, 1.161468404551361 ], [ 103.737787388096848, 1.161566908213671 ], [ 103.73775058385975, 1.161619959694573 ], [ 103.737710678567097, 1.161683107394274 ], [ 103.737680016675696, 1.161783053094336 ], [ 103.737643212747059, 1.161800080118867 ], [ 103.737611066882309, 1.161836279828558 ], [ 103.737581086402102, 1.161845602803881 ], [ 103.737551308193858, 1.161851653795107 ], [ 103.737539284884747, 1.161893587861059 ], [ 103.737499107879216, 1.161914027839916 ], [ 103.737485599609357, 1.162001660295844 ], [ 103.737473714978208, 1.162007710992664 ], [ 103.737435915836954, 1.162041693909528 ], [ 103.737393694730017, 1.162089257515857 ], [ 103.737372294563698, 1.162108500755762 ], [ 103.737340008256126, 1.162179317719848 ], [ 103.737270516822818, 1.162200917896087 ], [ 103.737250532212144, 1.162287389828697 ], [ 103.737199319741549, 1.1623110661451 ], [ 103.737162874455066, 1.162429868542161 ], [ 103.737124095912151, 1.162464731366994 ], [ 103.737125423127324, 1.162487317010454 ], [ 103.737088462298786, 1.162520561988997 ], [ 103.737071580968973, 1.162557570716457 ], [ 103.737052672694531, 1.162592609668422 ], [ 103.737035773069337, 1.162665714293387 ], [ 103.736950752892398, 1.162660612566916 ], [ 103.73698900762632, 1.162731464505185 ], [ 103.737022787664543, 1.16291362456177 ], [ 103.737055659839911, 1.162974521070711 ], [ 103.737051920846298, 1.163037704364764 ], [ 103.737154074665057, 1.163170367282923 ], [ 103.737251538058686, 1.163258035192569 ], [ 103.737309023565075, 1.163322801413624 ], [ 103.737393694429613, 1.163349114987324 ], [ 103.737446366435478, 1.163368112060301 ], [ 103.73756881734198, 1.163394568906014 ], [ 103.737642732640452, 1.163410538888769 ], [ 103.737670958435345, 1.163425978257801 ], [ 103.737728337258986, 1.163457363470789 ], [ 103.737868415810638, 1.16348367801546 ], [ 103.737947432363754, 1.163512208882373 ], [ 103.737999639946551, 1.16352843676566 ], [ 103.738035710673202, 1.163539648494118 ], [ 103.738053608286037, 1.163553612489992 ], [ 103.738179824197672, 1.163652083981405 ], [ 103.738267044318562, 1.163672500255935 ], [ 103.738275556622924, 1.163674492859578 ], [ 103.738400010711061, 1.163742565878982 ], [ 103.738664252927165, 1.163763392382848 ], [ 103.738734819440126, 1.163782390037263 ], [ 103.738941121521592, 1.163790902541002 ], [ 103.739089115545852, 1.163800049742159 ], [ 103.739332590008118, 1.163844467642275 ], [ 103.739342496789277, 1.163846275799202 ], [ 103.73946239808059, 1.163809970487139 ], [ 103.739531427126906, 1.163778942243215 ], [ 103.739567453800547, 1.163736866985412 ], [ 103.739652735234017, 1.16372230233353 ], [ 103.739718409288443, 1.163636639503271 ], [ 103.739784791230932, 1.163609305493144 ], [ 103.739810192270511, 1.163566913349489 ], [ 103.73981798587252, 1.163538734515389 ], [ 103.739863554370999, 1.163530572336611 ], [ 103.739896033677027, 1.163491206431684 ], [ 103.73996681840336, 1.163432034410442 ], [ 103.740003404441438, 1.163347109469024 ], [ 103.740052275092708, 1.163306231105623 ], [ 103.740076637038953, 1.16327671617087 ], [ 103.740127833831011, 1.163265304792802 ], [ 103.740149877742709, 1.163260392112984 ], [ 103.740166507511944, 1.163221781726267 ], [ 103.740171530498259, 1.163210120112516 ], [ 103.740180250546189, 1.163206315740622 ], [ 103.740233936569879, 1.163182890864707 ], [ 103.740255588424787, 1.163132618863364 ], [ 103.740384235908834, 1.163116048841533 ], [ 103.740346724643913, 1.16308470413183 ], [ 103.740362959494973, 1.163060571702394 ], [ 103.740418305397142, 1.163026235719442 ], [ 103.740432137423483, 1.163009451171801 ], [ 103.74043454010237, 1.163006534675749 ], [ 103.740437559084583, 1.163005644881037 ], [ 103.740489886312574, 1.16299021182416 ], [ 103.740491665537903, 1.162984109231121 ], [ 103.740510892852711, 1.162918163605108 ], [ 103.740543572486231, 1.162934486657709 ], [ 103.740559000882214, 1.16295318490502 ], [ 103.740573298114299, 1.162970510289477 ], [ 103.740588274697714, 1.162930124577317 ], [ 103.740583408255588, 1.162908030790571 ], [ 103.740578859834514, 1.162887384901972 ], [ 103.740554127852093, 1.162775122600012 ], [ 103.740488225730886, 1.162720031053377 ], [ 103.740471991106745, 1.162682318514571 ], [ 103.740434540452938, 1.162665995303389 ], [ 103.74041830610895, 1.162592258307171 ], [ 103.740382515426191, 1.16256235521243 ], [ 103.74023640037089, 1.162356412996934 ], [ 103.740167913048566, 1.162363449393148 ], [ 103.740082944623225, 1.162314443578505 ], [ 103.740055919432635, 1.16234719514631 ], [ 103.739940562831251, 1.162328204176127 ], [ 103.739853776507502, 1.16231391594435 ], [ 103.739846305843713, 1.16230343230186 ], [ 103.739771772359958, 1.162288374861598 ], [ 103.73975682982902, 1.162249396252243 ], [ 103.739664400070382, 1.162234339116857 ], [ 103.739638623364655, 1.162198139257565 ], [ 103.739577878114886, 1.162159335469074 ], [ 103.739521239116101, 1.162144279524634 ], [ 103.739488020501341, 1.162097647570666 ], [ 103.739485352086973, 1.162093901603593 ], [ 103.739474732814216, 1.162091756095865 ], [ 103.739378077576163, 1.162072230345178 ], [ 103.739316920480235, 1.162043735388871 ], [ 103.739299016862745, 1.162021219730112 ], [ 103.739191654033675, 1.162007710351684 ], [ 103.73914640957031, 1.161999197859462 ], [ 103.739111528728259, 1.161980130876187 ], [ 103.739058794901155, 1.161983296190146 ], [ 103.739040052042753, 1.161962188597282 ], [ 103.738846298338416, 1.161931792721713 ], [ 103.738829777383572, 1.161913180344058 ], [ 103.738810044420447, 1.161890949495783 ], [ 103.738752715478554, 1.161873113496853 ], [ 103.738649669627733, 1.161788013845511 ], [ 103.738495463703032, 1.161611058874238 ], [ 103.738486992024349, 1.161603444743379 ], [ 103.738449983125079, 1.161570180062462 ], [ 103.738431615587032, 1.161529899047052 ], [ 103.738402300937921, 1.161511120736164 ], [ 103.738376916232852, 1.161494860308631 ], [ 103.738358549594778, 1.161454579292877 ] ] ], [ [ [ 103.726557646694147, 1.173733527407324 ], [ 103.726551521547066, 1.173711575542486 ], [ 103.726535828628442, 1.173727370562583 ], [ 103.726557646694147, 1.173733527407324 ] ] ], [ [ [ 103.73559445756463, 1.163430295515384 ], [ 103.735544199460193, 1.163526623946452 ], [ 103.73560655482197, 1.163616538030463 ], [ 103.73579401454505, 1.163674920378293 ], [ 103.735866855583211, 1.163680691852713 ], [ 103.735891858918848, 1.163682672375752 ], [ 103.735900639017885, 1.163683368137204 ], [ 103.736072986648921, 1.163697022790715 ], [ 103.736286984436376, 1.163676308506121 ], [ 103.736355837626334, 1.16363871103368 ], [ 103.736397651460948, 1.16354711302434 ], [ 103.736360959721182, 1.163408982749738 ], [ 103.736288632859228, 1.163343867816995 ], [ 103.736271677957845, 1.163324745348625 ], [ 103.736136369268394, 1.163333235356293 ], [ 103.736071298830211, 1.163368785473989 ], [ 103.735897253633226, 1.163416935027371 ], [ 103.7356904755394, 1.163404440369545 ], [ 103.73559445756463, 1.163430295515384 ] ] ], [ [ [ 103.7427610814714, 1.179452990108451 ], [ 103.742835685280383, 1.179475055427002 ], [ 103.742859944636635, 1.179482229639959 ], [ 103.742878361980573, 1.179487677229791 ], [ 103.742893058075268, 1.179482245192925 ], [ 103.742973489452027, 1.179452516839319 ], [ 103.742975823791284, 1.179451654151859 ], [ 103.743094257887407, 1.179433484814297 ], [ 103.743193223117913, 1.179418302857379 ], [ 103.743331359748595, 1.179367257788605 ], [ 103.743351623553863, 1.179343582185134 ], [ 103.743434143791362, 1.179318569241923 ], [ 103.743484019776218, 1.179260312605144 ], [ 103.743555181768613, 1.179215457531624 ], [ 103.743584261115771, 1.179181474265565 ], [ 103.7436195876478, 1.179150832828643 ], [ 103.743639738036151, 1.179105381025834 ], [ 103.743691955096878, 1.179060104804432 ], [ 103.743709527204558, 1.179001355141509 ], [ 103.743764541216663, 1.178930644661278 ], [ 103.743786309022852, 1.178881549224734 ], [ 103.743787111443922, 1.178879739617303 ], [ 103.743786893195036, 1.178877004811921 ], [ 103.743778181201733, 1.178767868532494 ], [ 103.743781626543083, 1.178724695186057 ], [ 103.743783930328703, 1.178695820710113 ], [ 103.743779788986515, 1.178644000488907 ], [ 103.743691632343626, 1.178588417199959 ], [ 103.743683348455349, 1.178578742944332 ], [ 103.743673736902267, 1.178587079969489 ], [ 103.743465338477122, 1.178603931469067 ], [ 103.743288919975086, 1.17863612111123 ], [ 103.743234151634098, 1.178666902992203 ], [ 103.743093069060194, 1.178655469036592 ], [ 103.743030837102893, 1.178678476752664 ], [ 103.742817878675979, 1.178698177706389 ], [ 103.74274451511252, 1.178750524444643 ], [ 103.742686154972091, 1.178768220042264 ], [ 103.742649516228852, 1.178810998899807 ], [ 103.742528444141499, 1.178857259503477 ], [ 103.742458191986842, 1.178912632339026 ], [ 103.742385283313013, 1.178929307328852 ], [ 103.742315030255384, 1.178984680160346 ], [ 103.74217054088551, 1.179073402602191 ], [ 103.742076674941131, 1.179163029262011 ], [ 103.741992916567483, 1.17924300396987 ], [ 103.742065013120566, 1.17930551692674 ], [ 103.742209712294795, 1.179396737707941 ], [ 103.74223064821382, 1.179399948891582 ], [ 103.742346634518057, 1.179417739750536 ], [ 103.742457327176609, 1.179397547122399 ], [ 103.742706182122845, 1.179422172994226 ], [ 103.7427610814714, 1.179452990108451 ] ] ], [ [ [ 103.740462214077311, 1.16143132518297 ], [ 103.740462213522434, 1.161503374097985 ], [ 103.740515898746722, 1.161503374064176 ], [ 103.740515898401739, 1.161431325149039 ], [ 103.740462214077311, 1.16143132518297 ] ] ], [ [ [ 103.740515898609786, 1.161287229127377 ], [ 103.740515898955096, 1.161359277138241 ], [ 103.740569585075235, 1.161359277103234 ], [ 103.740569584728576, 1.161287229092259 ], [ 103.740515898609786, 1.161287229127377 ] ] ], [ [ [ 103.740401991440919, 1.161457182590726 ], [ 103.740449316902456, 1.161435687411032 ], [ 103.740462213733522, 1.161359277172253 ], [ 103.740382838229905, 1.161372857197565 ], [ 103.740401991440919, 1.161457182590726 ] ] ], [ [ [ 103.718326468181061, 1.191515399106977 ], [ 103.718313152056837, 1.19149997281558 ], [ 103.718254888064521, 1.191486569505413 ], [ 103.718248229702638, 1.191475260157255 ], [ 103.718187885653833, 1.191483861736159 ], [ 103.718203403709083, 1.191549980419941 ], [ 103.718237324430049, 1.191607569014601 ], [ 103.718254887961649, 1.191554008812031 ], [ 103.718326468181061, 1.191515399106977 ] ] ] ] } },
{ "type": "Feature", "properties": { "OBJECTID": 0, "ISLAND": "Live Firing Area" }, "geometry": { "type": "MultiPolygon", "coordinates": [ [ [ [ 103.731141287183561, 1.174937315366087 ], [ 103.731142379619115, 1.174941230398977 ], [ 103.731147412369154, 1.174959267224077 ], [ 103.731160307235726, 1.174946288263529 ], [ 103.731163105271719, 1.174943471271988 ], [ 103.731141287183561, 1.174937315366087 ], [ 103.731133492808596, 1.174909135994678 ], [ 103.73102318561341, 1.174784670616186 ], [ 103.731044706727587, 1.174729544079976 ], [ 103.731010892581835, 1.174703280097417 ], [ 103.730993118929106, 1.174689474322734 ], [ 103.730972209020095, 1.174565572037884 ], [ 103.730926544309099, 1.174595087897673 ], [ 103.730899470088886, 1.174586249452072 ], [ 103.730849056674742, 1.174569793589639 ], [ 103.73078297259076, 1.174526170951355 ], [ 103.730655670255942, 1.174131314506348 ], [ 103.730213489230877, 1.173660506025324 ], [ 103.729752880345373, 1.173622722648011 ], [ 103.729094899493859, 1.173416815928327 ], [ 103.728877142670214, 1.173264136614357 ], [ 103.728878033819583, 1.173220091400248 ], [ 103.728859823993901, 1.173144948002499 ], [ 103.728825466554596, 1.173111703189232 ], [ 103.728788266824182, 1.17303903251333 ], [ 103.728788243464834, 1.173038987294236 ], [ 103.728805789237057, 1.173018864042646 ], [ 103.728824033951256, 1.173001204305149 ], [ 103.72884157965774, 1.172982840041563 ], [ 103.728852545355025, 1.172972230453287 ], [ 103.728857348912626, 1.172967584010709 ], [ 103.728859833356495, 1.172965180304123 ], [ 103.728859123052189, 1.172929900127212 ], [ 103.728859063860909, 1.172926940141102 ], [ 103.728883034046703, 1.172927431206904 ], [ 103.728956451388925, 1.172928936112387 ], [ 103.728982644464125, 1.172929472478981 ], [ 103.729008845962511, 1.172920917272721 ], [ 103.72903733057889, 1.172911616051361 ], [ 103.729038226394991, 1.17291132397534 ], [ 103.729038776284142, 1.172911144027497 ], [ 103.729064233044809, 1.172850797665688 ], [ 103.729065444330104, 1.172847926354885 ], [ 103.729065471285168, 1.172847925451532 ], [ 103.729091558385647, 1.172847136919551 ], [ 103.729149336542207, 1.172845390044348 ], [ 103.729205978094029, 1.172843678395574 ], [ 103.729219312758886, 1.172843274644026 ], [ 103.729308672354378, 1.172840573939047 ], [ 103.729345616019344, 1.172815994702407 ], [ 103.729351268626417, 1.172812234567522 ], [ 103.729351767306596, 1.172811902684522 ], [ 103.729352011692029, 1.172812086279578 ], [ 103.729422273403216, 1.172864882973166 ], [ 103.729489241938253, 1.172849253539795 ], [ 103.729493782101756, 1.172848193794502 ], [ 103.729494928598612, 1.172847926145513 ], [ 103.729513110543181, 1.17285110747315 ], [ 103.729544795969076, 1.172856650599527 ], [ 103.729574470279644, 1.172893941355067 ], [ 103.729596594306557, 1.172911777146462 ], [ 103.729590206759582, 1.17296342152907 ], [ 103.729753282011984, 1.172986534113105 ], [ 103.729762824134966, 1.172985333472891 ], [ 103.729800927035924, 1.172980539952883 ], [ 103.729850359186116, 1.172974321576025 ], [ 103.729852832770334, 1.172974010566802 ], [ 103.729852832663497, 1.172976919002021 ], [ 103.729852833007229, 1.172992021883969 ], [ 103.72986825397706, 1.172992022457798 ], [ 103.729870728448375, 1.172992022549867 ], [ 103.729870728341552, 1.172994930985088 ], [ 103.729870727786874, 1.173010033867008 ], [ 103.729871380996983, 1.173010033891313 ], [ 103.72997562506491, 1.173010034150584 ], [ 103.72997809953624, 1.17301003424256 ], [ 103.730032466905229, 1.172986041672055 ], [ 103.730050727846987, 1.172991205365555 ], [ 103.730105751468528, 1.17300676247287 ], [ 103.730136313570441, 1.172993275919654 ], [ 103.730139155574562, 1.172992021671993 ], [ 103.730219859243718, 1.172983191740669 ], [ 103.730362671171207, 1.172892780508425 ], [ 103.7303858187624, 1.172881475908512 ], [ 103.730388678741548, 1.172880078771687 ], [ 103.730401930966508, 1.172873607631968 ], [ 103.730405114434248, 1.172871435466977 ], [ 103.730407588068658, 1.172869747110564 ], [ 103.730411657480261, 1.172866970863063 ], [ 103.730417351421792, 1.172863086829519 ], [ 103.730505832593948, 1.172802720174202 ], [ 103.730567697272875, 1.172772501322056 ], [ 103.730727168821588, 1.172667275389925 ], [ 103.731058769355116, 1.17227546547137 ], [ 103.731061236743628, 1.17227255079616 ], [ 103.731067961410687, 1.172264605299234 ], [ 103.73107042790069, 1.172261690623981 ], [ 103.731281627712605, 1.172012147207105 ], [ 103.731284094202138, 1.172009232531619 ], [ 103.731441431064496, 1.171823328139651 ], [ 103.731443898452198, 1.171820413464022 ], [ 103.731477223461283, 1.171781037760238 ], [ 103.731479689950419, 1.171778123084537 ], [ 103.731524454256089, 1.171725231170641 ], [ 103.73152692523756, 1.171722318303779 ], [ 103.731591755867925, 1.171566590055246 ], [ 103.731604887690892, 1.171535046310173 ], [ 103.731605980362019, 1.17153242278941 ], [ 103.731642130164502, 1.171445587054885 ], [ 103.731644684822356, 1.171439450132392 ], [ 103.731693792118918, 1.171321489365662 ], [ 103.731710409523842, 1.171281573142818 ], [ 103.731762797522734, 1.17115573186385 ], [ 103.731871678208833, 1.170894189167405 ], [ 103.731892236481698, 1.170777845262839 ], [ 103.731908444228665, 1.170686118899071 ], [ 103.731913897436471, 1.170655257667165 ], [ 103.731924425506378, 1.170595670393518 ], [ 103.731936555028241, 1.170527026874301 ], [ 103.731962901709679, 1.170377922583573 ], [ 103.731972464591806, 1.170323800347591 ], [ 103.731994291794251, 1.170200271313125 ], [ 103.732019754164511, 1.17005617535813 ], [ 103.732056161583358, 1.169850127230165 ], [ 103.732032722582616, 1.169770331606035 ], [ 103.732016498554401, 1.169715097873136 ], [ 103.732010870140115, 1.169695935094096 ], [ 103.732000258355882, 1.169659804451547 ], [ 103.73206387770982, 1.169579736158677 ], [ 103.73209273038097, 1.169478172576495 ], [ 103.732108813615071, 1.169450634363736 ], [ 103.732128975389287, 1.169416115510999 ], [ 103.732130160854609, 1.169406506683585 ], [ 103.732135458149031, 1.1693635920778 ], [ 103.73214211543285, 1.169355236897767 ], [ 103.732143418316056, 1.169353600950056 ], [ 103.732152025380145, 1.169344242900762 ], [ 103.73219164707902, 1.169328712785593 ], [ 103.732212545577511, 1.169320520907281 ], [ 103.732212948111055, 1.169320362658124 ], [ 103.732223041100113, 1.16931640643027 ], [ 103.732310534636142, 1.169282111584947 ], [ 103.732312767439254, 1.169281236241188 ], [ 103.732313162898038, 1.169277910003689 ], [ 103.732333530820824, 1.169106596110803 ], [ 103.73233365934496, 1.169105513591394 ], [ 103.732333851681702, 1.169103895690657 ], [ 103.732335530084896, 1.169103732965853 ], [ 103.732336389952039, 1.169103649795456 ], [ 103.732395618355795, 1.169097935452275 ], [ 103.732397634595998, 1.169097741086891 ], [ 103.732480993189725, 1.169089699781072 ], [ 103.732646345550776, 1.169073746436675 ], [ 103.732756916792297, 1.168970622146729 ], [ 103.732838672188038, 1.168894372712251 ], [ 103.732884182701753, 1.168851927108109 ], [ 103.732885661681095, 1.16885054800579 ], [ 103.732888643900083, 1.168847767192902 ], [ 103.732925065787924, 1.16881379786739 ], [ 103.732926945511309, 1.168812045277019 ], [ 103.732943294836758, 1.168780352418246 ], [ 103.732945511587744, 1.168776056767538 ], [ 103.732983034613298, 1.168703321904845 ], [ 103.732991320247649, 1.168687262501448 ], [ 103.733000612270686, 1.168669250611643 ], [ 103.733048611619395, 1.168576208623833 ], [ 103.733110335588776, 1.168456564347161 ], [ 103.733151425893126, 1.168376914839837 ], [ 103.73317000993471, 1.16834089196308 ], [ 103.733170268720315, 1.168340390050165 ], [ 103.733225055932508, 1.168280866756186 ], [ 103.73323880612331, 1.168268037937027 ], [ 103.733239440484851, 1.168267445601156 ], [ 103.733250677489622, 1.168256962612864 ], [ 103.733252921116758, 1.168254869089887 ], [ 103.733267064565624, 1.168275477346484 ], [ 103.733267094214597, 1.168275519852665 ], [ 103.733335091957912, 1.168193480166874 ], [ 103.733349702049907, 1.168154149885925 ], [ 103.733378859947621, 1.16810908464713 ], [ 103.733406437954869, 1.167996980633096 ], [ 103.733434826522426, 1.167881577526454 ], [ 103.733396082620416, 1.167822580838248 ], [ 103.73341043600189, 1.167775790446151 ], [ 103.733412625896747, 1.167768650568173 ], [ 103.733417018266792, 1.16775433192499 ], [ 103.733446174746561, 1.167698366381696 ], [ 103.733466158723573, 1.16766000848343 ], [ 103.733480274204155, 1.16763291332852 ], [ 103.733497062900668, 1.167600686905857 ], [ 103.733503610707842, 1.167588118284453 ], [ 103.733558405796572, 1.167482939957695 ], [ 103.733579703465068, 1.167442058928739 ], [ 103.73358437867256, 1.167433084184061 ], [ 103.733584532326304, 1.167432789366771 ], [ 103.733605076426656, 1.167409649225706 ], [ 103.73360762556996, 1.16740677795994 ], [ 103.733613087763104, 1.167400625764368 ], [ 103.733683547267447, 1.167321259455719 ], [ 103.733686129656391, 1.167318350207746 ], [ 103.733726637400039, 1.167272721949596 ], [ 103.733736097098173, 1.167264213122764 ], [ 103.733765415576727, 1.167302448882924 ], [ 103.733815466641119, 1.167272054076256 ], [ 103.733871458962554, 1.16725636353984 ], [ 103.733922837387496, 1.167218017607022 ], [ 103.734034586959339, 1.167176962534676 ], [ 103.734097717872629, 1.167186355696544 ], [ 103.734132131510862, 1.167231250468845 ], [ 103.734137688473922, 1.167238500050701 ], [ 103.734139650706283, 1.167241060375813 ], [ 103.734178824573917, 1.167235230424801 ], [ 103.734226164942541, 1.167228184392834 ], [ 103.734230749589102, 1.167239452935198 ], [ 103.73424527437507, 1.167275149615465 ], [ 103.734333806516545, 1.167240145713804 ], [ 103.734370218068861, 1.167218018112235 ], [ 103.734380532987345, 1.167213768869412 ], [ 103.734417192279196, 1.167198669091316 ], [ 103.734454302795484, 1.167204192453409 ], [ 103.734457263164202, 1.167209514742385 ], [ 103.734486603608673, 1.167262255596466 ], [ 103.734487689825912, 1.167264209061895 ], [ 103.734487947659872, 1.167265220150365 ], [ 103.734499616667037, 1.167310997678022 ], [ 103.7346162332326, 1.167377979929078 ], [ 103.734638156352631, 1.16743697600809 ], [ 103.734657908017667, 1.167438207545635 ], [ 103.734724926927768, 1.167442384457678 ], [ 103.734751662612098, 1.167444051240311 ], [ 103.734756117361499, 1.16744432903735 ], [ 103.734764558430797, 1.167453826969669 ], [ 103.734783467652349, 1.167470854104558 ], [ 103.734801419194767, 1.167510220814029 ], [ 103.734814124800991, 1.167538083823741 ], [ 103.734815343072938, 1.1675407562634 ], [ 103.734816379022874, 1.167541322432021 ], [ 103.734870679690118, 1.167571011010941 ], [ 103.734898967935294, 1.167574037106632 ], [ 103.734901054242798, 1.167574260558149 ], [ 103.73512944471787, 1.167598691860307 ], [ 103.735131920074167, 1.167598956926089 ], [ 103.735165235404864, 1.16760252129264 ], [ 103.735167710761147, 1.167602786358392 ], [ 103.735263334090021, 1.167613015364957 ], [ 103.735427694737069, 1.167561899220659 ], [ 103.735467986642035, 1.167547367496852 ], [ 103.735480366319209, 1.167542902179197 ], [ 103.735491925636424, 1.167539307735637 ], [ 103.735493734334881, 1.167538745284332 ], [ 103.735612197343144, 1.167501905625609 ], [ 103.735612411188271, 1.16750183871012 ], [ 103.735634669050583, 1.167494917483571 ], [ 103.73563534654005, 1.167494307965675 ], [ 103.735638982879365, 1.167491037911216 ], [ 103.735798859600948, 1.16734728663828 ], [ 103.735799936934868, 1.167346318101619 ], [ 103.735856367177448, 1.167268038289083 ], [ 103.735918325247468, 1.167182090562092 ], [ 103.735920144795102, 1.167179566544504 ], [ 103.735934728628919, 1.167171019904939 ], [ 103.735937204043978, 1.167169569390728 ], [ 103.735980155864439, 1.16714440061747 ], [ 103.736036130792954, 1.167111599461409 ], [ 103.736078286694379, 1.167081979377217 ], [ 103.736088802981968, 1.167074590181647 ], [ 103.736136555373747, 1.167052532586304 ], [ 103.736164292599625, 1.167036272174478 ], [ 103.736195829654349, 1.167017784444899 ], [ 103.736227535629951, 1.166999196336334 ], [ 103.736233880958181, 1.166995476905991 ], [ 103.736250872816299, 1.166985515017979 ], [ 103.736325892811706, 1.166938525039437 ], [ 103.736326452588656, 1.166938174165465 ], [ 103.736329369179273, 1.166936347450588 ], [ 103.7363760912354, 1.166907082935063 ], [ 103.736482497370091, 1.166840434062467 ], [ 103.736575346135695, 1.166797514334042 ], [ 103.736613164223556, 1.166763510636368 ], [ 103.736664472789045, 1.166717375355981 ], [ 103.736677619233873, 1.166702561417006 ], [ 103.736680159388285, 1.166699699191438 ], [ 103.736726039410271, 1.166648000976494 ], [ 103.736875580407613, 1.166694508558393 ], [ 103.73689586863631, 1.166717352599284 ], [ 103.736899956650191, 1.166721955955212 ], [ 103.736906949400151, 1.166729828688721 ], [ 103.736918964104746, 1.16673054988154 ], [ 103.736921440363048, 1.166730698282705 ], [ 103.736944308913849, 1.16673207189648 ], [ 103.736946397021342, 1.166732197675134 ], [ 103.737069255732607, 1.166739574287149 ], [ 103.737165480089573, 1.166724849119785 ], [ 103.737168447847324, 1.166724395230925 ], [ 103.737234095223855, 1.166714349999466 ], [ 103.737276868466296, 1.166708585241807 ], [ 103.737279344740969, 1.166708251616423 ], [ 103.73732442354239, 1.166702174931512 ], [ 103.73737294990022, 1.166695634425235 ], [ 103.737425411812154, 1.166658765287333 ], [ 103.737448838036187, 1.166642302136241 ], [ 103.737642931880131, 1.166613219903719 ], [ 103.737752289647588, 1.1665968338475 ], [ 103.737753825190183, 1.166596603287064 ], [ 103.737758477728477, 1.166593332359899 ], [ 103.737842532507088, 1.166534229588949 ], [ 103.737867150864787, 1.166522848098619 ], [ 103.737925017796897, 1.166496094451423 ], [ 103.737938003184212, 1.16648778288077 ], [ 103.73793823855145, 1.166488955849506 ], [ 103.738002126799742, 1.166448063572122 ], [ 103.73803409930072, 1.166412039303859 ], [ 103.738127393470421, 1.16642906623826 ], [ 103.738145559534459, 1.166449505493468 ], [ 103.738242220343807, 1.166467672038015 ], [ 103.738292683322982, 1.166477156015016 ], [ 103.738331011251574, 1.166484358771709 ], [ 103.738330307844407, 1.166480853431143 ], [ 103.738333486713842, 1.166481450419688 ], [ 103.738334659247641, 1.166481671124465 ], [ 103.738352496932194, 1.166488114422851 ], [ 103.73835359398619, 1.166488510571752 ], [ 103.73838398085455, 1.166499485162166 ], [ 103.738406737761906, 1.166507704799086 ], [ 103.738407524685499, 1.166512525088397 ], [ 103.738404262299682, 1.166510613151159 ], [ 103.73840849964958, 1.166536573076976 ], [ 103.738417325590518, 1.16659064713667 ], [ 103.738409242645176, 1.166645702762109 ], [ 103.738414936931491, 1.166684470346907 ], [ 103.738416538589803, 1.166695377036722 ], [ 103.738418517955949, 1.166696191936318 ], [ 103.738468048830882, 1.166716589749232 ], [ 103.738492724131575, 1.166748779630857 ], [ 103.738575420051347, 1.166806650004299 ], [ 103.738581821578109, 1.166815000218413 ], [ 103.738563871193421, 1.166820064955305 ], [ 103.738565586370441, 1.166821791445218 ], [ 103.73857826466444, 1.166834552457635 ], [ 103.738579564748875, 1.166835861117089 ], [ 103.738584702982905, 1.166817446621968 ], [ 103.738585689653291, 1.166813908781609 ], [ 103.738634481957476, 1.166834543510302 ], [ 103.738636099232977, 1.166835228168992 ], [ 103.738688173995584, 1.166848671501724 ], [ 103.738693060890157, 1.16684993325563 ], [ 103.738736840293427, 1.166875830309765 ], [ 103.73873694990813, 1.166875895427707 ], [ 103.738738139497485, 1.166876599063524 ], [ 103.738761190554769, 1.166901647121912 ], [ 103.738804343802954, 1.166924627578506 ], [ 103.738807835308577, 1.16692648706993 ], [ 103.738852374018649, 1.166950205534097 ], [ 103.738978467153444, 1.167017353429713 ], [ 103.738984506816706, 1.167018801521128 ], [ 103.739037239312864, 1.167031444507404 ], [ 103.739132458802146, 1.167054273877842 ], [ 103.739153924675364, 1.167059420435168 ], [ 103.739157137682881, 1.167060191061963 ], [ 103.739310961318992, 1.167097070798564 ], [ 103.739317266824855, 1.167101939204713 ], [ 103.739317706179705, 1.167102278356172 ], [ 103.739320527394909, 1.167104457065126 ], [ 103.739399580722349, 1.16716549528252 ], [ 103.739453947439117, 1.167182803028247 ], [ 103.739480287304787, 1.167199041777363 ], [ 103.739482104931639, 1.167200162346008 ], [ 103.739498344973867, 1.167210173301907 ], [ 103.739497061814944, 1.167213249906806 ], [ 103.739483315481053, 1.167246197252225 ], [ 103.739508935051632, 1.167307586374025 ], [ 103.739525869769366, 1.167394867159407 ], [ 103.739562621001824, 1.167451682379005 ], [ 103.739577230505617, 1.167563060782289 ], [ 103.739598411544748, 1.167595777782827 ], [ 103.739606853646606, 1.1676288977024 ], [ 103.73961648161395, 1.167666665190839 ], [ 103.739657083868011, 1.167694885437916 ], [ 103.739659401943157, 1.167696497093166 ], [ 103.739659401442708, 1.167711615354333 ], [ 103.739659401360214, 1.167714107782858 ], [ 103.73965940136334, 1.16782258178154 ], [ 103.739656925926255, 1.167824728659821 ], [ 103.739586029586192, 1.167886222161821 ], [ 103.739586086168117, 1.167886932994212 ], [ 103.739589504438271, 1.167929756576116 ], [ 103.739591760532633, 1.167958018042048 ], [ 103.739600360096219, 1.168065743515218 ], [ 103.739596331347101, 1.168116271128155 ], [ 103.739596051797463, 1.168119780052977 ], [ 103.739600508301109, 1.168175645509941 ], [ 103.739600538848308, 1.168175699772828 ], [ 103.739669519727386, 1.168300146258487 ], [ 103.739666759457322, 1.168302539114306 ], [ 103.739632261472565, 1.168332445290215 ], [ 103.739623419083856, 1.168340110386797 ], [ 103.73962334358248, 1.168340937877775 ], [ 103.739612740133296, 1.1684570931918 ], [ 103.739612235891869, 1.168462618841879 ], [ 103.739597432227114, 1.168624784462044 ], [ 103.73956031405865, 1.168713507701355 ], [ 103.739549833081014, 1.16879411245094 ], [ 103.739543380206271, 1.168843742852355 ], [ 103.739541015286804, 1.168845793871512 ], [ 103.739527558068346, 1.168857465147141 ], [ 103.73952246792058, 1.168861880083409 ], [ 103.739497016283053, 1.168883952955849 ], [ 103.739496785342936, 1.168884726179713 ], [ 103.739496708962022, 1.168884980303569 ], [ 103.739494663749596, 1.168891816325875 ], [ 103.739472166412057, 1.168967012571132 ], [ 103.739470310083746, 1.168967846332733 ], [ 103.739435047932275, 1.168983687803207 ], [ 103.739432820458333, 1.168986484023205 ], [ 103.739418480701843, 1.16900447858492 ], [ 103.739483389401727, 1.168999242689863 ], [ 103.739489126338469, 1.168998779848222 ], [ 103.739506628204808, 1.169053272918392 ], [ 103.739503451983722, 1.169053999920612 ], [ 103.739476910096698, 1.169060071835351 ], [ 103.739360085359849, 1.169086799108051 ], [ 103.739360269475867, 1.169089098913109 ], [ 103.739364891232569, 1.169146956690309 ], [ 103.739335348581278, 1.169200253510879 ], [ 103.73933419758572, 1.169200770768572 ], [ 103.739256095213761, 1.169235855668515 ], [ 103.739253616155878, 1.169238759499224 ], [ 103.739231249826645, 1.169264882216886 ], [ 103.739199622614635, 1.169292318663377 ], [ 103.739199679196446, 1.169293029495763 ], [ 103.739204515600889, 1.169353602182283 ], [ 103.739200976732434, 1.169397858042404 ], [ 103.739118736203167, 1.169503572758517 ], [ 103.739150052435093, 1.169560071273081 ], [ 103.739166619808003, 1.169616042949253 ], [ 103.739148741181708, 1.169732036131628 ], [ 103.739140440839535, 1.169785889850653 ], [ 103.739140776734686, 1.169790204584867 ], [ 103.739149038496322, 1.169896389008606 ], [ 103.739154303257507, 1.169909867834396 ], [ 103.739185585463119, 1.16998995759903 ], [ 103.739193820412623, 1.170011040421477 ], [ 103.739176230771136, 1.170056069942746 ], [ 103.739175239755212, 1.170055177301549 ], [ 103.73916677703636, 1.170047556840748 ], [ 103.739152031405709, 1.170030948593637 ], [ 103.739141445674605, 1.170019025999299 ], [ 103.739131724194607, 1.17001028589267 ], [ 103.739113038647673, 1.169993485786971 ], [ 103.739116795597951, 1.169929985963316 ], [ 103.739113065331381, 1.169866944399367 ], [ 103.739116237025641, 1.169813400704227 ], [ 103.739060865116528, 1.169787825214404 ], [ 103.738756200526737, 1.169957496277464 ], [ 103.738450374777287, 1.169974523207621 ], [ 103.738236028355743, 1.169821409717967 ], [ 103.738140747414036, 1.169753348520943 ], [ 103.738202455036543, 1.16958026431691 ], [ 103.738227388451108, 1.169498991743777 ], [ 103.738227785631665, 1.169497697611798 ], [ 103.738245703986053, 1.169483780958379 ], [ 103.738247165883664, 1.169482646030836 ], [ 103.738247988032597, 1.169482007577577 ], [ 103.738248891205146, 1.169476655579598 ], [ 103.738257549978869, 1.169425336810165 ], [ 103.738263184696876, 1.169391945153918 ], [ 103.738263576520836, 1.169389626376857 ], [ 103.738281205256584, 1.169384652068856 ], [ 103.738285395001498, 1.169383469302942 ], [ 103.738269701434788, 1.169367674043128 ], [ 103.738268525156599, 1.169371889245704 ], [ 103.738263576520836, 1.169389626376857 ], [ 103.738261429047839, 1.169391356352832 ], [ 103.738256948107335, 1.169394964614222 ], [ 103.738238726034965, 1.169409643636644 ], [ 103.738238600210821, 1.16941065832927 ], [ 103.738227785631665, 1.169497697611798 ], [ 103.738225706512395, 1.169497411761733 ], [ 103.738159918650325, 1.169488374916791 ], [ 103.738094498501127, 1.169392663795176 ], [ 103.738093912708038, 1.169391807342057 ], [ 103.738113179676787, 1.169378896388775 ], [ 103.738182209535509, 1.169381645299248 ], [ 103.738182968766935, 1.169381675169175 ], [ 103.738235622098642, 1.169291526299793 ], [ 103.738236392157418, 1.169290207762687 ], [ 103.738254536134718, 1.169273292244268 ], [ 103.738257194879267, 1.169270813471949 ], [ 103.738259749394544, 1.169268432367437 ], [ 103.738254549159507, 1.169233334710515 ], [ 103.738209113356902, 1.16892666137022 ], [ 103.738322198758226, 1.168492297169757 ], [ 103.738288680380734, 1.168461058376261 ], [ 103.738292577800138, 1.168362203335346 ], [ 103.738263554872148, 1.168269935468556 ], [ 103.73821157683831, 1.16810468732169 ], [ 103.738146917013637, 1.168084107209644 ], [ 103.738118632385692, 1.168053360567221 ], [ 103.737950410145856, 1.168046676094862 ], [ 103.737896724730518, 1.16804878685594 ], [ 103.737780860682477, 1.168044178774349 ], [ 103.737332624029108, 1.168321429776858 ], [ 103.736736219926215, 1.168133464193377 ], [ 103.736572777446739, 1.168029367999983 ], [ 103.736486988603318, 1.168032779906068 ], [ 103.736463370502562, 1.168010757813663 ], [ 103.736466088129873, 1.167941770278121 ], [ 103.736374864251118, 1.167893187369913 ], [ 103.736375034818039, 1.167897504811482 ], [ 103.736378805236114, 1.167993202974633 ], [ 103.736376219351214, 1.167993306886752 ], [ 103.736250707794028, 1.167998338931594 ], [ 103.736267505715659, 1.167958307825416 ], [ 103.736267920856292, 1.167957319369552 ], [ 103.736284522960517, 1.167941850793513 ], [ 103.736286497925306, 1.167940011384947 ], [ 103.736303711737975, 1.167903283936065 ], [ 103.736331183350998, 1.167851041567668 ], [ 103.736286156913167, 1.16784924755324 ], [ 103.736232803947757, 1.167851358294095 ], [ 103.736209307213102, 1.167801262020008 ], [ 103.736106104347485, 1.167758589612854 ], [ 103.736055808968587, 1.167813223227806 ], [ 103.735983484925484, 1.167767841511465 ], [ 103.735961606053664, 1.167675389385786 ], [ 103.735848957172109, 1.167635671198981 ], [ 103.735268245824841, 1.16780492075299 ], [ 103.73526815859374, 1.167807132825198 ], [ 103.735264715207251, 1.167894629052926 ], [ 103.735267498101095, 1.167965435454754 ], [ 103.735267825764012, 1.167973783653775 ], [ 103.735265951387433, 1.167976866566098 ], [ 103.735205778147119, 1.168075804627495 ], [ 103.735230025935721, 1.168102154135387 ], [ 103.735312599046466, 1.168098847061602 ], [ 103.735313376235695, 1.168099216069544 ], [ 103.735355947337226, 1.168119427394237 ], [ 103.735378613983201, 1.168191475281648 ], [ 103.735427527994474, 1.168174167463111 ], [ 103.735460688363347, 1.168138143270765 ], [ 103.735481214259934, 1.168173463940861 ], [ 103.735499528819602, 1.168212548497899 ], [ 103.735534899807121, 1.168245512009879 ], [ 103.735560719914872, 1.168273585288832 ], [ 103.735588585080947, 1.168299547852724 ], [ 103.735613724143192, 1.16835316126182 ], [ 103.735659510717042, 1.168354990584523 ], [ 103.73570991034309, 1.168300251171404 ], [ 103.735749641948161, 1.168353583832398 ], [ 103.735767527961144, 1.168391718790454 ], [ 103.73583699464892, 1.168388974662758 ], [ 103.735857013474472, 1.168407619737978 ], [ 103.735889788612681, 1.168443221186241 ], [ 103.735928594173586, 1.168461655295476 ], [ 103.736125126640061, 1.16864279638575 ], [ 103.736153813209114, 1.16861166192747 ], [ 103.736179152836328, 1.168659858196776 ], [ 103.736177029626788, 1.168713753718771 ], [ 103.736213196884023, 1.168715184777694 ], [ 103.736231048250829, 1.168715890803073 ], [ 103.736232139027919, 1.168715934250526 ], [ 103.736237731699092, 1.168704014018025 ], [ 103.736256607862657, 1.168663776789714 ], [ 103.736257951217908, 1.168660913618763 ], [ 103.736297673941095, 1.168659330553673 ], [ 103.736314096609263, 1.168662482834515 ], [ 103.736367444674016, 1.168672723902166 ], [ 103.73640286868779, 1.168679523239831 ], [ 103.736483615951514, 1.168732011735317 ], [ 103.736453504366494, 1.168789294035561 ], [ 103.736447554113767, 1.168800611949425 ], [ 103.736464767715844, 1.168822599454236 ], [ 103.736466181010741, 1.168823916257862 ], [ 103.73648691861986, 1.168843249575383 ], [ 103.736536348666192, 1.168948683900849 ], [ 103.736554925454129, 1.168965992271098 ], [ 103.736583713213633, 1.168997274329683 ], [ 103.736584450854508, 1.168998075622122 ], [ 103.73660655556273, 1.168950896602061 ], [ 103.73660793845481, 1.168947944804588 ], [ 103.736626436742085, 1.168948683407124 ], [ 103.736651162854116, 1.168939976139127 ], [ 103.736653008394811, 1.168939325965076 ], [ 103.736654088326361, 1.168941230593924 ], [ 103.736679021089103, 1.16898519984623 ], [ 103.736699721034327, 1.169002473018949 ], [ 103.736696303967207, 1.169004595443856 ], [ 103.736627389368707, 1.169047397527642 ], [ 103.736627966170886, 1.169048410435778 ], [ 103.736675334029016, 1.169131653394192 ], [ 103.73671849900802, 1.169127256060884 ], [ 103.736714680890515, 1.169165003194476 ], [ 103.736742484627555, 1.169227517442269 ], [ 103.736742484528165, 1.169230425878181 ], [ 103.736742484011955, 1.169245529668056 ], [ 103.736740009602144, 1.169243811290017 ], [ 103.736731659142919, 1.169238012216307 ], [ 103.73671072189849, 1.169223472024705 ], [ 103.736684504981227, 1.169185233685268 ], [ 103.736674179936401, 1.169170174755905 ], [ 103.736642830225861, 1.169148405618399 ], [ 103.736626253298397, 1.169136895198113 ], [ 103.736625220162225, 1.169132844514142 ], [ 103.736604722742911, 1.169052428625446 ], [ 103.736536671989541, 1.169005150616416 ], [ 103.736535046642175, 1.169004021008893 ], [ 103.736500767893617, 1.168954031077362 ], [ 103.736486877468678, 1.168916684867466 ], [ 103.73648012047471, 1.168898516856551 ], [ 103.736475677460305, 1.168896570510155 ], [ 103.736433145817998, 1.168877937318229 ], [ 103.73643186983071, 1.16888137114553 ], [ 103.736399112001578, 1.16896951026619 ], [ 103.736430961231605, 1.169018725978531 ], [ 103.736439050987755, 1.169107149583934 ], [ 103.736439200981096, 1.169108786488698 ], [ 103.736437173082777, 1.169108328809887 ], [ 103.73643640127743, 1.169108155145109 ], [ 103.736357737331559, 1.169090422347999 ], [ 103.736331497341482, 1.169096328744032 ], [ 103.736331165792521, 1.169096402890377 ], [ 103.736330818019894, 1.169097953863229 ], [ 103.736330610434692, 1.169098879020781 ], [ 103.736327446332695, 1.169112989708388 ], [ 103.736305694815258, 1.169209998311583 ], [ 103.736330734508996, 1.169227406388181 ], [ 103.73633089443814, 1.169227517630576 ], [ 103.736338199774323, 1.169238176723301 ], [ 103.736360009438698, 1.169253339150579 ], [ 103.73635372705823, 1.169281553292507 ], [ 103.736359746978508, 1.169308571387999 ], [ 103.736351201827503, 1.169346917949866 ], [ 103.736381303811427, 1.169464980150257 ], [ 103.736401002053739, 1.169478662059454 ], [ 103.73640247555845, 1.169479685851153 ], [ 103.736417181912543, 1.169566790218679 ], [ 103.736519947752996, 1.169595603220194 ], [ 103.736556533036477, 1.169643306094442 ], [ 103.736644198265552, 1.169658298975249 ], [ 103.736651041201199, 1.169659469460034 ], [ 103.736653008006101, 1.16965980595178 ], [ 103.736653007900486, 1.169662892547462 ], [ 103.736653008634022, 1.169667712809743 ], [ 103.736653008235933, 1.169731853950262 ], [ 103.736650532844592, 1.169732552033743 ], [ 103.736631189750071, 1.169738010106509 ], [ 103.73663290402898, 1.169739735693228 ], [ 103.736645584122485, 1.169752498523306 ], [ 103.736646883308708, 1.169753806279275 ], [ 103.736652008082842, 1.169735437007322 ], [ 103.736653008235933, 1.169731853950262 ], [ 103.736699555196765, 1.16975317866752 ], [ 103.736715667744662, 1.169760560648098 ], [ 103.736749507249229, 1.169754778410083 ], [ 103.736823882817632, 1.169742068334896 ], [ 103.73682416584677, 1.169742020413375 ], [ 103.736829638854104, 1.16973488155022 ], [ 103.736831960681499, 1.169731853818543 ], [ 103.7368589257472, 1.169752820631554 ], [ 103.736875545290701, 1.169832080607159 ], [ 103.736895747196655, 1.169883794671265 ], [ 103.736912645925699, 1.170023000450812 ], [ 103.737006219793813, 1.170009069238947 ], [ 103.736995760619791, 1.170080308374768 ], [ 103.737044316973979, 1.170118056413972 ], [ 103.737040253000899, 1.170119729347742 ], [ 103.737000810987425, 1.170135963134749 ], [ 103.736999889048931, 1.170138231248801 ], [ 103.736979639649547, 1.170188028470433 ], [ 103.736991671364976, 1.170269962492534 ], [ 103.737038908722596, 1.170334094413562 ], [ 103.737065803484626, 1.170493494090702 ], [ 103.737028842246005, 1.17058812731338 ], [ 103.737008131769983, 1.170694762917113 ], [ 103.737003118155755, 1.17072057872996 ], [ 103.737029862207393, 1.170741346574252 ], [ 103.737038908068968, 1.170748370180855 ], [ 103.737054497052782, 1.170774614470192 ], [ 103.737051620877025, 1.170776848150862 ], [ 103.737050150891562, 1.170777989407932 ], [ 103.737018706140844, 1.17080240615984 ], [ 103.737016837176938, 1.170804844261651 ], [ 103.737010912201924, 1.17081257365932 ], [ 103.737010666012836, 1.170812573650807 ], [ 103.736993016770711, 1.170812573040524 ], [ 103.736993016671434, 1.170815481476424 ], [ 103.73699301705436, 1.17083058526627 ], [ 103.736990541654691, 1.170831500397449 ], [ 103.736925516364053, 1.170855528014317 ], [ 103.736932471934949, 1.170768422589308 ], [ 103.736911868480533, 1.170766769602549 ], [ 103.73691053859757, 1.170769769333238 ], [ 103.736887864991346, 1.170820911259409 ], [ 103.736886838916249, 1.170820552191225 ], [ 103.736822532219776, 1.170798043951845 ], [ 103.736750348413054, 1.170695566112139 ], [ 103.736789502978311, 1.170624960123392 ], [ 103.736786354184574, 1.170585540579027 ], [ 103.736784733085813, 1.170565242968363 ], [ 103.736784399884812, 1.170561073836945 ], [ 103.736804193541516, 1.170569959902914 ], [ 103.736850851943927, 1.170590906598312 ], [ 103.736901323323849, 1.170672018979624 ], [ 103.736901417661187, 1.170672170916119 ], [ 103.736958939478171, 1.170598249255972 ], [ 103.736983404916643, 1.170566808064939 ], [ 103.736948943204595, 1.170532718665777 ], [ 103.736942696028166, 1.170529913111331 ], [ 103.736911821338154, 1.170516036380173 ], [ 103.736880374456035, 1.17044510599208 ], [ 103.736870118866406, 1.170421973804525 ], [ 103.736854153155051, 1.170403321640484 ], [ 103.736841571959005, 1.170388623474706 ], [ 103.736770742918196, 1.170343979786117 ], [ 103.73676937778238, 1.170326889964806 ], [ 103.736766381669341, 1.170289359642908 ], [ 103.736764294449372, 1.17026320716095 ], [ 103.736775740854654, 1.170119779885871 ], [ 103.736681520183183, 1.170182681494802 ], [ 103.736681051112441, 1.170184249646396 ], [ 103.736671529515519, 1.170216079325463 ], [ 103.736662619866962, 1.170245864257804 ], [ 103.736643396167011, 1.170280551391679 ], [ 103.736626829239995, 1.170317911918712 ], [ 103.736571816143751, 1.170388623165415 ], [ 103.736540569282297, 1.170459088344873 ], [ 103.73653919905523, 1.170459503400537 ], [ 103.73645433662476, 1.170485216957339 ], [ 103.736348999855167, 1.170517134642956 ], [ 103.736269472963002, 1.170561798430781 ], [ 103.736227167160408, 1.170585559130894 ], [ 103.736172319519369, 1.170521496568111 ], [ 103.736089772502126, 1.170469465606058 ], [ 103.736072078769524, 1.170352599406264 ], [ 103.736039152767546, 1.170313896887847 ], [ 103.735981274631754, 1.17024586405659 ], [ 103.735964174036624, 1.170151512028275 ], [ 103.735911783164397, 1.170106085783895 ], [ 103.735910698707244, 1.170105145207042 ], [ 103.735893126072639, 1.170046395274319 ], [ 103.735846475323171, 1.169986443328984 ], [ 103.735823293253546, 1.169956651851403 ], [ 103.735803650394374, 1.169848263094152 ], [ 103.735769987715543, 1.16983314546595 ], [ 103.735740825553719, 1.169820049249256 ], [ 103.735741945570012, 1.169806001796655 ], [ 103.735750436476593, 1.16969959367735 ], [ 103.73567542206581, 1.169634546452554 ], [ 103.735678436940518, 1.169596764023403 ], [ 103.735672946788455, 1.16952796883337 ], [ 103.735672844403837, 1.169526685536731 ], [ 103.735759827376711, 1.169471852447388 ], [ 103.735762189584321, 1.169470363041905 ], [ 103.7357700359847, 1.169372035395275 ], [ 103.735722458013214, 1.169389625426522 ], [ 103.735716332799541, 1.169367673575712 ], [ 103.735700639954004, 1.169383469558993 ], [ 103.735700963410807, 1.169383560911113 ], [ 103.735718890105076, 1.16938861874412 ], [ 103.735722458013214, 1.169389625426522 ], [ 103.735722089554713, 1.169391755191734 ], [ 103.735714497511864, 1.16943564101603 ], [ 103.735712292546609, 1.169436989346139 ], [ 103.735603168328709, 1.16950371314537 ], [ 103.735601007342524, 1.169506429780215 ], [ 103.735548416755307, 1.169572524311088 ], [ 103.735548125635674, 1.169572687990839 ], [ 103.735506955570543, 1.169595778586731 ], [ 103.735463965120104, 1.169541742211827 ], [ 103.735407308346637, 1.16951771487932 ], [ 103.735321589623496, 1.169466986071115 ], [ 103.735284025559665, 1.169377241962033 ], [ 103.735247728703044, 1.169381815865191 ], [ 103.735159388488739, 1.169347620549597 ], [ 103.735138216264545, 1.169321025161635 ], [ 103.73514208719358, 1.169289644759002 ], [ 103.735060869015882, 1.169266250514817 ], [ 103.735098861645199, 1.169201202733393 ], [ 103.735014610564789, 1.169165460190373 ], [ 103.734980148416753, 1.169145091785977 ], [ 103.734909213847459, 1.169165460091424 ], [ 103.734799868563272, 1.169181502368277 ], [ 103.734766052827894, 1.169201484912747 ], [ 103.734700142714658, 1.169220481469432 ], [ 103.734674776380928, 1.169217280027021 ], [ 103.734672447367359, 1.169220206467678 ], [ 103.734658681746808, 1.169237508279487 ], [ 103.734658230687231, 1.169237871818005 ], [ 103.734623179223533, 1.169266144624836 ], [ 103.734622603237099, 1.169267521046991 ], [ 103.734594387988992, 1.169334921418658 ], [ 103.734592858719679, 1.169335569793753 ], [ 103.734515292777516, 1.169368447021342 ], [ 103.734513060805895, 1.169371252280458 ], [ 103.734461834180181, 1.169435640301772 ], [ 103.734461624827603, 1.16943570088676 ], [ 103.734378325865919, 1.16945966810945 ], [ 103.734376062445108, 1.169462515872457 ], [ 103.734282882105703, 1.169579736269889 ], [ 103.73428242565484, 1.169580105234322 ], [ 103.734263012117012, 1.169595778083011 ], [ 103.734262435231855, 1.169597153600673 ], [ 103.734247092062148, 1.16963377257612 ], [ 103.73424533455443, 1.169634968083328 ], [ 103.734197014772889, 1.169667826443984 ], [ 103.734053320441902, 1.169487073268577 ], [ 103.734023794708946, 1.169490766545692 ], [ 103.734024112687905, 1.169493326812423 ], [ 103.734040309852432, 1.169623781039012 ], [ 103.73403749843925, 1.169623981707786 ], [ 103.734033194614042, 1.169624288134047 ], [ 103.733981367214056, 1.169627982425085 ], [ 103.733923326671814, 1.16963211872785 ], [ 103.733783293667358, 1.169657659311444 ], [ 103.733782516373381, 1.169660257522386 ], [ 103.733760897714888, 1.169732557060386 ], [ 103.733758947929445, 1.169733710055262 ], [ 103.733687062843615, 1.169776214418963 ], [ 103.73365382420954, 1.169737376209746 ], [ 103.733596931931331, 1.169741984624689 ], [ 103.733597146577793, 1.169744676020575 ], [ 103.733602969877126, 1.16981758607985 ], [ 103.733638436178225, 1.169848333021803 ], [ 103.733636225792125, 1.16987594951584 ], [ 103.733638383933908, 1.169902967476891 ], [ 103.733636662545322, 1.169924531982415 ], [ 103.733634434271806, 1.169924351029874 ], [ 103.733575034609203, 1.169919536782602 ], [ 103.733548191845799, 1.169921718053089 ], [ 103.733512191751032, 1.169918798380737 ], [ 103.733511283260313, 1.169921833394835 ], [ 103.733485496858805, 1.170008013868346 ], [ 103.733483643223892, 1.170008846721484 ], [ 103.733350540913591, 1.170068628570881 ], [ 103.733263607693729, 1.170061592210371 ], [ 103.733261128629309, 1.17006449693952 ], [ 103.733228075039747, 1.170103107586624 ], [ 103.733189623447785, 1.170136454639091 ], [ 103.73318859280954, 1.170138110493098 ], [ 103.733130179789782, 1.170231967842613 ], [ 103.733053696873441, 1.170330259542895 ], [ 103.733100203811048, 1.170390033365315 ], [ 103.733155161657209, 1.170460670714843 ], [ 103.733189623462209, 1.170516043466358 ], [ 103.733222091980409, 1.170557775619225 ], [ 103.73324463701735, 1.170586754974348 ], [ 103.733339451673373, 1.17075227513287 ], [ 103.733411723399385, 1.170854858864294 ], [ 103.733402189677719, 1.170974259027916 ], [ 103.733477082453916, 1.170946571887504 ], [ 103.733588149601132, 1.170846789213589 ], [ 103.73363700350906, 1.170802898545019 ], [ 103.733692022599016, 1.170768215429018 ], [ 103.733708641045993, 1.170748804747758 ], [ 103.733711118313394, 1.170745907253092 ], [ 103.733708487767217, 1.170713014524678 ], [ 103.733710486159012, 1.170709407086895 ], [ 103.733729339691578, 1.170675372010107 ], [ 103.733730665063788, 1.17067298001387 ], [ 103.733750071178591, 1.170664268061764 ], [ 103.73379938794001, 1.170642127368105 ], [ 103.733869640926144, 1.17058675474542 ], [ 103.733935490011405, 1.170566807722688 ], [ 103.734021802695949, 1.170590589251348 ], [ 103.734048592866699, 1.170627774049486 ], [ 103.734045779576789, 1.170630213019796 ], [ 103.734012802715, 1.170658802418123 ], [ 103.734012494493214, 1.170659831573719 ], [ 103.733993431467141, 1.170723554212775 ], [ 103.733982534072737, 1.170759978905846 ], [ 103.734032181884217, 1.170803035652401 ], [ 103.734041637412417, 1.170811235860706 ], [ 103.734074282179648, 1.170849370449929 ], [ 103.734066435713444, 1.17094766281515 ], [ 103.734070027232207, 1.170992693051321 ], [ 103.734066435240891, 1.171037723031479 ], [ 103.734067903640465, 1.171056156741721 ], [ 103.734067416606365, 1.171057490661741 ], [ 103.734012060050532, 1.171209223837741 ], [ 103.734014907940775, 1.17124486041517 ], [ 103.73401270654233, 1.171272441639573 ], [ 103.734061647900788, 1.171322334450926 ], [ 103.734098362006947, 1.171359762876799 ], [ 103.734099840885634, 1.171361270504819 ], [ 103.734120173523692, 1.171271210108688 ], [ 103.73414656232795, 1.17119888089479 ], [ 103.734138016862801, 1.171091758636717 ], [ 103.734140175111904, 1.171064740829517 ], [ 103.734136574607021, 1.171019710593035 ], [ 103.734139449277336, 1.170983687151408 ], [ 103.734134339958601, 1.170919691436989 ], [ 103.734134172013114, 1.170917584262148 ], [ 103.734177920458563, 1.170904318795117 ], [ 103.734188561510877, 1.170901092401966 ], [ 103.734210977534886, 1.170894295093056 ], [ 103.734291873260929, 1.170864392450839 ], [ 103.734352942259818, 1.170820805165117 ], [ 103.734386478687441, 1.170823514023249 ], [ 103.734417971529822, 1.170811876877055 ], [ 103.734472353962516, 1.170791782023245 ], [ 103.734509724518318, 1.17076232729845 ], [ 103.734549658565342, 1.170730850505304 ], [ 103.734632275425724, 1.17071194498383 ], [ 103.734633594434641, 1.17071164297286 ], [ 103.7346570300667, 1.170658802699116 ], [ 103.734680760055753, 1.170615980983654 ], [ 103.734681574148311, 1.170614511420431 ], [ 103.734722974697632, 1.170578628613289 ], [ 103.734768480978389, 1.170631785141846 ], [ 103.734956267420728, 1.17066056141698 ], [ 103.735120985050145, 1.170865025920087 ], [ 103.735226862312416, 1.170897110167437 ], [ 103.735247571236926, 1.170966343605277 ], [ 103.735283265518873, 1.171030757308576 ], [ 103.735301257017326, 1.171110439676197 ], [ 103.735329960472768, 1.171189136663579 ], [ 103.735412079367649, 1.171124406055977 ], [ 103.735463406058798, 1.171128557083749 ], [ 103.735523164289177, 1.171106463753014 ], [ 103.735578532158129, 1.171118609501502 ], [ 103.735579295877656, 1.171118776835716 ], [ 103.735587649712713, 1.171130948968818 ], [ 103.7356561956516, 1.171175877482026 ], [ 103.735657316954672, 1.171176612769576 ], [ 103.735680332388924, 1.171114692653177 ], [ 103.735681547274581, 1.17111142432296 ], [ 103.735742441639559, 1.171128802914216 ], [ 103.735769010286631, 1.171233025507498 ], [ 103.735769310345134, 1.171234201191674 ], [ 103.735786733399806, 1.171201484612401 ], [ 103.735801343202013, 1.171144141188419 ], [ 103.735828508095892, 1.171102776513462 ], [ 103.735829828960988, 1.171100765253366 ], [ 103.735839320973909, 1.171093393207318 ], [ 103.735839930173526, 1.171092920246074 ], [ 103.735878265521464, 1.171042916568713 ], [ 103.735880413034138, 1.171040114923031 ], [ 103.735939349932337, 1.171020872110686 ], [ 103.73600265604415, 1.171059323374796 ], [ 103.736073459137273, 1.171048769202738 ], [ 103.736112796642303, 1.171145548416484 ], [ 103.736245562975981, 1.171162441148243 ], [ 103.73624717667569, 1.171162646495215 ], [ 103.736266518404165, 1.171092729854963 ], [ 103.736267107893767, 1.171090598288667 ], [ 103.736314083058886, 1.171071249240738 ], [ 103.7363935280585, 1.171083069336297 ], [ 103.736457836756472, 1.17107351063355 ], [ 103.736468550530006, 1.171071917516121 ], [ 103.736471390704281, 1.171071495276737 ], [ 103.736468906032925, 1.1710545772458 ], [ 103.736463237820161, 1.171015986916039 ], [ 103.736463107567957, 1.171015102443144 ], [ 103.736518190704032, 1.170972308026812 ], [ 103.736520795526047, 1.170970284149853 ], [ 103.736513205868519, 1.170918631114159 ], [ 103.736512886975419, 1.170916458819821 ], [ 103.736595111283151, 1.170894788583912 ], [ 103.736631495142845, 1.171026289855504 ], [ 103.736731762855015, 1.170986642382406 ], [ 103.736783203071013, 1.170955402897947 ], [ 103.736869376178618, 1.170989492281904 ], [ 103.736885645498674, 1.17101070561654 ], [ 103.736883334456266, 1.171013613068044 ], [ 103.73687588556767, 1.1710229829296 ], [ 103.736875737315756, 1.171022963932812 ], [ 103.736823012640443, 1.171016334019826 ], [ 103.736773197767107, 1.171022595921131 ], [ 103.736772264132298, 1.171025310790674 ], [ 103.736752418775239, 1.171083034777364 ], [ 103.736842131362096, 1.171108856585873 ], [ 103.736840886593697, 1.171118953771198 ], [ 103.736839265248989, 1.171132110408225 ], [ 103.736837070190802, 1.171132742482888 ], [ 103.736728014524616, 1.171164123764092 ], [ 103.736728276814134, 1.171166244507687 ], [ 103.736736777866781, 1.171235046132258 ], [ 103.736734200896365, 1.171237122463504 ], [ 103.736694775404814, 1.171268888703557 ], [ 103.736692751894566, 1.171271433514732 ], [ 103.736638197087331, 1.171340022233538 ], [ 103.736638141384873, 1.171339888385665 ], [ 103.736617413777822, 1.171290361958953 ], [ 103.736592157201585, 1.171230015559276 ], [ 103.736418509560721, 1.171251755867621 ], [ 103.736416213792907, 1.171254641614466 ], [ 103.736369000944521, 1.171313997927039 ], [ 103.736366685408726, 1.171316908995355 ], [ 103.736366438317418, 1.171317015701735 ], [ 103.736343424683568, 1.171326934873152 ], [ 103.736344207225784, 1.171328438858358 ], [ 103.736358048610171, 1.171355030366263 ], [ 103.736359520256784, 1.171357858364924 ], [ 103.736366064422981, 1.171320455890816 ], [ 103.736366685408726, 1.171316908995355 ], [ 103.736402474955398, 1.171329222258034 ], [ 103.736511279259403, 1.171291755513787 ], [ 103.736537204543623, 1.171345545295521 ], [ 103.736534618780553, 1.171472930355222 ], [ 103.736532210813294, 1.171472516976978 ], [ 103.736349794717697, 1.171441198821158 ], [ 103.736322121701733, 1.171470186352883 ], [ 103.736213964383012, 1.171505507054818 ], [ 103.736215054204138, 1.171507250707349 ], [ 103.736318251194135, 1.171672399379523 ], [ 103.736356653594882, 1.171632153789682 ], [ 103.736431869489735, 1.171614282551184 ], [ 103.736500723746516, 1.171734632332534 ], [ 103.736497237525001, 1.171735771710382 ], [ 103.736429142992421, 1.171758026652469 ], [ 103.736411597539089, 1.171770585854088 ], [ 103.736412889575718, 1.171770797520351 ], [ 103.736584529185592, 1.171798940980282 ], [ 103.736608095096869, 1.17185026809545 ], [ 103.736604249516759, 1.171850189282109 ], [ 103.736465589399046, 1.171847347468892 ], [ 103.736447387778696, 1.17186750602174 ], [ 103.736447467742579, 1.171867583799862 ], [ 103.736503668889711, 1.171921929011144 ], [ 103.736608444575296, 1.171956158324367 ], [ 103.736627729520748, 1.171996158126787 ], [ 103.736626071676241, 1.172077970488608 ], [ 103.736625981673612, 1.172082418149516 ], [ 103.736627423123025, 1.172153587154594 ], [ 103.736624938685921, 1.172155992677512 ], [ 103.736610365417988, 1.172170103872793 ], [ 103.736608094831141, 1.172172302303665 ], [ 103.736607632070331, 1.172173261818191 ], [ 103.736590549456963, 1.172208677942192 ], [ 103.736588541241062, 1.17221062044706 ], [ 103.736551840758608, 1.172246109142113 ], [ 103.736465108538567, 1.172244349848364 ], [ 103.736416735019731, 1.172245334825427 ], [ 103.736415806769514, 1.172248211576169 ], [ 103.736393702191791, 1.172316749868959 ], [ 103.736391984238978, 1.172317310515005 ], [ 103.736331349129244, 1.172337119407627 ], [ 103.736330683260434, 1.172339435461575 ], [ 103.736272060744341, 1.172543251823815 ], [ 103.736223295056305, 1.172712802162132 ], [ 103.736206877476889, 1.172769882354554 ], [ 103.736140880058102, 1.172999340801437 ], [ 103.736161065108377, 1.173018864924755 ], [ 103.736178610287141, 1.173118739920636 ], [ 103.736175746740415, 1.173119432563679 ], [ 103.736070190854448, 1.173144949131023 ], [ 103.736035632160238, 1.173108748929678 ], [ 103.735673866550911, 1.173455374579388 ], [ 103.735635587545289, 1.173485922661827 ], [ 103.735369613037705, 1.173698183889019 ], [ 103.735370021834626, 1.173698790731897 ], [ 103.735394403203287, 1.173734977017131 ], [ 103.73540995545666, 1.173758059656199 ], [ 103.735487049613212, 1.173756477021104 ], [ 103.73551648828149, 1.173803194806236 ], [ 103.735513194320035, 1.173804802650094 ], [ 103.735462802819029, 1.173829404107567 ], [ 103.735445257132952, 1.173848154579719 ], [ 103.735445508713482, 1.173848149162388 ], [ 103.735552173469586, 1.17384593812968 ], [ 103.735570173837274, 1.173903632686207 ], [ 103.735567548332284, 1.173906058098981 ], [ 103.735514032776479, 1.173955487865903 ], [ 103.735409466448473, 1.17391946425534 ], [ 103.735344290804619, 1.173898180456041 ], [ 103.735373684687801, 1.173811744157963 ], [ 103.735373308868247, 1.173792993054559 ], [ 103.735356926483064, 1.17379333794417 ], [ 103.735319815658983, 1.173794118910605 ], [ 103.735249056042079, 1.173792641395655 ], [ 103.735138541192484, 1.173872657457243 ], [ 103.735104505104701, 1.173897300182173 ], [ 103.735010013837822, 1.173959649142888 ], [ 103.73482235840909, 1.174083470771549 ], [ 103.734823056516106, 1.174084285628552 ], [ 103.734942165077925, 1.174223306924435 ], [ 103.734965345467529, 1.174250363612852 ], [ 103.735489881250174, 1.174105142130557 ], [ 103.736309171971484, 1.173886641165377 ], [ 103.73687654034488, 1.17386511172474 ], [ 103.737078927698036, 1.174051000893568 ], [ 103.737030589610413, 1.174170963153292 ], [ 103.737029232868693, 1.174171096952194 ], [ 103.736840732927021, 1.174189643446056 ], [ 103.736760378732342, 1.17419882537825 ], [ 103.736742134110273, 1.174162519940603 ], [ 103.736678094523725, 1.174130471561717 ], [ 103.736676430385387, 1.1741337841905 ], [ 103.736670903325376, 1.174144789208202 ], [ 103.736669993150613, 1.174144581172726 ], [ 103.736608960228196, 1.174130612045051 ], [ 103.736520663598498, 1.174182854098717 ], [ 103.736497403315482, 1.174100991130051 ], [ 103.736384579406931, 1.174126777857917 ], [ 103.73635707297305, 1.1741184395628 ], [ 103.736314982592575, 1.174094798913176 ], [ 103.736251030043903, 1.174118439476465 ], [ 103.736153768049519, 1.174147920162543 ], [ 103.735879241658921, 1.174176099582152 ], [ 103.735821545067139, 1.174208500027613 ], [ 103.735768244235686, 1.174232456576264 ], [ 103.73567741318783, 1.174225104519831 ], [ 103.73563298105725, 1.174234849291923 ], [ 103.735584162553451, 1.174215535778321 ], [ 103.735464130101903, 1.174263027862449 ], [ 103.735354452185675, 1.174278718334541 ], [ 103.735304226691952, 1.174309218962612 ], [ 103.735228032678592, 1.174340599523416 ], [ 103.735153393483586, 1.174385910060655 ], [ 103.735047629844701, 1.174415566756678 ], [ 103.735045467053212, 1.174418387392474 ], [ 103.735017286068782, 1.17445513071745 ], [ 103.734980689335359, 1.174502847300721 ], [ 103.734980162800611, 1.174503216262713 ], [ 103.734844081420164, 1.174598465420453 ], [ 103.734763910938881, 1.174620945072745 ], [ 103.73469427868126, 1.174677584745771 ], [ 103.734675588150367, 1.17467480497021 ], [ 103.734645022766856, 1.174679343792891 ], [ 103.734642824931598, 1.17468221054964 ], [ 103.734579768802845, 1.174764443058743 ], [ 103.734579457019748, 1.174764530770994 ], [ 103.734508179090213, 1.174784495694429 ], [ 103.734506017196438, 1.174787315425379 ], [ 103.734458477995531, 1.174849331419404 ], [ 103.734458044909189, 1.174849575582349 ], [ 103.734398212504971, 1.174883280012776 ], [ 103.734392087293529, 1.174861327255398 ], [ 103.734376394408045, 1.174877123227362 ], [ 103.734376718763897, 1.174877214579714 ], [ 103.734394646387614, 1.174882274232576 ], [ 103.734398212504971, 1.174883280012776 ], [ 103.734396168320117, 1.174885946005895 ], [ 103.734366564030779, 1.174924545027845 ], [ 103.734366207320463, 1.174924692426512 ], [ 103.734297482633252, 1.174953005621914 ], [ 103.73423197417614, 1.1749927935045 ], [ 103.734229956048807, 1.174995425132568 ], [ 103.73421235269501, 1.175018378174275 ], [ 103.734205692694971, 1.175027063451162 ], [ 103.734203672770533, 1.175029696887869 ], [ 103.734203068062413, 1.175030166231338 ], [ 103.734163268742122, 1.175061077790127 ], [ 103.734161399772802, 1.175063514985117 ], [ 103.734116188685491, 1.175122466164702 ], [ 103.73411590655428, 1.175122514085927 ], [ 103.733994417617353, 1.175143292031988 ], [ 103.733950832740561, 1.175153459143808 ], [ 103.733944707532245, 1.175131507290114 ], [ 103.733929014642868, 1.17514730235481 ], [ 103.73392933899872, 1.175147393707216 ], [ 103.733947265724623, 1.175152452458641 ], [ 103.733950832740561, 1.175153459143808 ], [ 103.733950832658181, 1.175155789690594 ], [ 103.73395083308769, 1.175169059427816 ], [ 103.733950833002439, 1.175171471367367 ], [ 103.73394835852892, 1.175171471278764 ], [ 103.733932937545163, 1.175171470726538 ], [ 103.733909030688949, 1.17518343189669 ], [ 103.73386135687592, 1.175189483098696 ], [ 103.733849858248917, 1.175127465905655 ], [ 103.733846563173614, 1.175109695933693 ], [ 103.733783965597311, 1.175105931533927 ], [ 103.733745544924204, 1.175126934016204 ], [ 103.733688215395944, 1.175144769639782 ], [ 103.733652398792017, 1.175185121087921 ], [ 103.733505174220653, 1.175176291009953 ], [ 103.733457754119897, 1.175198207476549 ], [ 103.73325887028362, 1.175338433749267 ], [ 103.733199234333895, 1.175405626767479 ], [ 103.733181338875553, 1.175405626121676 ], [ 103.733175213673022, 1.175383674266775 ], [ 103.733159520778116, 1.175399470230962 ], [ 103.733159845133954, 1.175399561583458 ], [ 103.733177772758125, 1.175404620339896 ], [ 103.733181338875553, 1.175405626121676 ], [ 103.733179893981202, 1.175408534505002 ], [ 103.733163443930579, 1.175441650826286 ], [ 103.733161697191804, 1.175443095032951 ], [ 103.733063893294414, 1.175523970605311 ], [ 103.732983775750839, 1.175522317244182 ], [ 103.732949400722504, 1.17545100778332 ], [ 103.732716064266242, 1.175477674460375 ], [ 103.732635360779682, 1.175504516681237 ], [ 103.732520492562614, 1.175534137674228 ], [ 103.732023001249132, 1.175431589068109 ], [ 103.732023727109905, 1.175435156811514 ], [ 103.732036046980824, 1.175495686359426 ], [ 103.732032923798997, 1.175495406796863 ], [ 103.731953875671863, 1.175488333590334 ], [ 103.731890919147403, 1.175447067862762 ], [ 103.731848147424103, 1.175456706821493 ], [ 103.731760392379286, 1.175436900747199 ], [ 103.731705885413234, 1.175394403580956 ], [ 103.731663252959351, 1.175404008176106 ], [ 103.731573200211628, 1.175365943802704 ], [ 103.731496665216085, 1.175383217064853 ], [ 103.731494758494861, 1.175385997914864 ], [ 103.731481295533555, 1.17540562664612 ], [ 103.731480952313134, 1.175405427673396 ], [ 103.73146655502542, 1.175397071723927 ], [ 103.731407450135094, 1.175362768827629 ], [ 103.731390491273544, 1.175352926913308 ], [ 103.73137620660107, 1.17533624448621 ], [ 103.731373924503615, 1.175333578336657 ], [ 103.731365963896309, 1.175305575310598 ], [ 103.731292408154047, 1.175253509263625 ], [ 103.731278982109743, 1.175221450867308 ], [ 103.731259965174971, 1.17517604384955 ], [ 103.731204907080269, 1.175143467529627 ], [ 103.731192007428277, 1.175139752831131 ], [ 103.731093988224075, 1.175111524919754 ], [ 103.731109055731835, 1.175072082534067 ], [ 103.731119442499306, 1.175044894110938 ], [ 103.731097492211148, 1.175017313811626 ], [ 103.730968285189959, 1.174913287270194 ], [ 103.730946581215235, 1.174907049974269 ], [ 103.73092654484195, 1.17490129114834 ], [ 103.730933236081839, 1.174873882829157 ], [ 103.730937134362534, 1.174857914614151 ], [ 103.730944094054109, 1.174761950976085 ], [ 103.730944439251743, 1.174757195841821 ], [ 103.730954051116584, 1.174765533529874 ], [ 103.730975458851077, 1.174813834602794 ], [ 103.731017214543073, 1.174848593571536 ], [ 103.731113779863364, 1.174928977924068 ], [ 103.731137708491516, 1.174936230901664 ], [ 103.731141287183561, 1.174937315366087 ] ] ] ] } },
{ "type": "Feature", "properties": { "OBJECTID": 0, "ISLAND": "Pulau Hantu" }, "geometry": { "type": "MultiPolygon", "coordinates": [ [ [ [ 103.746188894301085, 1.228512280564393 ], [ 103.746286758825079, 1.228552754074946 ], [ 103.746390582571848, 1.228585840025667 ], [ 103.746522349079086, 1.228656004012161 ], [ 103.746663825155338, 1.228693310947261 ], [ 103.746796849892803, 1.228698623000707 ], [ 103.746834690369539, 1.22869154034864 ], [ 103.747002566263262, 1.228660120059235 ], [ 103.747136674575884, 1.228638630391243 ], [ 103.747181047288549, 1.228631519910894 ], [ 103.747272147408111, 1.228599366385065 ], [ 103.747450627529204, 1.228570766218069 ], [ 103.747521527599986, 1.228552050883023 ], [ 103.747742552548317, 1.228525438054668 ], [ 103.747880793858243, 1.228481393635972 ], [ 103.748013303594675, 1.228434641358885 ], [ 103.748171879757521, 1.228404175703242 ], [ 103.748201544497462, 1.228371934258463 ], [ 103.748255911757795, 1.228354626468195 ], [ 103.74830891567882, 1.228317900122798 ], [ 103.748506444266852, 1.228264567937413 ], [ 103.748541553602351, 1.228245853239292 ], [ 103.748614496494554, 1.228211220222882 ], [ 103.748719823595991, 1.228155108679469 ], [ 103.748801374026925, 1.228129129793914 ], [ 103.748819269836346, 1.22812912945907 ], [ 103.748819269503571, 1.228111118139353 ], [ 103.748876388604316, 1.22810387057192 ], [ 103.748896862645353, 1.228063134132177 ], [ 103.748944535573983, 1.228057083641246 ], [ 103.749082603402471, 1.228042607342789 ], [ 103.749186627383651, 1.227994552720087 ], [ 103.749282988934539, 1.227941836756869 ], [ 103.74936557963251, 1.227922505868219 ], [ 103.749366445819874, 1.227922032008703 ], [ 103.749385066152584, 1.227911842219936 ], [ 103.749400356515963, 1.227903473715583 ], [ 103.749500614503802, 1.227864689599581 ], [ 103.749561413844532, 1.227831428092945 ], [ 103.749570136794716, 1.227827400329252 ], [ 103.74959821772147, 1.227814436247375 ], [ 103.749632993703514, 1.227795404091439 ], [ 103.749777169050347, 1.227742390270427 ], [ 103.749829840497796, 1.227705346449907 ], [ 103.74993822670092, 1.227688355943809 ], [ 103.750223535846231, 1.227525231120226 ], [ 103.750349815363037, 1.227472215802119 ], [ 103.750384592234383, 1.227453183635655 ], [ 103.750444219433135, 1.227434662305422 ], [ 103.750594721402877, 1.227346468861114 ], [ 103.750694612163699, 1.2272685474136 ], [ 103.750921448273019, 1.227164998405939 ], [ 103.750978768043936, 1.227147180586926 ], [ 103.751010924452331, 1.227110963598621 ], [ 103.751083518121433, 1.227093971934875 ], [ 103.751118295881653, 1.227074940662461 ], [ 103.751155099739549, 1.227057948793852 ], [ 103.751207771155848, 1.227020904943602 ], [ 103.751253015990045, 1.226994398516669 ], [ 103.751274165330372, 1.226994398265226 ], [ 103.751275974049122, 1.226994398321057 ], [ 103.75127495597259, 1.226996187122369 ], [ 103.751266226393, 1.227011526681504 ], [ 103.751261129720234, 1.227020483348986 ], [ 103.751253012549356, 1.227048326668864 ], [ 103.751230092851586, 1.227057332525927 ], [ 103.751253012000348, 1.227066338894196 ], [ 103.75126984162317, 1.227083963666824 ], [ 103.751344324754385, 1.227011936959694 ], [ 103.751370976834693, 1.227005057377358 ], [ 103.751414072672759, 1.226940364095203 ], [ 103.751467688014131, 1.226976017599532 ], [ 103.751510853726899, 1.226947715036283 ], [ 103.751527840422739, 1.226941319894101 ], [ 103.751580232765406, 1.226921595509729 ], [ 103.751588009607389, 1.226886715318799 ], [ 103.751521443935161, 1.226850304465415 ], [ 103.75155111908191, 1.226798990838678 ], [ 103.751572629856, 1.226761794992949 ], [ 103.751744626514878, 1.226660672441145 ], [ 103.751818218038991, 1.226626672405593 ], [ 103.751887788811644, 1.226588627022782 ], [ 103.751924592658554, 1.226571635142699 ], [ 103.751976757932638, 1.226543087763764 ], [ 103.75203196280269, 1.226517598132682 ], [ 103.752022808547736, 1.226522395505957 ], [ 103.75212581139661, 1.226514423063569 ], [ 103.752186079895836, 1.226502920483627 ], [ 103.752267132411987, 1.226478867766703 ], [ 103.752370004985607, 1.226470503720927 ], [ 103.752548732933775, 1.226471555505504 ], [ 103.752640176544915, 1.226426585143616 ], [ 103.752761756898167, 1.226307359233468 ], [ 103.752855280398663, 1.226208003163355 ], [ 103.752982056373256, 1.226075181184062 ], [ 103.753105715872067, 1.22592562384006 ], [ 103.753183652587893, 1.225831497225887 ], [ 103.753302114720043, 1.225722730167906 ], [ 103.753453830055378, 1.225585724418268 ], [ 103.753571253540414, 1.225474865520547 ], [ 103.753673090075367, 1.225375509666249 ], [ 103.753831039205622, 1.225271972798261 ], [ 103.753991065575718, 1.225172618667546 ], [ 103.754120957523327, 1.225100457869211 ], [ 103.754288258523488, 1.224992736755544 ], [ 103.754383859369014, 1.224921620370413 ], [ 103.754454521178687, 1.22484213515851 ], [ 103.754592727716684, 1.224717680610319 ], [ 103.754662351132595, 1.224627737290579 ], [ 103.754681576577596, 1.22457126029708 ], [ 103.75465790793578, 1.224597739389819 ], [ 103.754662708876666, 1.224592329623361 ], [ 103.754698959888387, 1.22455148416803 ], [ 103.754722416818666, 1.22454419206527 ], [ 103.754808340201947, 1.224517483290489 ], [ 103.754865835572318, 1.224452736105688 ], [ 103.754965290660664, 1.224363293768866 ], [ 103.754975706002142, 1.224187293894892 ], [ 103.754935389014747, 1.224141878237812 ], [ 103.754876286490116, 1.224104042410231 ], [ 103.754823614638227, 1.224066998994193 ], [ 103.754768915147437, 1.224050007990966 ], [ 103.754752033444845, 1.224030976047138 ], [ 103.75460972760655, 1.224011821024868 ], [ 103.754572068107422, 1.223977961410545 ], [ 103.754555185508195, 1.223958929465554 ], [ 103.754464696404128, 1.2239059147525 ], [ 103.754435039995613, 1.223872494894393 ], [ 103.754215177175453, 1.223778813400757 ], [ 103.754133128853624, 1.223753325973352 ], [ 103.75405398104094, 1.223724724902937 ], [ 103.75400305654621, 1.223727785565871 ], [ 103.753916464167943, 1.223680417803003 ], [ 103.753802575106675, 1.223653751030079 ], [ 103.753707051086792, 1.22361925843106 ], [ 103.753623622476496, 1.223599717143648 ], [ 103.753559678684795, 1.22356473170069 ], [ 103.753498355400481, 1.223545681236443 ], [ 103.753409893815018, 1.223508638530973 ], [ 103.753203714908224, 1.223434621868659 ], [ 103.753075878560225, 1.223364704321372 ], [ 103.752863968201709, 1.223315083596661 ], [ 103.752801457193726, 1.223292498824984 ], [ 103.752664726516031, 1.223250003128872 ], [ 103.752505295242628, 1.223192432791665 ], [ 103.75237146575526, 1.223184393453866 ], [ 103.752326518221651, 1.223187102469057 ], [ 103.752210915548048, 1.223166417044732 ], [ 103.75203095014264, 1.223149425791438 ], [ 103.75194248769462, 1.223112383039372 ], [ 103.751792650513423, 1.223094722555627 ], [ 103.751691954732252, 1.223058346842453 ], [ 103.751494093562712, 1.223041355910118 ], [ 103.751344483920278, 1.222987320967752 ], [ 103.751136190834472, 1.22300431298985 ], [ 103.751113681296459, 1.223029676100085 ], [ 103.750978995501939, 1.223081794082358 ], [ 103.750970120859208, 1.223110724425442 ], [ 103.750966692673529, 1.223121897741703 ], [ 103.750959439838567, 1.223121898422046 ], [ 103.750948797794877, 1.223121898093307 ], [ 103.750936301707895, 1.223105592921502 ], [ 103.750869422430412, 1.223132065217668 ], [ 103.750785433667133, 1.223155599606945 ], [ 103.750768828858924, 1.223162171108938 ], [ 103.750739951947182, 1.223173599571937 ], [ 103.750708365971505, 1.223186099622472 ], [ 103.750539183183591, 1.223215017756958 ], [ 103.750442052238014, 1.223253449321478 ], [ 103.750269077383521, 1.223204972720968 ], [ 103.750225195538391, 1.223147754932354 ], [ 103.750204993749222, 1.223132065389406 ], [ 103.750189405093039, 1.223111731174691 ], [ 103.75013341320431, 1.223078030098524 ], [ 103.750082033551223, 1.223039685254163 ], [ 103.750022870268921, 1.223023098268371 ], [ 103.749954460571757, 1.222969960201588 ], [ 103.749946667143547, 1.222959793997984 ], [ 103.749901264834222, 1.222879409054921 ], [ 103.749877750469395, 1.222826377296655 ], [ 103.749798533763652, 1.222819957447455 ], [ 103.749794602126812, 1.222869155650644 ], [ 103.749793116302442, 1.222887747526911 ], [ 103.749795326698887, 1.22291541571979 ], [ 103.749747713158072, 1.222921689612501 ], [ 103.749731924342214, 1.22292377006009 ], [ 103.749704574627543, 1.222915274508173 ], [ 103.749635012572753, 1.222877228430259 ], [ 103.749407162562434, 1.222771973154714 ], [ 103.749340056528752, 1.222751111878549 ], [ 103.749276103833594, 1.222716126337496 ], [ 103.749096138714108, 1.222663111343929 ], [ 103.749009799342488, 1.222631925228934 ], [ 103.748900304277086, 1.222572033853908 ], [ 103.74881826413889, 1.222546546268884 ], [ 103.748726359420417, 1.222513354088736 ], [ 103.74861807887882, 1.222519845797698 ], [ 103.748542400475785, 1.222573053478851 ], [ 103.74846110272064, 1.222598312503168 ], [ 103.74823099966963, 1.222795331796804 ], [ 103.748180053880418, 1.222875953347216 ], [ 103.748163788104179, 1.222901694654347 ], [ 103.748087916924618, 1.222969942798153 ], [ 103.748007694659336, 1.223081196037309 ], [ 103.747914050286738, 1.223165415585114 ], [ 103.74788027829743, 1.223203460205991 ], [ 103.747851923867543, 1.223228947901392 ], [ 103.747826593750787, 1.223257496062298 ], [ 103.747807683908292, 1.223274486652778 ], [ 103.747790802853814, 1.223293519362837 ], [ 103.747771893909331, 1.223310510857433 ], [ 103.747755011955931, 1.223329541758472 ], [ 103.747691487262102, 1.2233702089824 ], [ 103.747603645928578, 1.22346914994647 ], [ 103.747557151445847, 1.22349062619916 ], [ 103.747540269489747, 1.223509658907369 ], [ 103.747440142196524, 1.223568319987638 ], [ 103.747436019756222, 1.223569601339039 ], [ 103.747315068182957, 1.223607192767808 ], [ 103.747230808707684, 1.223637621906585 ], [ 103.747152264026326, 1.223632925717659 ], [ 103.747074994425418, 1.223653751632733 ], [ 103.74687791099214, 1.223676987410487 ], [ 103.746766625815113, 1.223737847515956 ], [ 103.746681300638187, 1.223797844792583 ], [ 103.746607701052, 1.22383184559182 ], [ 103.746573929934954, 1.223869891098462 ], [ 103.746519230317247, 1.223886883226643 ], [ 103.746479420783047, 1.223908659021665 ], [ 103.746415625460301, 1.224009608414092 ], [ 103.746410058858288, 1.224018417645049 ], [ 103.746376068738527, 1.224048987666435 ], [ 103.746345172078549, 1.224083797448066 ], [ 103.746194879929831, 1.224354447061817 ], [ 103.746205330286926, 1.224530904248549 ], [ 103.746255599346128, 1.224652535652903 ], [ 103.746305501594534, 1.224697406413247 ], [ 103.746322383237796, 1.224716438406727 ], [ 103.746383172517127, 1.224771106499682 ], [ 103.74644764999519, 1.224860531239826 ], [ 103.746466558763203, 1.224877522148448 ], [ 103.746491888868945, 1.224906070137539 ], [ 103.746510789550896, 1.224923061045638 ], [ 103.746510789869703, 1.224941073269058 ], [ 103.746516528705484, 1.224941073456167 ], [ 103.746528683859836, 1.224941072948071 ], [ 103.74653669735639, 1.22498103706695 ], [ 103.746562705442614, 1.224994163857811 ], [ 103.746600265590587, 1.225013120556909 ], [ 103.746609457670615, 1.225061596590684 ], [ 103.746650734872958, 1.22514010941583 ], [ 103.74670904335008, 1.225251017123401 ], [ 103.746718852450755, 1.225307711135233 ], [ 103.746738708716151, 1.225422479226446 ], [ 103.746754855397555, 1.225832648746401 ], [ 103.746751920234814, 1.225907316583465 ], [ 103.746831373755484, 1.226124370213087 ], [ 103.746890627379557, 1.226211033750934 ], [ 103.746892311124483, 1.226213496389586 ], [ 103.746913090146194, 1.226301302697361 ], [ 103.746943892124875, 1.226389742385588 ], [ 103.746947849735463, 1.226401104946988 ], [ 103.746960423252901, 1.226720407443763 ], [ 103.746913676200776, 1.226854632575604 ], [ 103.746895876826954, 1.226985744016968 ], [ 103.746796500459723, 1.227214935630796 ], [ 103.746769928800603, 1.227291237787992 ], [ 103.746729637783531, 1.227419342387544 ], [ 103.746684285814879, 1.227478860739235 ], [ 103.746662556908873, 1.227507377349117 ], [ 103.746651694498468, 1.227541908335659 ], [ 103.746644164137734, 1.227565844803445 ], [ 103.746581688227565, 1.227624119093403 ], [ 103.746539990089431, 1.227669414624574 ], [ 103.746465815634252, 1.227749988343201 ], [ 103.746343720721114, 1.227822229487138 ], [ 103.746130402603811, 1.228065121166429 ], [ 103.746116557857874, 1.228131711764782 ], [ 103.746091851014313, 1.228250549842014 ], [ 103.746087263884746, 1.228367185548571 ], [ 103.746188894301085, 1.228512280564393 ] ] ], [ [ [ 103.745088627660877, 1.226840789211575 ], [ 103.745107581025479, 1.226922808441827 ], [ 103.745111084948377, 1.226931983333266 ], [ 103.745120892339017, 1.226957660368064 ], [ 103.745201495152571, 1.227168691914115 ], [ 103.745267579911811, 1.227291079907916 ], [ 103.745312204352075, 1.227388947162118 ], [ 103.74533644909603, 1.227416257051902 ], [ 103.745397258624863, 1.227484757420947 ], [ 103.745434239683703, 1.227518014830631 ], [ 103.745491767474249, 1.227569749984958 ], [ 103.745546432264149, 1.227631329952703 ], [ 103.745589694408082, 1.227651312405279 ], [ 103.745663747235156, 1.227691820419869 ], [ 103.74573522155886, 1.227669609782766 ], [ 103.745663211693611, 1.227692561980881 ], [ 103.745629701129971, 1.227673996990103 ], [ 103.745639571741151, 1.227689946683688 ], [ 103.745668146722522, 1.22770903513841 ], [ 103.74568814875461, 1.227733613705382 ], [ 103.745721660251974, 1.227751133250452 ], [ 103.745762445423793, 1.227763685362112 ], [ 103.745792579247009, 1.227757933694242 ], [ 103.74583102721212, 1.22774773825396 ], [ 103.745868955832918, 1.227737541891622 ], [ 103.745903506361344, 1.227716886445031 ], [ 103.745965076411366, 1.227663810428193 ], [ 103.746010279518202, 1.22762354600027 ], [ 103.746072628164683, 1.227555566083275 ], [ 103.746151604800573, 1.227459870658782 ], [ 103.74623421812629, 1.227352148210354 ], [ 103.746279420629691, 1.227302470249469 ], [ 103.74631371402387, 1.227230828540069 ], [ 103.74633709631199, 1.22717121451765 ], [ 103.746358399902476, 1.227124673916705 ], [ 103.746380743378879, 1.227041004674656 ], [ 103.746396851811767, 1.226964133334557 ], [ 103.746405167187078, 1.226893536218725 ], [ 103.746414520962688, 1.226831829941865 ], [ 103.746409847618906, 1.226752866127426 ], [ 103.746406733475339, 1.226665535185725 ], [ 103.746399983089688, 1.226548397183155 ], [ 103.746397909169303, 1.226413478627464 ], [ 103.746376609433895, 1.226340789652997 ], [ 103.746350634162965, 1.226257118830177 ], [ 103.74633297102541, 1.226203255221013 ], [ 103.746356872393207, 1.226151484765585 ], [ 103.74638960781725, 1.226049513337839 ], [ 103.746406236821528, 1.225962183040873 ], [ 103.746419747021051, 1.225904136861332 ], [ 103.746415592143663, 1.225852366392747 ], [ 103.746417155625636, 1.225711172571461 ], [ 103.746408844556086, 1.22564842027167 ], [ 103.74639429908909, 1.2255725933739 ], [ 103.746376117453764, 1.225492582768117 ], [ 103.746333515988553, 1.225409434124542 ], [ 103.746295071088511, 1.225325762893792 ], [ 103.746270134231651, 1.225278698057117 ], [ 103.746205711830683, 1.225180906136215 ], [ 103.746183372170506, 1.225146913969458 ], [ 103.746118430195366, 1.225056443762938 ], [ 103.746095051731785, 1.225026112428106 ], [ 103.745994260174385, 1.224923612999391 ], [ 103.745927238210115, 1.22488648212527 ], [ 103.745879439297923, 1.224872361620994 ], [ 103.745765656382119, 1.224871312436803 ], [ 103.745711101153177, 1.224923603697099 ], [ 103.745696032406755, 1.224969621776737 ], [ 103.745684501077193, 1.225072444900689 ], [ 103.745759061509617, 1.224974297604909 ], [ 103.745803224943316, 1.224935340853178 ], [ 103.745803527745068, 1.224935306497297 ], [ 103.745921164856142, 1.224922532598746 ], [ 103.745981949412482, 1.225039672375382 ], [ 103.746069490171038, 1.225180869117614 ], [ 103.746214961282661, 1.22534455386723 ], [ 103.746235743386862, 1.225363902516542 ], [ 103.746249510851442, 1.225380375962208 ], [ 103.746270812274432, 1.225400509616455 ], [ 103.746339650208697, 1.225519742348725 ], [ 103.746358868008315, 1.225677931662583 ], [ 103.746318080960606, 1.225752187679693 ], [ 103.746153121368792, 1.225742507391593 ], [ 103.746089478047168, 1.225670339750401 ], [ 103.74607129342327, 1.22565517477417 ], [ 103.746051551031073, 1.225631903025443 ], [ 103.746018819860183, 1.225602355466844 ], [ 103.74598219216297, 1.225562088350381 ], [ 103.745941668694499, 1.225515545721915 ], [ 103.745889194077009, 1.225467694989606 ], [ 103.745856983109618, 1.225439455157068 ], [ 103.74582710935033, 1.225406247728141 ], [ 103.745700861320358, 1.225265311065945 ], [ 103.745676669608443, 1.22515489101074 ], [ 103.74567563377046, 1.225150165673382 ], [ 103.745626793804504, 1.225208733407441 ], [ 103.745593020429354, 1.225259980808375 ], [ 103.745574313435071, 1.225365613554481 ], [ 103.745563401212195, 1.225412154492431 ], [ 103.745565477834091, 1.225462879447669 ], [ 103.745550436664558, 1.225544823396852 ], [ 103.745492728535254, 1.225541367725814 ], [ 103.745410741345779, 1.225599007387349 ], [ 103.745347942359615, 1.225618515161935 ], [ 103.745303369949013, 1.225689065856111 ], [ 103.745227910334123, 1.225723911226428 ], [ 103.74517810368161, 1.225833158586427 ], [ 103.745152449425021, 1.225880667607545 ], [ 103.745105509797114, 1.225994243347913 ], [ 103.745103497799363, 1.226000804443768 ], [ 103.74508862842552, 1.226049298674295 ], [ 103.745080484658345, 1.226064373251678 ], [ 103.745069719753531, 1.226084300560588 ], [ 103.745064321398985, 1.226113415483808 ], [ 103.745051352586174, 1.226183364914259 ], [ 103.745009961217406, 1.226299473960349 ], [ 103.745038927137273, 1.226671876740361 ], [ 103.745088627660877, 1.226840789211575 ] ] ], [ [ [ 103.751743800759215, 1.226661226791183 ], [ 103.751572344084479, 1.226763194940248 ], [ 103.751522463739562, 1.226850785618657 ], [ 103.751545842813911, 1.22686359756386 ], [ 103.751572341870116, 1.226836144589176 ], [ 103.751628715312094, 1.226794572691195 ], [ 103.751749254831751, 1.226718488598798 ], [ 103.751838880999841, 1.226635866807358 ], [ 103.751901749291733, 1.226582267959879 ], [ 103.751817838854834, 1.226626976260413 ], [ 103.751743800759215, 1.226661226791183 ] ] ], [ [ [ 103.746358172624241, 1.225675786487787 ], [ 103.746358075608839, 1.225675024105531 ], [ 103.746337936795726, 1.225517832275384 ], [ 103.746269710711886, 1.225399860246885 ], [ 103.746250801941827, 1.225382868432377 ], [ 103.746233921193792, 1.225363836438321 ], [ 103.746214539817743, 1.225346405087091 ], [ 103.746068652743986, 1.225181116885976 ], [ 103.74598237438002, 1.225040647294001 ], [ 103.745920248350444, 1.224923061621769 ], [ 103.745803527745068, 1.224935306497297 ], [ 103.745760353583847, 1.224974142096744 ], [ 103.745681292326708, 1.225076811065707 ], [ 103.74567884072161, 1.225118225441993 ], [ 103.745676669608443, 1.22515489101074 ], [ 103.745701949460098, 1.225264262039235 ], [ 103.74585610261191, 1.225437905047789 ], [ 103.745906950978778, 1.225483633184335 ], [ 103.745941166459772, 1.225514402588999 ], [ 103.746017160372617, 1.225600010395866 ], [ 103.746054968028432, 1.225634010306238 ], [ 103.746071850573699, 1.22565304320586 ], [ 103.746090759344355, 1.225670034117281 ], [ 103.746154283182321, 1.225741605778478 ], [ 103.746282072028478, 1.225749269022852 ], [ 103.746317366664314, 1.225751385485225 ], [ 103.746358172624241, 1.225675786487787 ] ] ], [ [ [ 103.74463238115419, 1.224526265399245 ], [ 103.744742528950781, 1.224490709462797 ], [ 103.744829817123104, 1.224413317776598 ], [ 103.744838134052458, 1.224296179369577 ], [ 103.744796572460885, 1.224206232633973 ], [ 103.744732148714078, 1.224151844739899 ], [ 103.744605376548463, 1.224160207699463 ], [ 103.744501462340921, 1.224233416139724 ], [ 103.744470285854405, 1.224333819426454 ], [ 103.744480674391085, 1.224419581537885 ], [ 103.744528471479427, 1.224488610540811 ], [ 103.74463238115419, 1.224526265399245 ] ] ] ] } },
{ "type": "Feature", "properties": { "OBJECTID": 0, "ISLAND": "Terumbu Raya" }, "geometry": { "type": "MultiPolygon", "coordinates": [ [ [ [ 103.755434497234333, 1.21679385973534 ], [ 103.755524392493527, 1.216554782726582 ], [ 103.755556636093061, 1.216322319468609 ], [ 103.755591342543823, 1.216151718433484 ], [ 103.755610670916894, 1.215980449530834 ], [ 103.755628216128216, 1.215763957826601 ], [ 103.755668112899102, 1.215449720334545 ], [ 103.755711890520942, 1.214845994048623 ], [ 103.755736951157346, 1.213832343177413 ], [ 103.75573361336167, 1.213668181015916 ], [ 103.755771377990214, 1.213445390989808 ], [ 103.755746946611097, 1.213062273416879 ], [ 103.755717692381481, 1.212918460518251 ], [ 103.755696547152951, 1.212809474933153 ], [ 103.755646111717567, 1.212684308515507 ], [ 103.75562763989511, 1.212627054469525 ], [ 103.755583303380902, 1.212540390644458 ], [ 103.755540960705147, 1.212452583759611 ], [ 103.755502949772648, 1.212396121371244 ], [ 103.755433326957544, 1.212289246977406 ], [ 103.755413473936429, 1.212270039507779 ], [ 103.755360138406772, 1.212197639961384 ], [ 103.755075335695579, 1.211876666378656 ], [ 103.755038023847561, 1.211819394598682 ], [ 103.754966093949207, 1.211765710329237 ], [ 103.754922247784805, 1.211719784515427 ], [ 103.75486749566133, 1.211666822426843 ], [ 103.754841177182016, 1.211639276523731 ], [ 103.754761925459107, 1.211580140526243 ], [ 103.754682566610356, 1.211496994548802 ], [ 103.754608190126561, 1.211441499661359 ], [ 103.754519064130022, 1.211369101766764 ], [ 103.754393448193852, 1.211279395071182 ], [ 103.75436352948806, 1.211248050727213 ], [ 103.754214845651262, 1.211170972798396 ], [ 103.754145676342304, 1.211137183705819 ], [ 103.754084074557511, 1.21109516149938 ], [ 103.753981858384378, 1.211045242992875 ], [ 103.753856941919878, 1.210972843119142 ], [ 103.753797209294305, 1.210953336925859 ], [ 103.753695884534409, 1.210900796682668 ], [ 103.753538864934001, 1.210833692708901 ], [ 103.75350403601611, 1.210797212324592 ], [ 103.753391317224612, 1.21077506652072 ], [ 103.753266802690945, 1.210724232109949 ], [ 103.753141098569216, 1.210702650233457 ], [ 103.753105168783833, 1.210703388933947 ], [ 103.753026055603513, 1.210701771381845 ], [ 103.752734577618526, 1.210737618922282 ], [ 103.752603928144367, 1.210774714756134 ], [ 103.752539651983128, 1.210808046801003 ], [ 103.752371290573791, 1.210828749885011 ], [ 103.752335850852575, 1.210847113749828 ], [ 103.752245482426929, 1.210891244923621 ], [ 103.752121474842113, 1.210955553261046 ], [ 103.752049177580673, 1.210990855661886 ], [ 103.751987575126094, 1.211032876907543 ], [ 103.751798102771659, 1.211125397614762 ], [ 103.751709517825105, 1.211171324891147 ], [ 103.751673378174274, 1.211188984225441 ], [ 103.751548514267441, 1.211253713942399 ], [ 103.751404950587002, 1.211315066187242 ], [ 103.751369509056559, 1.21133343003835 ], [ 103.751270701906066, 1.211372671925818 ], [ 103.751154941867043, 1.211432670265693 ], [ 103.751100732829855, 1.211459160159366 ], [ 103.751047395950394, 1.211495535686669 ], [ 103.751009246286173, 1.21151418070726 ], [ 103.750832653422918, 1.21165764006445 ], [ 103.750762121733885, 1.211692080622884 ], [ 103.750635807119082, 1.211801734554651 ], [ 103.750564819870547, 1.211836403897679 ], [ 103.750513178832819, 1.211890508626391 ], [ 103.750467829260785, 1.211912655116278 ], [ 103.750367378485223, 1.212017874826687 ], [ 103.750298208948635, 1.2120516642714 ], [ 103.750242111754929, 1.212089921678311 ], [ 103.750186033137851, 1.212108249604981 ], [ 103.750117867886175, 1.212179646167201 ], [ 103.750062810887243, 1.212197640412227 ], [ 103.750009474676077, 1.212270039465971 ], [ 103.749991229807478, 1.212287699329884 ], [ 103.749973684859626, 1.212306062810883 ], [ 103.749902672289139, 1.212374749802713 ], [ 103.749866313402848, 1.212450156391212 ], [ 103.749831414079196, 1.212483909806757 ], [ 103.749794732309795, 1.212540214398212 ], [ 103.749759832984026, 1.21257396962139 ], [ 103.749721911203466, 1.212632190521329 ], [ 103.74961797338365, 1.212732697447864 ], [ 103.749597884918856, 1.212774366318358 ], [ 103.749589059277881, 1.212788487694255 ], [ 103.749496071053855, 1.212937263599102 ], [ 103.749543849723253, 1.21307775177258 ], [ 103.749490513958804, 1.21313460117136 ], [ 103.749485469548986, 1.213139480060169 ], [ 103.74945401521822, 1.213169902802928 ], [ 103.749418296090681, 1.213243990839954 ], [ 103.749391915819842, 1.213269512989343 ], [ 103.749363919666081, 1.213277357476507 ], [ 103.749293448456626, 1.213329951300849 ], [ 103.749259737534004, 1.213373906879694 ], [ 103.749248753766238, 1.213413607230065 ], [ 103.749239300233342, 1.213422102533753 ], [ 103.749213968432002, 1.213450650717302 ], [ 103.74915030421684, 1.213507904035829 ], [ 103.749128036619283, 1.213556740825825 ], [ 103.749115046812634, 1.213585227898087 ], [ 103.749079055812643, 1.213617593068322 ], [ 103.749061361377656, 1.213675286441689 ], [ 103.749022696845898, 1.213693140095741 ], [ 103.748988295777565, 1.213768599183263 ], [ 103.748949569618929, 1.213803426849891 ], [ 103.748899291557734, 1.21394444190931 ], [ 103.748881595944653, 1.21403990063439 ], [ 103.748842215377806, 1.214112826438006 ], [ 103.748878389852848, 1.214248758972626 ], [ 103.748835608739597, 1.214368755027666 ], [ 103.748864514051434, 1.214394733804495 ], [ 103.748895271473558, 1.214527799333388 ], [ 103.748948004416789, 1.214643433024297 ], [ 103.748971885377017, 1.214664909716274 ], [ 103.749027536657451, 1.214752998366379 ], [ 103.749154935458733, 1.214834543476267 ], [ 103.749186626995439, 1.214863038279242 ], [ 103.749230473895267, 1.214912430611216 ], [ 103.74929399854399, 1.214953096441983 ], [ 103.749313108393594, 1.214974626339413 ], [ 103.749484169729698, 1.215053656859261 ], [ 103.749518527750652, 1.215092352972641 ], [ 103.749635624078749, 1.215119776051083 ], [ 103.74974036491011, 1.215206280867696 ], [ 103.749782560375337, 1.215225769426092 ], [ 103.749938226323181, 1.215313331213639 ], [ 103.749990897939639, 1.215350374712408 ], [ 103.750088483169066, 1.215373223795233 ], [ 103.750129646321781, 1.215419589123049 ], [ 103.750188758475403, 1.215457425041135 ], [ 103.750210096576509, 1.215481469134991 ], [ 103.750374456043701, 1.215557386571827 ], [ 103.750403500648773, 1.215583506418918 ], [ 103.750498796594741, 1.215690854708215 ], [ 103.75056405114411, 1.215694777141867 ], [ 103.75061820835046, 1.215691523099989 ], [ 103.750635124466626, 1.215728620650827 ], [ 103.750663488020791, 1.215754107419282 ], [ 103.750765197365169, 1.21586870347438 ], [ 103.750831972204836, 1.215872713671958 ], [ 103.750841427023474, 1.21588120956231 ], [ 103.750855896739125, 1.215909985075126 ], [ 103.750913007051196, 1.215917232598337 ], [ 103.750921779876322, 1.215926413975725 ], [ 103.750940024592992, 1.215944074060721 ], [ 103.750957570243642, 1.215962437719681 ], [ 103.750975815859277, 1.215980097804472 ], [ 103.750995264505249, 1.216000463784529 ], [ 103.751024275747099, 1.216030843181085 ], [ 103.751069242729159, 1.216064404620885 ], [ 103.751101081800627, 1.216088167773102 ], [ 103.751148738444954, 1.216138086533972 ], [ 103.751210864112764, 1.216180460624553 ], [ 103.751334959841572, 1.216241056839898 ], [ 103.751512670981725, 1.216358342963482 ], [ 103.751530216638983, 1.216376706619069 ], [ 103.751584251388167, 1.216412378209877 ], [ 103.751687219153112, 1.216482613386645 ], [ 103.75178246242794, 1.216521503052604 ], [ 103.751995841749419, 1.21655647226434 ], [ 103.752115165676742, 1.216581061934017 ], [ 103.752155500404569, 1.216538812151851 ], [ 103.752210583733572, 1.216574483762501 ], [ 103.752292282993764, 1.216636873816403 ], [ 103.752461115944385, 1.216664541615137 ], [ 103.752591730245413, 1.216732260746761 ], [ 103.75265761412804, 1.216754952330721 ], [ 103.752729544272952, 1.216772612210969 ], [ 103.752793436427524, 1.216816199073218 ], [ 103.752937855799232, 1.21687515892929 ], [ 103.753058053862347, 1.216904656570752 ], [ 103.75309587211639, 1.21694424987605 ], [ 103.753176923740696, 1.216970740232718 ], [ 103.753301840980754, 1.21702512792439 ], [ 103.753450996426707, 1.217054431070705 ], [ 103.753532031428662, 1.217096452068098 ], [ 103.753677692863533, 1.21711520297317 ], [ 103.753744677255341, 1.217113813146327 ], [ 103.753841965260477, 1.217133882977763 ], [ 103.753943376305841, 1.217131789666966 ], [ 103.753999754009939, 1.217151208946844 ], [ 103.754232741336878, 1.217168869029217 ], [ 103.754511549750674, 1.217204734393067 ], [ 103.754554679383176, 1.217205613799279 ], [ 103.754626260587187, 1.217204153545203 ], [ 103.754715736537165, 1.217205982988048 ], [ 103.754838433438906, 1.2172034670253 ], [ 103.754876635064036, 1.217223272822776 ], [ 103.755006707887929, 1.217220599708876 ], [ 103.755150132770083, 1.217245211656159 ], [ 103.755153085278579, 1.217245718186438 ], [ 103.755199080951471, 1.217223256017348 ], [ 103.755234522538714, 1.217204892119913 ], [ 103.755305508981991, 1.217170222660233 ], [ 103.755392153258427, 1.216968664030747 ], [ 103.755434497234333, 1.21679385973534 ] ] ], [ [ [ 103.749968485542311, 1.216955736626438 ], [ 103.749952792552676, 1.216939958596669 ], [ 103.749946666697483, 1.216961910043609 ], [ 103.749968485542311, 1.216955736626438 ] ] ] ] } },
{ "type": "Feature", "properties": { "OBJECTID": 0, "ISLAND": "Pulau Semakau" }, "geometry": { "type": "MultiPolygon", "coordinates": [ [ [ [ 103.767505609855377, 1.209957657494022 ], [ 103.767606795525268, 1.209789646160489 ], [ 103.767634783214362, 1.209756953149613 ], [ 103.767689089105389, 1.209693518705522 ], [ 103.767711440097003, 1.209674135093735 ], [ 103.767757541732038, 1.209570145111733 ], [ 103.767791129766536, 1.209541016336943 ], [ 103.767815683610152, 1.209496726570125 ], [ 103.767832249933349, 1.209441354522324 ], [ 103.767866974608637, 1.209411240920733 ], [ 103.767891003155682, 1.209277876629878 ], [ 103.767906487388672, 1.209083951339802 ], [ 103.767859476002442, 1.209057554502674 ], [ 103.767910273740867, 1.209083254166324 ], [ 103.76789429352111, 1.209277497780843 ], [ 103.767870007090778, 1.209411281690757 ], [ 103.767879592371344, 1.209413853937007 ], [ 103.767905794935317, 1.209334098637672 ], [ 103.767939027276512, 1.209224757212637 ], [ 103.767961394750557, 1.209154649583611 ], [ 103.767968425405684, 1.209088400507518 ], [ 103.767977373318743, 1.209029227228334 ], [ 103.767986960012848, 1.208972626882515 ], [ 103.768011883553925, 1.208910881072004 ], [ 103.768034251153423, 1.208872932655836 ], [ 103.768112214854611, 1.208772597070564 ], [ 103.768205515895872, 1.208683838627257 ], [ 103.768293703717461, 1.208623380346391 ], [ 103.768395949978995, 1.208550058715015 ], [ 103.768535260438199, 1.208492174573238 ], [ 103.76860938838837, 1.208466448980382 ], [ 103.768733361843942, 1.208420142138995 ], [ 103.768870115262018, 1.208394418036815 ], [ 103.769019648948046, 1.208376412081847 ], [ 103.769128284018421, 1.2083622640709 ], [ 103.769225416557092, 1.208376416976583 ], [ 103.769342998328923, 1.20839185637051 ], [ 103.769486139894966, 1.20845489218302 ], [ 103.769606275634743, 1.208530792035502 ], [ 103.769726411860219, 1.208586109442734 ], [ 103.769856772873425, 1.208654290771394 ], [ 103.770026753689621, 1.208728904866856 ], [ 103.770144333543655, 1.208789368032525 ], [ 103.770329650686648, 1.208881991991124 ], [ 103.770465123520879, 1.208943741568089 ], [ 103.770645328203557, 1.209033793373144 ], [ 103.770770576897874, 1.209094255786628 ], [ 103.770898381927566, 1.209152146239976 ], [ 103.771001903912975, 1.209202318276499 ], [ 103.771079865136244, 1.209246056971934 ], [ 103.771191055101866, 1.209293655355984 ], [ 103.77131374790045, 1.209338681986409 ], [ 103.771430051723044, 1.209368271860302 ], [ 103.771519515441909, 1.209384996523578 ], [ 103.771579584551944, 1.209390143735921 ], [ 103.771380208812232, 1.209274364177714 ], [ 103.770938005961824, 1.208973339747307 ], [ 103.77071051547388, 1.208793240156484 ], [ 103.770449793926986, 1.208633722214246 ], [ 103.77012517038699, 1.208463911984486 ], [ 103.769759648305921, 1.208296673672843 ], [ 103.769578165177464, 1.208242640826369 ], [ 103.76935067075506, 1.208198898550272 ], [ 103.769263762728713, 1.208209187257031 ], [ 103.769246508354698, 1.208218834611933 ], [ 103.769160877877354, 1.20823491308956 ], [ 103.76915996951513, 1.208233439857589 ], [ 103.769243296231821, 1.20821620464264 ], [ 103.7692533760967, 1.208201506239678 ], [ 103.769273206959099, 1.208172588739193 ], [ 103.769565822511822, 1.208233647530526 ], [ 103.769636692392922, 1.208248436473709 ], [ 103.769765118952506, 1.208275234927848 ], [ 103.770065414616852, 1.208353751706729 ], [ 103.770070809655124, 1.208376814946446 ], [ 103.770196897943919, 1.208418802134023 ], [ 103.770203661720302, 1.208389897886099 ], [ 103.770223129688802, 1.208394988106911 ], [ 103.770230975406335, 1.20843825581959 ], [ 103.770338905496914, 1.208486732298656 ], [ 103.770391262801397, 1.208524092833667 ], [ 103.770428381797984, 1.208540767474515 ], [ 103.770454816105001, 1.208577819015638 ], [ 103.770483622411362, 1.208618196865843 ], [ 103.770633512033854, 1.20871254731529 ], [ 103.770637181562321, 1.208712547400546 ], [ 103.770651407723975, 1.208712546826662 ], [ 103.770651407482987, 1.208723057355429 ], [ 103.770651407310979, 1.20873055906221 ], [ 103.770661562308774, 1.208730559298072 ], [ 103.770687197792952, 1.208730558988937 ], [ 103.770702338849617, 1.208760684639324 ], [ 103.770705232829229, 1.208766441893403 ], [ 103.770720997960694, 1.208774469402025 ], [ 103.770740883626502, 1.208784594228338 ], [ 103.770747233208482, 1.208793851454667 ], [ 103.770755773293047, 1.208806300235477 ], [ 103.770830359533804, 1.208856641627274 ], [ 103.770833639982257, 1.208857687149071 ], [ 103.770909017518846, 1.208881706112509 ], [ 103.771035804639212, 1.208974070021014 ], [ 103.771077606626051, 1.208993910943032 ], [ 103.771227548188605, 1.209097759907105 ], [ 103.771367215241369, 1.209162840312787 ], [ 103.771411429021441, 1.209214501364347 ], [ 103.771499437302197, 1.209263910646564 ], [ 103.771573673533524, 1.209297259898796 ], [ 103.771599357178673, 1.209313394356644 ], [ 103.771625286114883, 1.209329681657534 ], [ 103.771661821853598, 1.209352632561374 ], [ 103.771698939971301, 1.209369307185595 ], [ 103.771751297312022, 1.209406667695838 ], [ 103.771806311126241, 1.209423341822841 ], [ 103.771862915675243, 1.209463728432902 ], [ 103.771967368967651, 1.209495389914045 ], [ 103.772089454145103, 1.20959162163765 ], [ 103.772145166681995, 1.209622895841023 ], [ 103.772173530113932, 1.209620609345609 ], [ 103.772243869779118, 1.209641928629777 ], [ 103.772306048840562, 1.209676843949593 ], [ 103.772343166966962, 1.209693518565351 ], [ 103.77241209198742, 1.209732216089486 ], [ 103.772546340709823, 1.209772901070832 ], [ 103.772663952891392, 1.209838949489903 ], [ 103.772745721719645, 1.209857647264683 ], [ 103.772986066383936, 1.209965031520057 ], [ 103.773225291584907, 1.210028635423797 ], [ 103.773272390198628, 1.210055090052097 ], [ 103.773418137249791, 1.210095018294124 ], [ 103.77355013145845, 1.210143811712895 ], [ 103.773595831136461, 1.210127137141144 ], [ 103.773598876277717, 1.210123580341346 ], [ 103.773604113848776, 1.210117462428644 ], [ 103.773597926824152, 1.210110983421168 ], [ 103.77362708519054, 1.210120356000999 ], [ 103.773802280685899, 1.210176672871837 ], [ 103.773804777442336, 1.21018647081669 ], [ 103.773814732124578, 1.210225533271179 ], [ 103.77392678703859, 1.210250809125906 ], [ 103.77393692349537, 1.210236030217503 ], [ 103.773944122616996, 1.21022553341233 ], [ 103.773940632884461, 1.210221147165474 ], [ 103.773954277620987, 1.210225532731697 ], [ 103.773962709216377, 1.210228243299173 ], [ 103.77396708460563, 1.210245416381356 ], [ 103.773973604564731, 1.21027100191341 ], [ 103.774123634088696, 1.210304844740946 ], [ 103.774136653966949, 1.210285862406874 ], [ 103.774140970564218, 1.210279569026059 ], [ 103.774140464716865, 1.210278831957529 ], [ 103.774143849402805, 1.210279568184923 ], [ 103.774159748531417, 1.210283030443043 ], [ 103.774161731383131, 1.210290804407607 ], [ 103.774174524236059, 1.210340956246235 ], [ 103.774312139149629, 1.210326301316619 ], [ 103.774312617160135, 1.210326250682636 ], [ 103.774318541249286, 1.210317607796619 ], [ 103.774523205588636, 1.210362173044551 ], [ 103.774821499145787, 1.210427126506533 ], [ 103.774867749547823, 1.210455355453601 ], [ 103.77487448831458, 1.210459469555965 ], [ 103.774874669812036, 1.210459579892424 ], [ 103.774874669809876, 1.210459681181295 ], [ 103.774857263796946, 1.210459685325449 ], [ 103.77485677770089, 1.2104596853149 ], [ 103.774856777696584, 1.210459886083932 ], [ 103.774856778334922, 1.210639802255831 ], [ 103.774874669546477, 1.210639802644081 ], [ 103.774874669162983, 1.210657708165717 ], [ 103.774885216495406, 1.210798707029434 ], [ 103.775152937165373, 1.210784224898105 ], [ 103.775173488901913, 1.210783112972983 ], [ 103.775436061078508, 1.210768910150982 ], [ 103.775612772020608, 1.210760618203125 ], [ 103.776057996975453, 1.21073972873545 ], [ 103.776207588936714, 1.210732710421968 ], [ 103.776815267190088, 1.210704197758545 ], [ 103.776825245405774, 1.210693731751924 ], [ 103.777057883283078, 1.210693732099466 ], [ 103.77705788304462, 1.210748873945629 ], [ 103.777057883701616, 1.210804161394539 ], [ 103.776875580101404, 1.210827113980748 ], [ 103.776763613039549, 1.210895555782119 ], [ 103.776797271208011, 1.21094721562506 ], [ 103.776808082158567, 1.210945862017569 ], [ 103.77691472618325, 1.210932510400094 ], [ 103.776968411367548, 1.210939230051439 ], [ 103.77700420197479, 1.210934762332769 ], [ 103.777031341525316, 1.210938156981947 ], [ 103.777060454420365, 1.210931496942204 ], [ 103.777066201287397, 1.211020081421002 ], [ 103.777068019302206, 1.211048108634147 ], [ 103.777800359296705, 1.211063148048973 ], [ 103.778102167414445, 1.211068873459172 ], [ 103.778731259223051, 1.21108080762578 ], [ 103.778943623876927, 1.211085170057708 ], [ 103.778947036165292, 1.21105357523061 ], [ 103.779012721214372, 1.2110503579211 ], [ 103.779102081238108, 1.211045981690816 ], [ 103.779148636623233, 1.211012402650484 ], [ 103.779147163208918, 1.211004898199953 ], [ 103.779137189811195, 1.210954110668831 ], [ 103.779241100693824, 1.210933442590766 ], [ 103.779267943700091, 1.210938772552713 ], [ 103.779285838579412, 1.210935219661689 ], [ 103.779369162865194, 1.210951789299425 ], [ 103.779409752026211, 1.210922514912289 ], [ 103.779419109286493, 1.210915764919089 ], [ 103.779382410492829, 1.210864228039378 ], [ 103.779358430112467, 1.210860957375085 ], [ 103.779266475521069, 1.210848414701351 ], [ 103.779162040736026, 1.21082744851783 ], [ 103.779033838338648, 1.210812390972367 ], [ 103.77903085280235, 1.210801019426503 ], [ 103.779072088456161, 1.210793798902754 ], [ 103.77908004050542, 1.210783790455303 ], [ 103.779386879673055, 1.210774802707093 ], [ 103.779400397834479, 1.210773994475422 ], [ 103.779723282869938, 1.210754694535611 ], [ 103.78016051564228, 1.210728558912209 ], [ 103.780184512530852, 1.210622349852041 ], [ 103.780207714163879, 1.210519662373267 ], [ 103.78022949069917, 1.210512056188213 ], [ 103.780308092562052, 1.21047346576702 ], [ 103.780427592411257, 1.210418153532776 ], [ 103.780548371214309, 1.21034354578557 ], [ 103.780628890070332, 1.210280514926856 ], [ 103.780743278264751, 1.210178248849247 ], [ 103.780860862415281, 1.210078556651454 ], [ 103.780973333877483, 1.209985939196561 ], [ 103.781104338165051, 1.209841866437404 ], [ 103.781176550808382, 1.209701651460222 ], [ 103.781231510170144, 1.209562080055266 ], [ 103.781274966940913, 1.209459812580985 ], [ 103.781300529011446, 1.209399353557184 ], [ 103.781326731948823, 1.209279720130976 ], [ 103.781370189182354, 1.209105415455829 ], [ 103.781397670752924, 1.208935613305667 ], [ 103.781427070785554, 1.208711139610639 ], [ 103.781473723201387, 1.208532332160195 ], [ 103.781508232902141, 1.208411412883236 ], [ 103.781546577527777, 1.208286633849062 ], [ 103.781556805047686, 1.208110399520056 ], [ 103.781579813344905, 1.207964394742535 ], [ 103.781591958007994, 1.207802954053409 ], [ 103.781611131093314, 1.207675601731241 ], [ 103.781628387187055, 1.207525094913068 ], [ 103.781655230583212, 1.207317987685346 ], [ 103.781678239485743, 1.20713918067994 ], [ 103.78169613579766, 1.206962945590549 ], [ 103.781721698403203, 1.206872256348742 ], [ 103.781733841450489, 1.206795716546435 ], [ 103.781769630643126, 1.206624627634669 ], [ 103.781805419371025, 1.206477980092739 ], [ 103.781820117372746, 1.206423309694803 ], [ 103.781857183332761, 1.206300460543288 ], [ 103.781885303974818, 1.206162817616772 ], [ 103.781908310936942, 1.206038038281462 ], [ 103.781928762502773, 1.205914545808729 ], [ 103.781951769834194, 1.205769827935526 ], [ 103.781962635907419, 1.205654696135303 ], [ 103.781968390154674, 1.205501617078619 ], [ 103.78197606103636, 1.205342748312768 ], [ 103.781978620014911, 1.205198030050308 ], [ 103.781983094189798, 1.205172301852642 ], [ 103.781742181470619, 1.205076461702369 ], [ 103.781745373385633, 1.205246264448352 ], [ 103.781723645404568, 1.205302222528397 ], [ 103.781705109056062, 1.205542776053517 ], [ 103.781706384705473, 1.205650832331626 ], [ 103.781709577998654, 1.205747311868783 ], [ 103.781687211521572, 1.205784616501677 ], [ 103.781687849612467, 1.205824494492318 ], [ 103.781707658403988, 1.205862442933818 ], [ 103.781700626588943, 1.206008448020801 ], [ 103.781664838093178, 1.206142873972135 ], [ 103.781671865375699, 1.206285020401398 ], [ 103.781649496235161, 1.206415587682615 ], [ 103.781652690654781, 1.206452249799722 ], [ 103.781632879468319, 1.206541010140517 ], [ 103.781614984322431, 1.206655497895481 ], [ 103.781616262335277, 1.206685728131442 ], [ 103.781597087983869, 1.206833018991724 ], [ 103.781597087315433, 1.206868395040465 ], [ 103.781576636393268, 1.207004108194165 ], [ 103.781582385465725, 1.207078718423054 ], [ 103.7815612936907, 1.207320558805529 ], [ 103.78152614532604, 1.207385520483705 ], [ 103.781507610205196, 1.207559182639931 ], [ 103.78148460216444, 1.207691679820554 ], [ 103.781479490120759, 1.207712905170622 ], [ 103.781473737689467, 1.207768219645312 ], [ 103.781446896786804, 1.207842829247976 ], [ 103.781431557099324, 1.207999124941755 ], [ 103.781420691026952, 1.208112326821404 ], [ 103.781418774046386, 1.208136124246911 ], [ 103.781422606366874, 1.208222312120157 ], [ 103.781402154573442, 1.208355453256091 ], [ 103.781398958995652, 1.208379894564855 ], [ 103.781366366730481, 1.208500170873609 ], [ 103.781365088072519, 1.208504029774712 ], [ 103.781366365923674, 1.208542621769662 ], [ 103.781347833374497, 1.208579926471601 ], [ 103.781331215959369, 1.208690555320761 ], [ 103.781328659407066, 1.208705348875174 ], [ 103.781320351780892, 1.208751015533208 ], [ 103.781313321137986, 1.208786390541397 ], [ 103.781301178398351, 1.208845563817539 ], [ 103.78127561697049, 1.208872577613199 ], [ 103.781282643898606, 1.208985136832775 ], [ 103.781257721030514, 1.209026943339756 ], [ 103.781259637637476, 1.209070037276141 ], [ 103.781241743264161, 1.209142075033706 ], [ 103.781241742209772, 1.209197389618035 ], [ 103.781204676558048, 1.209300299314826 ], [ 103.781205314701879, 1.209336961382144 ], [ 103.781174000740094, 1.209423792483136 ], [ 103.781129267803635, 1.209446303072552 ], [ 103.781111374456756, 1.209464312251805 ], [ 103.781042999136105, 1.209428934879178 ], [ 103.781043636612978, 1.209500329086229 ], [ 103.780917747659672, 1.209499683638829 ], [ 103.780899215467798, 1.209517692804174 ], [ 103.780900488697696, 1.20974988584219 ], [ 103.7808992109493, 1.209753101739449 ], [ 103.7808282778484, 1.209749241433427 ], [ 103.780812940546809, 1.209778827437215 ], [ 103.780882594705034, 1.209801341152283 ], [ 103.780897930956471, 1.209826425823911 ], [ 103.78089793087004, 1.209830927753117 ], [ 103.780756063824185, 1.209960206686571 ], [ 103.780598220040034, 1.210102349892017 ], [ 103.780542623991977, 1.210128076180432 ], [ 103.780478081090749, 1.210171811817595 ], [ 103.780389892781756, 1.210267645649835 ], [ 103.780314485804482, 1.210318456821382 ], [ 103.780246748379625, 1.210331319176182 ], [ 103.78024674760421, 1.210371197152381 ], [ 103.780242620749007, 1.210370181469139 ], [ 103.780243228157346, 1.210369520390276 ], [ 103.780243227794074, 1.210341996040435 ], [ 103.780243228024091, 1.210330166945784 ], [ 103.780304816897498, 1.210318335446237 ], [ 103.78038759893596, 1.210264528258479 ], [ 103.780474279506009, 1.210170371993904 ], [ 103.780538153024423, 1.210126116333815 ], [ 103.780596976577172, 1.210098184362309 ], [ 103.78075037446051, 1.209958836462547 ], [ 103.780803038179272, 1.209910995673996 ], [ 103.780896057553718, 1.209826496327947 ], [ 103.780878861369118, 1.209801905403444 ], [ 103.780807280802662, 1.209779109488865 ], [ 103.780825263387868, 1.209746463165301 ], [ 103.780896004226818, 1.209749277117292 ], [ 103.780897122516947, 1.20972120383921 ], [ 103.780894991380904, 1.209667169794843 ], [ 103.780897122794372, 1.20961313402462 ], [ 103.780896057675619, 1.209586116098055 ], [ 103.780897122933027, 1.209559099117292 ], [ 103.780895410297106, 1.209515864104062 ], [ 103.780914616429044, 1.20949500258447 ], [ 103.780959039813595, 1.209496779620525 ], [ 103.780985882932654, 1.209495706660391 ], [ 103.781039149483007, 1.209497834760418 ], [ 103.781039917192516, 1.209478046363593 ], [ 103.781038365315098, 1.20943863591326 ], [ 103.781037803118679, 1.20942436321309 ], [ 103.781075707488057, 1.209441670781832 ], [ 103.781090767323477, 1.209449692791619 ], [ 103.781111271198355, 1.209460614301101 ], [ 103.781116352399152, 1.209455090537742 ], [ 103.781128694640387, 1.209441670903655 ], [ 103.781164578909028, 1.209424631551663 ], [ 103.781170479502237, 1.209421829942864 ], [ 103.781200991105962, 1.209334233733574 ], [ 103.781200498062105, 1.209321644962464 ], [ 103.781199628723797, 1.209299477149427 ], [ 103.781232254643797, 1.209205792794904 ], [ 103.781237515729302, 1.209190685478249 ], [ 103.781236654469708, 1.209168916490334 ], [ 103.781236048264844, 1.209153606482574 ], [ 103.781241757045393, 1.209126150974039 ], [ 103.781254677058726, 1.209064005065454 ], [ 103.78125330479017, 1.209029356100494 ], [ 103.781253279643892, 1.209028720331375 ], [ 103.781253410831624, 1.209028471633518 ], [ 103.781275876282564, 1.208985748957351 ], [ 103.78127311468819, 1.208915661516354 ], [ 103.781271156875164, 1.208865963905481 ], [ 103.781284036397068, 1.208853956899058 ], [ 103.781297685060096, 1.208841233650277 ], [ 103.781326240636403, 1.20870389370519 ], [ 103.781343437001738, 1.20857710748102 ], [ 103.781362712608924, 1.208540468406105 ], [ 103.781361314294514, 1.208505165584575 ], [ 103.781394850161746, 1.208376322243798 ], [ 103.781416057794686, 1.208233213210729 ], [ 103.781417971873168, 1.20822030343622 ], [ 103.78141472082018, 1.208137843366972 ], [ 103.781442699811166, 1.207843903553031 ], [ 103.781465917757302, 1.207777282137504 ], [ 103.781469402381063, 1.207767282639839 ], [ 103.781476467338834, 1.207722591766855 ], [ 103.781486598390742, 1.207658508652452 ], [ 103.781505192458653, 1.207551141883687 ], [ 103.78152238858965, 1.207388332987026 ], [ 103.781540803379272, 1.207353312707035 ], [ 103.78155781194495, 1.207320964798726 ], [ 103.781569776690986, 1.207170695727182 ], [ 103.78157679125043, 1.207082607990099 ], [ 103.781573820392211, 1.207007360237029 ], [ 103.781594686524073, 1.206866536524262 ], [ 103.78159341034582, 1.206834330250683 ], [ 103.781612582013949, 1.20668640181301 ], [ 103.781611445040852, 1.206657590528556 ], [ 103.781629759817335, 1.206541780599891 ], [ 103.781648966372472, 1.206449435344393 ], [ 103.781647637207215, 1.206415856243522 ], [ 103.781666826490778, 1.206286379565857 ], [ 103.781664901000028, 1.206237574563012 ], [ 103.781664442079347, 1.206225947132366 ], [ 103.781661216164224, 1.206144168049358 ], [ 103.781696406264032, 1.206009037586257 ], [ 103.781696867234373, 1.206007267752595 ], [ 103.781702721148818, 1.205858652645512 ], [ 103.781702574696524, 1.205858374098271 ], [ 103.781683428079901, 1.205821960376935 ], [ 103.781684144539511, 1.205803650615077 ], [ 103.781683427871613, 1.205785339017126 ], [ 103.781705360450061, 1.205743634639851 ], [ 103.781701340631258, 1.205641544405932 ], [ 103.781702476897308, 1.205612545961078 ], [ 103.78170310525951, 1.205596515197538 ], [ 103.78170263466518, 1.20558450612456 ], [ 103.781701131277359, 1.205546173677253 ], [ 103.78171923556701, 1.205298969443067 ], [ 103.781739123415861, 1.205241890819632 ], [ 103.781737131468418, 1.205191249954039 ], [ 103.781739245786241, 1.205137215084526 ], [ 103.781735837562692, 1.205050551521567 ], [ 103.781755743380771, 1.204993402357679 ], [ 103.781753959787579, 1.204948091823835 ], [ 103.78175644266409, 1.204885050389237 ], [ 103.781754659065612, 1.204840021112898 ], [ 103.78175618006712, 1.204801798151207 ], [ 103.781731032213614, 1.2047218707894 ], [ 103.781716150147631, 1.204674569498225 ], [ 103.781711320035043, 1.204659217808674 ], [ 103.781666476819026, 1.204530443503294 ], [ 103.781665183576408, 1.204497797707432 ], [ 103.781665706760577, 1.204484517116007 ], [ 103.78166729788758, 1.204444131818709 ], [ 103.781627305317386, 1.20438564305167 ], [ 103.781611864812817, 1.204363061664797 ], [ 103.781585371582651, 1.204299668783063 ], [ 103.781585153257637, 1.204298957947939 ], [ 103.781569101428559, 1.204246618415726 ], [ 103.781489465112827, 1.204071988514751 ], [ 103.781428216595017, 1.203958537453938 ], [ 103.781418652270418, 1.203940822567201 ], [ 103.781411102688878, 1.203813350353673 ], [ 103.781416433466191, 1.203723291970861 ], [ 103.78141512205606, 1.203701232672323 ], [ 103.78141482564159, 1.203696238762576 ], [ 103.781433344792987, 1.203415095522077 ], [ 103.781433804064335, 1.203408121067222 ], [ 103.781431654607246, 1.203372061276503 ], [ 103.781433649938236, 1.203338469577476 ], [ 103.781434328530764, 1.203327032085071 ], [ 103.781432196144721, 1.203291009373616 ], [ 103.781434328993825, 1.203254985839451 ], [ 103.78143058788396, 1.203191944285475 ], [ 103.781433579083412, 1.203141537745172 ], [ 103.781434328680902, 1.20312890287471 ], [ 103.781429767492853, 1.20305194855226 ], [ 103.781451699703666, 1.202885938287819 ], [ 103.781450576023914, 1.202866969208301 ], [ 103.781448077161429, 1.202824784145932 ], [ 103.781442000668619, 1.202722177478215 ], [ 103.781468545401609, 1.202579033268611 ], [ 103.781483078695686, 1.202538272002487 ], [ 103.781487629897157, 1.202525508784759 ], [ 103.781455525985166, 1.20243544968507 ], [ 103.781487664745143, 1.202345285098452 ], [ 103.781474448104007, 1.202320808204246 ], [ 103.781466571129783, 1.202306218835775 ], [ 103.781469742086884, 1.202252755544396 ], [ 103.781472111316788, 1.202212800739277 ], [ 103.781450651381434, 1.202111748380693 ], [ 103.781442210047004, 1.202102231585246 ], [ 103.781412012114643, 1.202095072053389 ], [ 103.781418145728054, 1.202075214121724 ], [ 103.781398397654939, 1.202011381845852 ], [ 103.781366871059589, 1.20199183700797 ], [ 103.781357249913341, 1.201985872535838 ], [ 103.781353765527342, 1.201983712845219 ], [ 103.781367343761133, 1.20193982697972 ], [ 103.781360706842321, 1.201919511194868 ], [ 103.781352023233296, 1.201892934451153 ], [ 103.781341287543498, 1.201860075948056 ], [ 103.781335186679414, 1.201858629751364 ], [ 103.781313538046206, 1.201853499777619 ], [ 103.781308550310058, 1.201811307432308 ], [ 103.781327460480682, 1.201805860803686 ], [ 103.781329281772898, 1.20180533630682 ], [ 103.781342631199081, 1.201697355368682 ], [ 103.781346652651607, 1.201664830858941 ], [ 103.781334838712297, 1.201633924859427 ], [ 103.78132759504264, 1.20162718267877 ], [ 103.781325541980721, 1.201625271715956 ], [ 103.781308345816115, 1.201601965897594 ], [ 103.781344136357603, 1.201499189106084 ], [ 103.781348049608894, 1.201486742404002 ], [ 103.781363621742656, 1.201437220573075 ], [ 103.781359405567542, 1.201408772783463 ], [ 103.781343419499748, 1.201300900711341 ], [ 103.781344135957156, 1.201282695855387 ], [ 103.781343621358573, 1.201269559942289 ], [ 103.78134221406998, 1.201233673803359 ], [ 103.781334493377898, 1.201222384465843 ], [ 103.781289751460747, 1.201156964549635 ], [ 103.781272554778681, 1.201066202137453 ], [ 103.78125396020458, 1.20101287046593 ], [ 103.781235227750628, 1.200933650435983 ], [ 103.781230892782389, 1.200915318872004 ], [ 103.781228653732626, 1.200913231554364 ], [ 103.781200275663849, 1.200886788278332 ], [ 103.781190625397542, 1.200805612280654 ], [ 103.781181646212346, 1.20073008134283 ], [ 103.781128694840802, 1.200652635019385 ], [ 103.781093603424793, 1.200561872262186 ], [ 103.781075009071756, 1.200544564165085 ], [ 103.781041088967342, 1.200472199833639 ], [ 103.781039203903092, 1.200471599298934 ], [ 103.780985515512626, 1.200454487677182 ], [ 103.780986931352516, 1.200418446041676 ], [ 103.780967637972438, 1.2004004696046 ], [ 103.780950441175051, 1.200363742101592 ], [ 103.780931846824231, 1.200346434003585 ], [ 103.780914651804636, 1.200216376925238 ], [ 103.780940960252437, 1.200166319919205 ], [ 103.780952433750926, 1.200144487862181 ], [ 103.780949690125595, 1.200074849886845 ], [ 103.780887458330852, 1.200077330264609 ], [ 103.780821242637344, 1.200074691857447 ], [ 103.780758825857433, 1.199977393626007 ], [ 103.780717803779126, 1.199913447888356 ], [ 103.780699209432782, 1.199896138884537 ], [ 103.780687436536681, 1.199834049469853 ], [ 103.780681995705038, 1.199805359285697 ], [ 103.780662178140588, 1.199806151125655 ], [ 103.780612757492321, 1.199752467959109 ], [ 103.780573943087759, 1.199734033532113 ], [ 103.780556747751405, 1.199715318266789 ], [ 103.780519576135646, 1.19968068397874 ], [ 103.780438471977092, 1.199592577344456 ], [ 103.780394991653552, 1.199571927129741 ], [ 103.780377550833919, 1.199516466599842 ], [ 103.780344971717483, 1.199517763729121 ], [ 103.780332043938785, 1.199518278965287 ], [ 103.780316527299604, 1.199485189752231 ], [ 103.780305096020129, 1.19946081327222 ], [ 103.780259203626002, 1.199418006063285 ], [ 103.780236154551915, 1.199396505237293 ], [ 103.780228986530389, 1.199381213187731 ], [ 103.780216738539934, 1.199355082223127 ], [ 103.780198144200511, 1.199337773216119 ], [ 103.780180948318119, 1.199301045708727 ], [ 103.780153074331196, 1.19927506637177 ], [ 103.780127263364733, 1.199247011556989 ], [ 103.780108669026603, 1.199229702549397 ], [ 103.78009147279802, 1.199210987281326 ], [ 103.780037087198238, 1.19919367938118 ], [ 103.780019891868875, 1.199174964112702 ], [ 103.779983402799616, 1.199157655657863 ], [ 103.779957241056437, 1.199101825973577 ], [ 103.779924814691725, 1.199103121292309 ], [ 103.779911874335824, 1.199103638335043 ], [ 103.779875366441146, 1.199084183820065 ], [ 103.779876544073772, 1.199054072102701 ], [ 103.779877480786269, 1.199030112776378 ], [ 103.779840589721459, 1.199031572600863 ], [ 103.779838809773906, 1.199031502025385 ], [ 103.779813974967951, 1.199030517587661 ], [ 103.779727199941732, 1.198963540408323 ], [ 103.779684146671045, 1.198930309568321 ], [ 103.779642432417347, 1.198884981062131 ], [ 103.779562480120987, 1.198847005192566 ], [ 103.779483035530987, 1.198760691920528 ], [ 103.77942005234641, 1.198730790554368 ], [ 103.779286188437027, 1.198652621814611 ], [ 103.779249698481067, 1.198635313350371 ], [ 103.779183710787407, 1.198600151227501 ], [ 103.779124431950493, 1.198581277756485 ], [ 103.779107236631219, 1.198562562482593 ], [ 103.779088642304202, 1.198545254372822 ], [ 103.779070152259649, 1.198525149063756 ], [ 103.778983070385891, 1.198528614661844 ], [ 103.778881222220335, 1.198450006116405 ], [ 103.778784423640744, 1.198419171658963 ], [ 103.778714066550009, 1.198381687932383 ], [ 103.778643062632909, 1.198384519882445 ], [ 103.778570381469478, 1.198328408897812 ], [ 103.778531182540704, 1.198309798988456 ], [ 103.778498136213003, 1.198311118695957 ], [ 103.7784175554755, 1.198248922075631 ], [ 103.778301253791213, 1.198221041768736 ], [ 103.778248266693041, 1.198184314430911 ], [ 103.778188430297448, 1.198145440895022 ], [ 103.778086512060085, 1.198112971217766 ], [ 103.778031532997858, 1.198074871913659 ], [ 103.777961594722314, 1.198077668597688 ], [ 103.777915493111152, 1.198075820946171 ], [ 103.777886397011656, 1.198013765534979 ], [ 103.777746503147853, 1.197986887665394 ], [ 103.777657673067694, 1.197932131971099 ], [ 103.777604058038762, 1.197934277836959 ], [ 103.777532459250367, 1.197896125729834 ], [ 103.777473181339829, 1.19787725222401 ], [ 103.777345416410085, 1.197809197936888 ], [ 103.777281228178239, 1.197788757965754 ], [ 103.777246817807821, 1.197751345482907 ], [ 103.777173856816916, 1.197716711318841 ], [ 103.777138712884394, 1.197697977575796 ], [ 103.77712051984247, 1.197698699788032 ], [ 103.777088172615962, 1.19769741582612 ], [ 103.776995604200806, 1.19762594827184 ], [ 103.776933336977493, 1.197606125109515 ], [ 103.776869655941752, 1.197608657820995 ], [ 103.776852442144545, 1.197571913111364 ], [ 103.776733379771812, 1.197525265298353 ], [ 103.77642928375252, 1.1974322504418 ], [ 103.776387166571567, 1.197409806838273 ], [ 103.776350677550184, 1.197392499241046 ], [ 103.776333481731086, 1.197355771711773 ], [ 103.776296991812288, 1.197338463209489 ], [ 103.776279795621875, 1.197319747918818 ], [ 103.7762075162657, 1.197302439569973 ], [ 103.776173106814767, 1.197265026170072 ], [ 103.77610014405424, 1.197230391978346 ], [ 103.775916440014342, 1.197064539318447 ], [ 103.775877486010913, 1.19702221873452 ], [ 103.775840332462181, 1.196987566299391 ], [ 103.775810414566905, 1.196955079066476 ], [ 103.77576520357573, 1.196858651996441 ], [ 103.775697153696697, 1.196746781505168 ], [ 103.775616974966482, 1.196672025897451 ], [ 103.77559977863946, 1.196617287029611 ], [ 103.77558118382629, 1.196581966658498 ], [ 103.775563988022185, 1.196545240029257 ], [ 103.775552637499544, 1.196528650116133 ], [ 103.775527498873174, 1.196491907944125 ], [ 103.775492406793035, 1.196401145122953 ], [ 103.775472432420628, 1.196382535579401 ], [ 103.775475577982874, 1.19630243241581 ], [ 103.775469112157964, 1.196138091060747 ], [ 103.775433845785884, 1.195660778191926 ], [ 103.77543873897028, 1.195536700314048 ], [ 103.775420110261237, 1.195447099046061 ], [ 103.775421892054382, 1.195401841038827 ], [ 103.775414832632791, 1.195222460983627 ], [ 103.775429813171684, 1.195193968375904 ], [ 103.775438739315547, 1.195176991824339 ], [ 103.775437637426222, 1.195149235932853 ], [ 103.775421665343231, 1.195072381746647 ], [ 103.775402214585043, 1.194978791306688 ], [ 103.775402948154124, 1.194960375736491 ], [ 103.775381611120665, 1.194795646996119 ], [ 103.775385630496643, 1.194693371532017 ], [ 103.775386102465248, 1.194681367904547 ], [ 103.775379863847022, 1.194522778314407 ], [ 103.775358143247502, 1.194439334801874 ], [ 103.775348459001421, 1.194402131730582 ], [ 103.775356921666273, 1.194377816246739 ], [ 103.775367246153166, 1.194348148769911 ], [ 103.775357673118847, 1.194320654964328 ], [ 103.775345977036523, 1.194287059362544 ], [ 103.775349568490412, 1.194195837038911 ], [ 103.775354208163208, 1.194077971238193 ], [ 103.77534783035135, 1.193915864568726 ], [ 103.775351045129256, 1.193834177862119 ], [ 103.775318646381123, 1.193678280914999 ], [ 103.775294861596691, 1.193610015317015 ], [ 103.775277665149147, 1.193519252873347 ], [ 103.775259070736894, 1.193465920261362 ], [ 103.775233259210651, 1.193383829591009 ], [ 103.775196105432727, 1.193277130001289 ], [ 103.775158812638054, 1.193158557903524 ], [ 103.775098013346991, 1.193069660235749 ], [ 103.774934859732042, 1.192803616065934 ], [ 103.774775899690667, 1.192655388136462 ], [ 103.774751906112428, 1.192604201464169 ], [ 103.774686424178881, 1.192583339976187 ], [ 103.774668301496348, 1.192487758148007 ], [ 103.774588042947883, 1.192412915694431 ], [ 103.774669131729198, 1.192487221877313 ], [ 103.774734084374529, 1.192553622657248 ], [ 103.774758442851947, 1.192514805117202 ], [ 103.774742206188236, 1.192416739038896 ], [ 103.774575765014987, 1.192234903828487 ], [ 103.774372787660425, 1.192061240568861 ], [ 103.774151541580906, 1.191858973642027 ], [ 103.773611622426216, 1.191333899318449 ], [ 103.772884961425547, 1.190718925991782 ], [ 103.772393755089354, 1.190326649484388 ], [ 103.771658973121731, 1.189868990877217 ], [ 103.771244896440123, 1.189611557642202 ], [ 103.770893742887637, 1.189407244565621 ], [ 103.770388069505884, 1.18924455582649 ], [ 103.770427396214174, 1.189286183746112 ], [ 103.770488797934902, 1.189306104697621 ], [ 103.770552990078912, 1.189341093337278 ], [ 103.770618450346589, 1.189361525345139 ], [ 103.770715577776841, 1.189413854124659 ], [ 103.770713691824085, 1.189413253583214 ], [ 103.770616822249153, 1.189361645588452 ], [ 103.77055263426756, 1.189341206374753 ], [ 103.770486646011975, 1.18930604496022 ], [ 103.770427367439595, 1.18928717131204 ], [ 103.770410172236495, 1.189268455083582 ], [ 103.770382752179131, 1.189242897099017 ], [ 103.770302957532309, 1.189204990615548 ], [ 103.770215030012679, 1.189149039147619 ], [ 103.770169614093234, 1.189108943079318 ], [ 103.770124198215754, 1.189067059985046 ], [ 103.77001154539056, 1.188980483428772 ], [ 103.769939488088255, 1.188929916003763 ], [ 103.769806029415022, 1.18884487095308 ], [ 103.769682213197825, 1.188774127748228 ], [ 103.769581992170416, 1.188725347590535 ], [ 103.769506128122089, 1.188704660286148 ], [ 103.769425443721133, 1.188678098112391 ], [ 103.769332326360228, 1.188665582243604 ], [ 103.769193791866215, 1.188666600941454 ], [ 103.769192522980191, 1.188675028689222 ], [ 103.769309868457725, 1.188692680112612 ], [ 103.769191725996492, 1.188675383181677 ], [ 103.769195885063027, 1.188641698395768 ], [ 103.769155795136882, 1.188617987721297 ], [ 103.769066687077512, 1.18863738878691 ], [ 103.769058735126862, 1.188683420778996 ], [ 103.769034827935073, 1.188671460896193 ], [ 103.768951363983888, 1.18866540964175 ], [ 103.768888906232107, 1.18862020349142 ], [ 103.768832825459668, 1.188601875217258 ], [ 103.768781534550655, 1.188548156539416 ], [ 103.76869027570406, 1.188480049376942 ], [ 103.768601306976677, 1.188458219526564 ], [ 103.768566791683824, 1.18842207305237 ], [ 103.768459071027806, 1.188404412781938 ], [ 103.768427876536876, 1.188371749094189 ], [ 103.768405735728678, 1.1884404369 ], [ 103.768395459095245, 1.188458096191958 ], [ 103.768316259689144, 1.188404061222146 ], [ 103.768277323315516, 1.188386400764473 ], [ 103.768140155620088, 1.188457515867652 ], [ 103.768083272522219, 1.188476108259873 ], [ 103.768029936310441, 1.188512484168214 ], [ 103.767993797057173, 1.188530144651706 ], [ 103.767847454266899, 1.188619465292228 ], [ 103.767778023007821, 1.188583459056119 ], [ 103.767614764256805, 1.188586818484627 ], [ 103.767582555586927, 1.188620555952711 ], [ 103.767528521669519, 1.188638216001 ], [ 103.767445388451989, 1.188666851627252 ], [ 103.767412377392631, 1.188701432846381 ], [ 103.767330695754254, 1.188709278057656 ], [ 103.767226050180184, 1.18875068369711 ], [ 103.767175160733842, 1.188743121075132 ], [ 103.76711825956113, 1.188765635677013 ], [ 103.767090263700169, 1.188773481271674 ], [ 103.767012565778543, 1.1887168941836 ], [ 103.766956398508427, 1.188746814644484 ], [ 103.766850757568179, 1.1887804635069 ], [ 103.766774511714289, 1.188833285615375 ], [ 103.76668727249384, 1.188854181562983 ], [ 103.766544809332743, 1.1889089211178 ], [ 103.766365158799928, 1.188962253469877 ], [ 103.766222696583441, 1.189089040144784 ], [ 103.766168310906579, 1.189124360595184 ], [ 103.76615111572815, 1.189143076006529 ], [ 103.766111829426137, 1.189179697302255 ], [ 103.766066777435739, 1.18917790374647 ], [ 103.766041961461468, 1.189256758334174 ], [ 103.765971464812722, 1.189322490369044 ], [ 103.76593507971387, 1.189362032831899 ], [ 103.765936390729237, 1.189395206778674 ], [ 103.765871328665568, 1.189480605263954 ], [ 103.765756721768128, 1.189502610162638 ], [ 103.765677888783188, 1.189530436432009 ], [ 103.765560906361145, 1.189620724433098 ], [ 103.765506189344848, 1.189646703675648 ], [ 103.76548899326022, 1.189665419986669 ], [ 103.765381499714408, 1.189729005935455 ], [ 103.76533512003823, 1.189751031497545 ], [ 103.765355643123399, 1.189739367507742 ], [ 103.765386659047124, 1.189724704903751 ], [ 103.765422845170846, 1.189702238662536 ], [ 103.765459265752341, 1.189681900397282 ], [ 103.765487462240714, 1.189663926842303 ], [ 103.765504380674301, 1.189645716968762 ], [ 103.765559011434775, 1.189619702453894 ], [ 103.765619282624328, 1.189573113775048 ], [ 103.765642779953581, 1.189553721153713 ], [ 103.765677085549854, 1.189529125987394 ], [ 103.765719498143781, 1.189513990677703 ], [ 103.765754274286181, 1.189500511071329 ], [ 103.765845328179807, 1.189348679485204 ], [ 103.765774838029216, 1.189331650366712 ], [ 103.765674270291356, 1.189354351969083 ], [ 103.765549265164736, 1.189442326406795 ], [ 103.765418619824445, 1.189541654095834 ], [ 103.765309592234559, 1.189617331363042 ], [ 103.765246619303923, 1.189660846031254 ], [ 103.765123963173181, 1.189735577890626 ], [ 103.764995198356488, 1.189835850665751 ], [ 103.764911077151069, 1.189920043132051 ], [ 103.764869720807212, 1.189987208377024 ], [ 103.764846221870812, 1.190071402354396 ], [ 103.764854677780676, 1.190178301211098 ], [ 103.764901672715993, 1.19012910945565 ], [ 103.764957127583699, 1.190060052630696 ], [ 103.764982740275144, 1.190029781462812 ], [ 103.764991669002541, 1.190019139119163 ], [ 103.765013991115765, 1.18999880050874 ], [ 103.765043833108152, 1.18996734653631 ], [ 103.765058871817246, 1.189951264589655 ], [ 103.765085893956183, 1.189933527953509 ], [ 103.7651123284421, 1.189916973307374 ], [ 103.765146164453299, 1.189879134616775 ], [ 103.765156973836227, 1.189865180534963 ], [ 103.765173891113463, 1.189857613230018 ], [ 103.765202088376213, 1.189844843393953 ], [ 103.765315697639338, 1.189762070598332 ], [ 103.765322642297079, 1.189758123217742 ], [ 103.765202669693224, 1.18984553886502 ], [ 103.765161514893521, 1.189865080263392 ], [ 103.765113194587911, 1.189917585583982 ], [ 103.765058808881392, 1.189952906010415 ], [ 103.765024399631002, 1.189990319633996 ], [ 103.764987228437164, 1.190024953170459 ], [ 103.764970032801799, 1.190061680809453 ], [ 103.764951421152048, 1.190097053674329 ], [ 103.764952154773667, 1.190115680896728 ], [ 103.764872080817426, 1.190220779665699 ], [ 103.764808276421192, 1.190241095533055 ], [ 103.764789892418719, 1.190299564073295 ], [ 103.764732292285203, 1.190353300899009 ], [ 103.764646887269905, 1.190393862238592 ], [ 103.764594233610595, 1.19047595373787 ], [ 103.764531600355326, 1.190516638638332 ], [ 103.764504163169761, 1.190603901022777 ], [ 103.764449691700293, 1.190654683360237 ], [ 103.764399710881207, 1.190708981980179 ], [ 103.76436089670257, 1.19072741648159 ], [ 103.76429359760948, 1.190763280993628 ], [ 103.764208927160851, 1.190783580041415 ], [ 103.76412895869305, 1.190908238391894 ], [ 103.764110364548927, 1.190925546561635 ], [ 103.764093167548495, 1.190944261958344 ], [ 103.764055996330299, 1.190978896384885 ], [ 103.76402158705362, 1.191016309089676 ], [ 103.764002992908104, 1.19103361725861 ], [ 103.763977600397737, 1.191061216023273 ], [ 103.763913097598049, 1.191198767383601 ], [ 103.763816071795347, 1.191289248437272 ], [ 103.763682365107229, 1.191387962796377 ], [ 103.76359278415184, 1.191485303638189 ], [ 103.763438070987291, 1.19162957392502 ], [ 103.763412031734902, 1.191685087697662 ], [ 103.763289107601736, 1.191799736315345 ], [ 103.763231174724467, 1.191827264602998 ], [ 103.763181194758843, 1.191881564101978 ], [ 103.763139619825736, 1.191920332253312 ], [ 103.763072442986555, 1.191952222051933 ], [ 103.763033122858715, 1.191973170654136 ], [ 103.762929280581332, 1.192006256885945 ], [ 103.762879475820171, 1.192060380936518 ], [ 103.762706534693123, 1.192093608269088 ], [ 103.762554181287001, 1.192259126613634 ], [ 103.762479856746197, 1.192328412602701 ], [ 103.762376592860193, 1.192440617185848 ], [ 103.762289283661786, 1.192522023129847 ], [ 103.762249962484759, 1.192583339853334 ], [ 103.762213683461411, 1.192617147685486 ], [ 103.762196276967231, 1.192745446759753 ], [ 103.762175062213231, 1.19288857460486 ], [ 103.762016626346778, 1.193068956896074 ], [ 103.761908101113875, 1.193201899310844 ], [ 103.761819778778943, 1.193267086331773 ], [ 103.761709384967943, 1.193387031157227 ], [ 103.761463273295419, 1.193679459201042 ], [ 103.761408889143638, 1.193754110372824 ], [ 103.761390294064967, 1.193771418521531 ], [ 103.761373097926892, 1.193790133898615 ], [ 103.76135450374629, 1.193807441142706 ], [ 103.761337308506228, 1.193826157423917 ], [ 103.761318714325142, 1.193843465572095 ], [ 103.761285946597539, 1.193879066837896 ], [ 103.76124713235518, 1.193897500386438 ], [ 103.76108988624425, 1.194068331650049 ], [ 103.761032389980159, 1.194095631093707 ], [ 103.760873238636492, 1.194280603845108 ], [ 103.760731492765743, 1.194412808266743 ], [ 103.760702342620206, 1.194474969910496 ], [ 103.760673245351441, 1.194473809740746 ], [ 103.760587754317783, 1.194566700199153 ], [ 103.760498592229425, 1.194649828842936 ], [ 103.760406058741509, 1.194672010441286 ], [ 103.760397460666383, 1.194681367674126 ], [ 103.760373553733629, 1.194693329068468 ], [ 103.760290089316456, 1.194699379750325 ], [ 103.760290088893612, 1.194681367516779 ], [ 103.760272195095695, 1.194681367038003 ], [ 103.760197345556136, 1.194688279807198 ], [ 103.760182717965378, 1.194717391822195 ], [ 103.760136809868925, 1.194706046239888 ], [ 103.760129032977048, 1.194717391287643 ], [ 103.760062100150492, 1.194692079939252 ], [ 103.760031431268843, 1.19476324719838 ], [ 103.76000228030864, 1.194787626281372 ], [ 103.759922468704033, 1.194779430591441 ], [ 103.759906164178219, 1.194820396068852 ], [ 103.759977744833435, 1.19485165374448 ], [ 103.759985870684531, 1.194861485312368 ], [ 103.759974651699281, 1.194869278826602 ], [ 103.75997910777059, 1.194889313339368 ], [ 103.759921595502576, 1.19497690947036 ], [ 103.75992030068565, 1.194979393725596 ], [ 103.75987849993237, 1.195059616087527 ], [ 103.759858736529836, 1.195052307383794 ], [ 103.759840735085589, 1.195045649869996 ], [ 103.759710628186781, 1.195118717228781 ], [ 103.759676724601718, 1.195158329299872 ], [ 103.759589748256346, 1.195184696419146 ], [ 103.759512312086272, 1.195285431517441 ], [ 103.759457299063314, 1.195320119652493 ], [ 103.75939368702376, 1.195365517945288 ], [ 103.759364606881263, 1.195462754456839 ], [ 103.759400957008452, 1.195494274362908 ], [ 103.759534751451355, 1.19555437845021 ], [ 103.759726006619218, 1.195574008332468 ], [ 103.759729914272597, 1.195572564167345 ], [ 103.75974748927834, 1.195566069493635 ], [ 103.759767425586944, 1.195592516370359 ], [ 103.759774239637451, 1.195601554775633 ], [ 103.759771129041965, 1.195599971149054 ], [ 103.759735337840638, 1.195599971088106 ], [ 103.759735338137901, 1.195690029540893 ], [ 103.759735338495872, 1.195744065336029 ], [ 103.759717443792766, 1.195744065757527 ], [ 103.759708209744161, 1.195746795785551 ], [ 103.759689779384559, 1.195752244990162 ], [ 103.759666885981233, 1.195830729668587 ], [ 103.759677965273397, 1.195940154487456 ], [ 103.759651350435973, 1.196011428564719 ], [ 103.759618635075824, 1.196305105668812 ], [ 103.759610072166723, 1.196410502820134 ], [ 103.759610072584437, 1.196428515053159 ], [ 103.759620645069901, 1.196808943611823 ], [ 103.759654984284879, 1.196977699909433 ], [ 103.759672530657411, 1.197068109729056 ], [ 103.759690775316528, 1.197085770657285 ], [ 103.75970832127264, 1.197158169148118 ], [ 103.759734273147458, 1.197183269588885 ], [ 103.759762355652313, 1.197265887685874 ], [ 103.759779902091196, 1.197320275752099 ], [ 103.759794017837024, 1.197347875537018 ], [ 103.759798146272729, 1.197355947103968 ], [ 103.75981569271282, 1.197410334265642 ], [ 103.759833937375035, 1.197427995193066 ], [ 103.75985742465565, 1.197452584600255 ], [ 103.7599321855444, 1.197437174431524 ], [ 103.759947210337884, 1.197474025891781 ], [ 103.759900414708227, 1.197487499665609 ], [ 103.759914291009636, 1.197599282237532 ], [ 103.759869976313198, 1.19760709294542 ], [ 103.759762006411719, 1.197626124196119 ], [ 103.759735687435054, 1.197653670435606 ], [ 103.759600949834805, 1.197680159252372 ], [ 103.759493962817643, 1.197702217427579 ], [ 103.759296906310368, 1.197698171375901 ], [ 103.759198482625393, 1.19770017729254 ], [ 103.759082164342843, 1.197697802879317 ], [ 103.759019531007084, 1.197699086273232 ], [ 103.758921962811712, 1.197697081345582 ], [ 103.75891136908524, 1.197708178515855 ], [ 103.758922209987347, 1.197693910649545 ], [ 103.759151540113123, 1.197695808836925 ], [ 103.759365832937249, 1.197692030803449 ], [ 103.759497415960993, 1.197695818236209 ], [ 103.759625240329285, 1.197673117621533 ], [ 103.759668475972049, 1.197629602567921 ], [ 103.759533132941485, 1.197616355386383 ], [ 103.759345157414984, 1.197622026079516 ], [ 103.759217333403384, 1.197631482259317 ], [ 103.75916470122624, 1.197604992887424 ], [ 103.759106429767826, 1.197553907352876 ], [ 103.758986127220183, 1.197495251496193 ], [ 103.758863942463819, 1.197497140089467 ], [ 103.75875867384994, 1.197569034206223 ], [ 103.758659044969974, 1.197648495292936 ], [ 103.758585733042068, 1.197709037787775 ], [ 103.758450387782062, 1.197811202866484 ], [ 103.758333839589611, 1.197903907896141 ], [ 103.758343235297602, 1.198036348751947 ], [ 103.75843534439359, 1.197996618927352 ], [ 103.7585500104164, 1.197962565512136 ], [ 103.758649639646222, 1.197903916576176 ], [ 103.7587436280578, 1.197877431213667 ], [ 103.758824458561818, 1.197822564713546 ], [ 103.758885304195573, 1.197742483071172 ], [ 103.758835103285989, 1.197819545330927 ], [ 103.75883180651779, 1.197824606065809 ], [ 103.758738397594939, 1.197886257670219 ], [ 103.758722322218219, 1.197891508875823 ], [ 103.758652504711776, 1.197914313231763 ], [ 103.758617063402667, 1.197932677194145 ], [ 103.758580923970243, 1.197950336636739 ], [ 103.758545482660253, 1.197968700598125 ], [ 103.758440242892746, 1.198003070800074 ], [ 103.758397357323545, 1.198025321514246 ], [ 103.758375193590396, 1.198032558535063 ], [ 103.758230097374863, 1.198079937821888 ], [ 103.758080207426218, 1.198166830471574 ], [ 103.758044067089131, 1.198184490810939 ], [ 103.757919151602238, 1.198256888983921 ], [ 103.757880371406443, 1.198275833445712 ], [ 103.757829674239431, 1.198328937240439 ], [ 103.757768055127272, 1.198369603907319 ], [ 103.757608850800267, 1.198536389657493 ], [ 103.757559341886363, 1.198639113257918 ], [ 103.757489316459882, 1.198706832849406 ], [ 103.757467384938749, 1.198797332014066 ], [ 103.757399840586814, 1.198886950863223 ], [ 103.757373522781464, 1.19896853196396 ], [ 103.757346155236789, 1.198995021850514 ], [ 103.757310713810526, 1.199049408449009 ], [ 103.757264350972406, 1.199072047018827 ], [ 103.757203342884836, 1.199175491067969 ], [ 103.757164476240874, 1.199233221004576 ], [ 103.757131412885002, 1.199265198414063 ], [ 103.75708868448551, 1.199353833095832 ], [ 103.756953578652954, 1.199533053585854 ], [ 103.756918277755631, 1.199606261819923 ], [ 103.756825936594652, 1.199717005913882 ], [ 103.756791753502512, 1.199787892673154 ], [ 103.75672788029145, 1.199849684304097 ], [ 103.756685995917621, 1.199893552949814 ], [ 103.756680445658446, 1.199899366049495 ], [ 103.756631413426007, 1.199950719919123 ], [ 103.756559640292892, 1.200020146873614 ], [ 103.75648017750288, 1.200161214664965 ], [ 103.756451745194738, 1.200220175724462 ], [ 103.756348026305105, 1.200357779107942 ], [ 103.756307342705909, 1.200420223431093 ], [ 103.756255789279138, 1.200470071454063 ], [ 103.756153835412661, 1.200626584239481 ], [ 103.756075596677007, 1.200724153919131 ], [ 103.75602226035447, 1.200814565354343 ], [ 103.755958019248951, 1.200921192640279 ], [ 103.755896644822485, 1.201012342709291 ], [ 103.755807518391421, 1.201156788906631 ], [ 103.755771377884074, 1.201210472769141 ], [ 103.755735937295185, 1.201264860246759 ], [ 103.755644468893777, 1.201392876777881 ], [ 103.755578620374223, 1.201529495451312 ], [ 103.755533130461203, 1.201597039334629 ], [ 103.755449980987791, 1.201769558975641 ], [ 103.755404352084014, 1.20185872078459 ], [ 103.755378033155765, 1.201913283964898 ], [ 103.755356162190679, 1.2019560136614 ], [ 103.755328349941848, 1.202010350706989 ], [ 103.755325833073442, 1.202015268569539 ], [ 103.755306452285097, 1.202075389269042 ], [ 103.755288207907753, 1.20211106140743 ], [ 103.755270661652887, 1.202147437161444 ], [ 103.755215141470714, 1.202221084306254 ], [ 103.755181185638875, 1.202291531524539 ], [ 103.755156859583025, 1.202315066008855 ], [ 103.755099438765996, 1.202461588606642 ], [ 103.755075946387706, 1.202521532834071 ], [ 103.755037308263923, 1.202597009990873 ], [ 103.754984705673195, 1.202760207399175 ], [ 103.754923785022285, 1.202879218214209 ], [ 103.754905150617063, 1.20294857611131 ], [ 103.754843431611974, 1.203178294695711 ], [ 103.754823282223711, 1.20328217938037 ], [ 103.754795875568419, 1.203322870472443 ], [ 103.754756489450997, 1.203381349164551 ], [ 103.754733805880988, 1.203498320834949 ], [ 103.754679771582133, 1.20364206259648 ], [ 103.754655776499831, 1.20371650286425 ], [ 103.754441925071575, 1.20413429138979 ], [ 103.75434575621037, 1.204362340400117 ], [ 103.754329968708433, 1.204541037862716 ], [ 103.754306071287928, 1.20481152266859 ], [ 103.754287719488218, 1.205019242019389 ], [ 103.754268181406246, 1.205173063013854 ], [ 103.754250635452237, 1.205353532073142 ], [ 103.754226624492773, 1.205447830371638 ], [ 103.754229571012885, 1.205593129290333 ], [ 103.754233474882497, 1.205785638781537 ], [ 103.75423322203963, 1.205798145232038 ], [ 103.754232198972744, 1.20584868019096 ], [ 103.75423342369497, 1.205909193070091 ], [ 103.754233474837193, 1.205911720770612 ], [ 103.754232524656061, 1.205958567732848 ], [ 103.754229351089407, 1.206114933181486 ], [ 103.754195168171464, 1.206485423220752 ], [ 103.754153609095027, 1.206771608175706 ], [ 103.754146393502168, 1.206821297371814 ], [ 103.754107754181419, 1.20693492512698 ], [ 103.754089579055432, 1.207028624903637 ], [ 103.754051586822612, 1.207198610868064 ], [ 103.754017648010404, 1.207298449912293 ], [ 103.753996887132942, 1.207448137013757 ], [ 103.75398288971121, 1.207461674940276 ], [ 103.753928172352616, 1.207514590416568 ], [ 103.753897503387165, 1.207546727014212 ], [ 103.753894300935016, 1.207582953955969 ], [ 103.753874837249867, 1.207803130885598 ], [ 103.753833508422503, 1.20792468711936 ], [ 103.753830570933175, 1.207933329140657 ], [ 103.7538321054178, 1.207939355871305 ], [ 103.753859999258879, 1.208048910511543 ], [ 103.753856506231614, 1.208221003750487 ], [ 103.753858331676796, 1.208046926286604 ], [ 103.753828563619976, 1.207934558113003 ], [ 103.753873223580584, 1.207801080643641 ], [ 103.753894882534738, 1.207542975632908 ], [ 103.753996376851518, 1.207445593925583 ], [ 103.754015326272395, 1.207297814075838 ], [ 103.754049836566182, 1.207197024561241 ], [ 103.754085700715308, 1.207041073368304 ], [ 103.754107355343024, 1.206931430650564 ], [ 103.754143895722024, 1.206818382531591 ], [ 103.754184500477422, 1.206535762554237 ], [ 103.753711599000283, 1.207990249958313 ], [ 103.753759139474496, 1.208200818178383 ], [ 103.753645990817688, 1.208595952516912 ], [ 103.753664032324068, 1.20867937615814 ], [ 103.753711567226645, 1.209081368510846 ], [ 103.753864374153864, 1.209654804355337 ], [ 103.754102536749258, 1.20978011740409 ], [ 103.754362351743623, 1.209905431971864 ], [ 103.754644491765376, 1.210105659302558 ], [ 103.754586982031768, 1.210025297596286 ], [ 103.754560651840677, 1.209999445565822 ], [ 103.754586852660665, 1.210024783009065 ], [ 103.754661876498147, 1.210126644685475 ], [ 103.754680121204402, 1.210144304744873 ], [ 103.754756017664135, 1.210240642585687 ], [ 103.75483755999204, 1.210319513691755 ], [ 103.754894513646875, 1.210396820433688 ], [ 103.754976256515931, 1.210657783539929 ], [ 103.755936668253668, 1.211595790218007 ], [ 103.756336046195216, 1.21203607710279 ], [ 103.756478674253415, 1.212428501255732 ], [ 103.75662530543255, 1.212590356859136 ], [ 103.756648924243137, 1.21270163416978 ], [ 103.756678982176695, 1.212863739667104 ], [ 103.756733718217404, 1.212851705942645 ], [ 103.756766029894536, 1.212844602174485 ], [ 103.756836316898543, 1.212819220469131 ], [ 103.756957038953502, 1.212774595315851 ], [ 103.757068954578031, 1.212765184960495 ], [ 103.757086849391044, 1.212765184563492 ], [ 103.757342468206389, 1.21274905522015 ], [ 103.757524565637652, 1.212716479719352 ], [ 103.757572989051639, 1.212724492849853 ], [ 103.757578460979218, 1.212725398272951 ], [ 103.757574971868138, 1.212731858955487 ], [ 103.757535592445066, 1.212804797565129 ], [ 103.757489195761352, 1.212808173154596 ], [ 103.757450632342241, 1.212810979214566 ], [ 103.757337382454807, 1.212819220204624 ], [ 103.757275902219419, 1.212829387142319 ], [ 103.757122640595867, 1.212837232688435 ], [ 103.756949699759161, 1.212843283407554 ], [ 103.756870006694655, 1.212883330024821 ], [ 103.756854211486413, 1.212891267183747 ], [ 103.75683631667269, 1.212891266674786 ], [ 103.75683631616694, 1.21290927890445 ], [ 103.756748308885861, 1.212926568755027 ], [ 103.756685553131319, 1.212987271536091 ], [ 103.756684452717778, 1.213041660895735 ], [ 103.756684033427078, 1.213062378067878 ], [ 103.756685326378445, 1.213126633209057 ], [ 103.756665665969848, 1.213669640279516 ], [ 103.756667220922409, 1.213746823319655 ], [ 103.756665577951921, 1.213827876044601 ], [ 103.756668322704058, 1.213962963774377 ], [ 103.756665945530258, 1.214080040032774 ], [ 103.756667221442584, 1.214143080611365 ], [ 103.756665578471129, 1.21422413333604 ], [ 103.756667046411749, 1.214296180486939 ], [ 103.756665211802471, 1.214386238868584 ], [ 103.756667221684694, 1.214485303022421 ], [ 103.756660755074421, 1.214804043421611 ], [ 103.756684033568234, 1.214971794672322 ], [ 103.756709108954666, 1.215144514553099 ], [ 103.756719823466142, 1.215218311912981 ], [ 103.756716998916602, 1.215268521249417 ], [ 103.756699761248058, 1.215575009912626 ], [ 103.75666613781236, 1.215673899409751 ], [ 103.756643471262024, 1.215790764369721 ], [ 103.756595273869593, 1.215890760391071 ], [ 103.756549644736779, 1.215979921292863 ], [ 103.756514552955906, 1.216052671895959 ], [ 103.756460412607751, 1.216158472860022 ], [ 103.756433849638626, 1.216322671242311 ], [ 103.756397709578579, 1.216448402202409 ], [ 103.756362269071559, 1.216682905629488 ], [ 103.756344006504307, 1.216754617597341 ], [ 103.756345474429025, 1.216826823010402 ], [ 103.756342172252133, 1.2169899133072 ], [ 103.756386508004681, 1.21732847611422 ], [ 103.756469291301954, 1.217475419643814 ], [ 103.756487535168418, 1.217493078789528 ], [ 103.756557683824653, 1.217566568560501 ], [ 103.756630697035291, 1.217637172584548 ], [ 103.756662467621211, 1.217670452301191 ], [ 103.75672258437379, 1.217711453388637 ], [ 103.75681585264806, 1.217757009801995 ], [ 103.756861114545671, 1.217850885945168 ], [ 103.756899124678156, 1.217907348318704 ], [ 103.756952460744529, 1.217997757357257 ], [ 103.757060181207905, 1.218123487902682 ], [ 103.75709686334568, 1.218179791972173 ], [ 103.757131762563745, 1.218213545659997 ], [ 103.757165298694986, 1.218248673038406 ], [ 103.757221238380666, 1.218285592599634 ], [ 103.757264054117556, 1.218330427690002 ], [ 103.757381944747365, 1.218430037750976 ], [ 103.757435980518736, 1.218465710135322 ], [ 103.757544505248362, 1.21855738593382 ], [ 103.757614931795089, 1.218591791764081 ], [ 103.757648433795225, 1.218626864874197 ], [ 103.757739849606295, 1.218664189679283 ], [ 103.757841138665313, 1.218689044476702 ], [ 103.757937046798887, 1.218735884221793 ], [ 103.75804083425912, 1.218806699794784 ], [ 103.758097752934063, 1.218826295358589 ], [ 103.758117055587661, 1.218832602939783 ], [ 103.758151789222822, 1.218843954595686 ], [ 103.758324187422872, 1.218914330755031 ], [ 103.758384426118411, 1.218934013225057 ], [ 103.758437762447713, 1.218952376937025 ], [ 103.758527587551953, 1.21897003626389 ], [ 103.758580940954403, 1.218988418060876 ], [ 103.758643731120344, 1.218987115720493 ], [ 103.758706522113101, 1.218988417948713 ], [ 103.758768997612563, 1.218961205550907 ], [ 103.758786893365567, 1.218961206049515 ], [ 103.758814084932339, 1.218969860671733 ], [ 103.758835435742327, 1.218993060026902 ], [ 103.758847236505773, 1.219005883341059 ], [ 103.758947320409092, 1.218975102458582 ], [ 103.759082513299902, 1.218898517383821 ], [ 103.759120156869315, 1.218857604068947 ], [ 103.759224975655158, 1.218771732128019 ], [ 103.759279658044349, 1.218754318292353 ], [ 103.759243570109618, 1.218685648888868 ], [ 103.759260766517386, 1.218663661548084 ], [ 103.759315151085502, 1.218628342188377 ], [ 103.759338235975122, 1.21855492379442 ], [ 103.759434215639942, 1.218450649588465 ], [ 103.759455568614143, 1.218427452321087 ], [ 103.759561455159812, 1.218328722138375 ], [ 103.759584791515579, 1.218292351949447 ], [ 103.759617761271741, 1.218240968668467 ], [ 103.759726041066514, 1.218123312001365 ], [ 103.75976952082722, 1.218102661125665 ], [ 103.759850625984242, 1.218014556533294 ], [ 103.75990457336016, 1.217964249113223 ], [ 103.759924006690028, 1.217922844215865 ], [ 103.759959377671152, 1.217889863007154 ], [ 103.759985189204883, 1.217861807610279 ], [ 103.760013062776551, 1.217835828690748 ], [ 103.760038875207727, 1.217807773293304 ], [ 103.760066748778343, 1.217781793468777 ], [ 103.760083945085256, 1.217763078113035 ], [ 103.760121115834707, 1.217728444676945 ], [ 103.76018312065365, 1.217661076631868 ], [ 103.760263596049839, 1.217601676541445 ], [ 103.760289408476211, 1.217573621141244 ], [ 103.760317282042024, 1.217547642218135 ], [ 103.760351691720516, 1.217510228686266 ], [ 103.760485591034225, 1.217385378461077 ], [ 103.76059498920614, 1.217241777371179 ], [ 103.760624942048722, 1.217177874873753 ], [ 103.760799752509257, 1.21712216893977 ], [ 103.760782557457588, 1.217060622842399 ], [ 103.76071097573687, 1.217014098577387 ], [ 103.760728172698037, 1.216970564737772 ], [ 103.760779026646347, 1.216946414152466 ], [ 103.760797699391503, 1.216887063014471 ], [ 103.760806795839656, 1.216858149818301 ], [ 103.760874357000702, 1.216826048508954 ], [ 103.760907789047437, 1.216789743693371 ], [ 103.760959621674644, 1.216791801618487 ], [ 103.761063619567253, 1.216755127915529 ], [ 103.761288113850995, 1.216784924634572 ], [ 103.761403489208078, 1.216832609455468 ], [ 103.761748372667455, 1.216804870970916 ], [ 103.762013730215443, 1.216711264543148 ], [ 103.762073282597825, 1.216690256830917 ], [ 103.762229149113921, 1.216652879959644 ], [ 103.762455408080925, 1.216545407634002 ], [ 103.76251769162333, 1.216502261136059 ], [ 103.762554181697666, 1.21648495255939 ], [ 103.762642958275364, 1.216430213706552 ], [ 103.762715238026516, 1.216412906070818 ], [ 103.762816596916139, 1.21634268843705 ], [ 103.762892529616607, 1.216306629794735 ], [ 103.762920892961816, 1.216275813408133 ], [ 103.763068371082554, 1.216161991221758 ], [ 103.763141315275533, 1.216127339685047 ], [ 103.763215604232087, 1.216069980488014 ], [ 103.763286223931971, 1.216036453916008 ], [ 103.763322294054475, 1.215997247030171 ], [ 103.76346683650992, 1.21589056651128 ], [ 103.763484031883422, 1.215871851131347 ], [ 103.76354996833112, 1.215810376847174 ], [ 103.763617738880413, 1.215704733436126 ], [ 103.763806845354082, 1.21554834474336 ], [ 103.763832656826565, 1.215520289305265 ], [ 103.763879107587968, 1.215476984098828 ], [ 103.763922132396544, 1.215430231364547 ], [ 103.763956978552372, 1.215397743867221 ], [ 103.764142763927211, 1.215176449709967 ], [ 103.764184059532639, 1.215112070857665 ], [ 103.76430389106882, 1.215000325209197 ], [ 103.764354710830744, 1.21486898381622 ], [ 103.764379490669796, 1.214845888786098 ], [ 103.764396686943272, 1.214791149838883 ], [ 103.764433858510785, 1.214720492775984 ], [ 103.764476883538833, 1.214628710806574 ], [ 103.76450475682033, 1.214575713034252 ], [ 103.764535934209817, 1.214476543908668 ], [ 103.764576338443007, 1.214377584831361 ], [ 103.764599755627899, 1.214303092906732 ], [ 103.764683709715328, 1.214143433075148 ], [ 103.764700905523398, 1.214106705453404 ], [ 103.764755289941689, 1.21403536241151 ], [ 103.764826171588581, 1.213908576803574 ], [ 103.764894135371776, 1.213796865975045 ], [ 103.764922813764997, 1.213705733868998 ], [ 103.765005822942555, 1.213603081537262 ], [ 103.765032189993349, 1.21356197340305 ], [ 103.765064838805969, 1.213511070253359 ], [ 103.76514828475463, 1.213404248805985 ], [ 103.765166879052785, 1.213386940640397 ], [ 103.765184076195396, 1.213368226152055 ], [ 103.765188788982002, 1.213365164092439 ], [ 103.76524559041431, 1.213328262023205 ], [ 103.765389485892754, 1.213070645603351 ], [ 103.765455289259776, 1.212900529921665 ], [ 103.765466309352746, 1.212872041805171 ], [ 103.765506188776243, 1.212809862307051 ], [ 103.765564558406908, 1.212724517970522 ], [ 103.765649350873616, 1.212521675608359 ], [ 103.76566794560965, 1.212486355205436 ], [ 103.765685141840095, 1.212431617151057 ], [ 103.765737760064255, 1.212382559397511 ], [ 103.765847701884226, 1.212145033460771 ], [ 103.765806505136084, 1.21224835339044 ], [ 103.765823758377948, 1.212249640734447 ], [ 103.765890218404323, 1.21222905996303 ], [ 103.765956679256448, 1.212175033067111 ], [ 103.766035921527077, 1.21208241543492 ], [ 103.766092159500289, 1.211938341582031 ], [ 103.766158622306051, 1.211804559653986 ], [ 103.766204634679781, 1.211717086117432 ], [ 103.76626342751662, 1.211629613802689 ], [ 103.766358008520712, 1.211454667692041 ], [ 103.766439809047597, 1.211279721259698 ], [ 103.766480710638774, 1.211156229453246 ], [ 103.766488379629379, 1.211112491848737 ], [ 103.766455150199562, 1.211099627338874 ], [ 103.766424475323248, 1.211156871060069 ], [ 103.766386132715823, 1.211206395836682 ], [ 103.766353540439312, 1.211262352598114 ], [ 103.766277493336361, 1.21135432731836 ], [ 103.766251930097155, 1.211448233208826 ], [ 103.766188664575395, 1.211494541439823 ], [ 103.766175244727819, 1.211516409550158 ], [ 103.766145848747826, 1.211524127570249 ], [ 103.766145209016983, 1.211560145690841 ], [ 103.766127316005367, 1.21156014524424 ], [ 103.766115172084497, 1.211653408464474 ], [ 103.766053185903075, 1.211668843518602 ], [ 103.766039126041562, 1.211701645382428 ], [ 103.766058935077183, 1.211722228315774 ], [ 103.765984804173215, 1.211863085799516 ], [ 103.765917702752418, 1.211987219943148 ], [ 103.765885750039445, 1.212049609460244 ], [ 103.765873611255799, 1.212080053692044 ], [ 103.765885099666122, 1.212043503172922 ], [ 103.766054526991013, 1.211721227073784 ], [ 103.766038500561379, 1.211706275714511 ], [ 103.766034447456974, 1.211702494463992 ], [ 103.766052342256742, 1.211666470444298 ], [ 103.766069605533133, 1.211661501391187 ], [ 103.766112650959542, 1.211649109955682 ], [ 103.76612042464923, 1.211586553428465 ], [ 103.76612392325876, 1.211558400639861 ], [ 103.766137606731405, 1.211558400077059 ], [ 103.766141818067425, 1.211558400182166 ], [ 103.766141818237386, 1.211551500783171 ], [ 103.766141818056354, 1.211522376619415 ], [ 103.766163260346715, 1.211516368554778 ], [ 103.766169814154352, 1.211514531953389 ], [ 103.766185402977399, 1.211494198604234 ], [ 103.766248595788028, 1.211445105832299 ], [ 103.766274878764065, 1.211350104774015 ], [ 103.766299785403859, 1.211320529952254 ], [ 103.7663089226605, 1.211309679610877 ], [ 103.766332570444575, 1.211281599672426 ], [ 103.766348766633527, 1.211262367853564 ], [ 103.766363041018266, 1.211238342853375 ], [ 103.766382249347416, 1.211206011385097 ], [ 103.766420346714241, 1.211154297135284 ], [ 103.766431400900686, 1.211127119438944 ], [ 103.766440828678455, 1.211103938994562 ], [ 103.766491927246435, 1.211064238648452 ], [ 103.766525411751829, 1.211007882177848 ], [ 103.766545613426501, 1.210992192853889 ], [ 103.766579097031396, 1.210935834573745 ], [ 103.766592525578162, 1.210925403962849 ], [ 103.766647095165823, 1.210883014118485 ], [ 103.76665745293792, 1.210821620665675 ], [ 103.766660778819656, 1.210801908308309 ], [ 103.766671763229979, 1.21079874511205 ], [ 103.766712158005618, 1.210787115075531 ], [ 103.766740310987345, 1.210719852734641 ], [ 103.766760199085027, 1.210703845969053 ], [ 103.766776101472516, 1.210683830055631 ], [ 103.766795989569758, 1.210667822385384 ], [ 103.7668563678303, 1.210560315700168 ], [ 103.766864243545697, 1.21055040767359 ], [ 103.766972948180069, 1.210413653210158 ], [ 103.767000822421878, 1.210391191283153 ], [ 103.767028627189191, 1.210343611525705 ], [ 103.76703559755731, 1.21031904643569 ], [ 103.767036577919754, 1.210315591786214 ], [ 103.767041481145668, 1.210314105131069 ], [ 103.767064085223595, 1.210307254219135 ], [ 103.767134336867386, 1.210251882592201 ], [ 103.767175902345087, 1.210242380547289 ], [ 103.767223743976004, 1.210231443428716 ], [ 103.767242925850852, 1.210214803586452 ], [ 103.767260932444771, 1.210199183838746 ], [ 103.767277498811126, 1.210179835359451 ], [ 103.767321905640344, 1.210159888872495 ], [ 103.767397453360118, 1.210094377629435 ], [ 103.767421988689648, 1.210073101238249 ], [ 103.767438555952594, 1.210053753662225 ], [ 103.767457779157411, 1.21003707764468 ], [ 103.767505609855377, 1.209957657494022 ] ] ], [ [ [ 103.781464019729256, 1.202096057901651 ], [ 103.78144834459826, 1.202080280048302 ], [ 103.781442210047004, 1.202102231585246 ], [ 103.781464019729256, 1.202096057901651 ] ] ], [ [ [ 103.761553039184477, 1.193559234396663 ], [ 103.761551159235466, 1.19356964087331 ], [ 103.761692849280706, 1.19340409337505 ], [ 103.761819266694516, 1.193264561331781 ], [ 103.761904562783045, 1.19320212711833 ], [ 103.761998553285878, 1.193087190228372 ], [ 103.762173140329935, 1.192887587892813 ], [ 103.762210272740433, 1.19261655885527 ], [ 103.762246928208597, 1.192583922185436 ], [ 103.762288284583249, 1.192519595788651 ], [ 103.7623759307086, 1.192438714385032 ], [ 103.762478615078493, 1.192325669631946 ], [ 103.762539238815862, 1.192270329498787 ], [ 103.762705601220375, 1.192090593092566 ], [ 103.762877599773446, 1.192058906773487 ], [ 103.762927414437087, 1.192004039335287 ], [ 103.763032681760166, 1.191970459356954 ], [ 103.763137949524051, 1.191919378105539 ], [ 103.763230764145362, 1.191825725363464 ], [ 103.763286687933132, 1.191799238852742 ], [ 103.76341098953354, 1.191682410751017 ], [ 103.763434957685689, 1.191628489512044 ], [ 103.763501690497236, 1.191567000734437 ], [ 103.763591686214525, 1.191483754433189 ], [ 103.763660299112829, 1.191405711300024 ], [ 103.763655600144062, 1.191396723602281 ], [ 103.763524015544448, 1.191466724422162 ], [ 103.7633905517377, 1.191517805874125 ], [ 103.763206334740659, 1.19153672047426 ], [ 103.763027757434145, 1.191565096671914 ], [ 103.762896172716097, 1.191638881322681 ], [ 103.762796543351527, 1.191750507224826 ], [ 103.762734508439166, 1.191862134092854 ], [ 103.762623599802851, 1.191985112188648 ], [ 103.762523969854456, 1.192083493655924 ], [ 103.762388624919197, 1.192189442822604 ], [ 103.762264558408788, 1.19231620351874 ], [ 103.762188424780504, 1.192435398634907 ], [ 103.762075636807552, 1.192543240301929 ], [ 103.761972249091912, 1.192613241775438 ], [ 103.761880138641914, 1.192679459676892 ], [ 103.761821864756982, 1.192758921978605 ], [ 103.761795545523498, 1.19286865782338 ], [ 103.761772985254254, 1.192993530120261 ], [ 103.761718467274463, 1.19317137746269 ], [ 103.761635752957815, 1.193358683719979 ], [ 103.761553039184477, 1.193559234396663 ] ] ], [ [ [ 103.781334838712297, 1.201633924859427 ], [ 103.781356649289506, 1.201627751176538 ], [ 103.781340973263198, 1.201611973322642 ], [ 103.781334838712297, 1.201633924859427 ] ] ], [ [ [ 103.768802200158618, 1.188472751072313 ], [ 103.768761786601175, 1.188417882297652 ], [ 103.768698815837482, 1.188371525779067 ], [ 103.768600129061937, 1.188341251644038 ], [ 103.768515541390485, 1.188322329427896 ], [ 103.768424372991362, 1.188306245855291 ], [ 103.76833038546954, 1.188311919425805 ], [ 103.768182824988315, 1.188334620010274 ], [ 103.768091655681346, 1.188357321927654 ], [ 103.767967591110107, 1.188419755429677 ], [ 103.767868902337753, 1.188474620900679 ], [ 103.767806635043797, 1.18850773002519 ], [ 103.767726274340248, 1.188548405537444 ], [ 103.767665182267493, 1.188582460652407 ], [ 103.767778201856444, 1.188581517388788 ], [ 103.767847751730855, 1.188616993669853 ], [ 103.767991085401505, 1.188528545669867 ], [ 103.768030325419829, 1.188510100271395 ], [ 103.768081550130788, 1.188474152981838 ], [ 103.768140292279867, 1.188453815209397 ], [ 103.768277985553311, 1.188384760262078 ], [ 103.768320279616887, 1.188403681484064 ], [ 103.768395469045515, 1.188455240207567 ], [ 103.76840298809195, 1.188440577915933 ], [ 103.768427426445584, 1.188369154460391 ], [ 103.768460321799196, 1.188402265849012 ], [ 103.768566996574961, 1.188420715605371 ], [ 103.768601771562885, 1.188455718063947 ], [ 103.7686915291807, 1.188477478296783 ], [ 103.768784105237941, 1.188545592725121 ], [ 103.768829688060535, 1.188593839860557 ], [ 103.768855769892426, 1.188594786439268 ], [ 103.768839793217239, 1.188531404547635 ], [ 103.768802200158618, 1.188472751072313 ] ] ], [ [ [ 103.767878314561855, 1.209418999741908 ], [ 103.767838693914427, 1.209447942976652 ], [ 103.767819521097465, 1.209499397252707 ], [ 103.767796515390557, 1.209543777493684 ], [ 103.767760728697866, 1.20957271991592 ], [ 103.767715993789807, 1.209673057201666 ], [ 103.767608633810966, 1.209792688488578 ], [ 103.767461011947219, 1.210039670537647 ], [ 103.767438005936441, 1.21005896550326 ], [ 103.767324894885419, 1.210164446944415 ], [ 103.767280162872183, 1.21018116845848 ], [ 103.767266742219363, 1.210199820653993 ], [ 103.767227121445174, 1.210233265806676 ], [ 103.767138934530394, 1.210253203077759 ], [ 103.767068000916083, 1.210308515904333 ], [ 103.767041161191841, 1.21031752000474 ], [ 103.767034131478013, 1.210343890205485 ], [ 103.767008569385268, 1.210392129300135 ], [ 103.766947220922731, 1.210455160208361 ], [ 103.76695424998087, 1.21045580428925 ], [ 103.767042436575309, 1.210449374617572 ], [ 103.767174076378907, 1.210472532305182 ], [ 103.76726865220806, 1.210507266756434 ], [ 103.76735428194128, 1.210525278375568 ], [ 103.767409239606906, 1.210485401753877 ], [ 103.767429689753399, 1.210449384116326 ], [ 103.76743735931629, 1.210381205144229 ], [ 103.767445029746142, 1.210314313987604 ], [ 103.767455255890155, 1.210233271392583 ], [ 103.76746676015307, 1.210171525260956 ], [ 103.767462927311982, 1.210125215357677 ], [ 103.767478265346071, 1.210071187169036 ], [ 103.767510217765434, 1.210018446297131 ], [ 103.76756006389779, 1.209936118661682 ], [ 103.767608632062036, 1.209865368672486 ], [ 103.767666146971393, 1.209784328132738 ], [ 103.767708323572336, 1.209768892556331 ], [ 103.767747944488406, 1.209729015553067 ], [ 103.767788843706981, 1.209663411209416 ], [ 103.767818241112963, 1.209595232763276 ], [ 103.767843803630697, 1.209528342039088 ], [ 103.767873201372709, 1.209446013899885 ], [ 103.767878314561855, 1.209418999741908 ] ] ], [ [ [ 103.759598025690934, 1.196080046704577 ], [ 103.759650425869324, 1.19601146290561 ], [ 103.759677214129269, 1.195939803573647 ], [ 103.759665938951585, 1.195830776669965 ], [ 103.759688380437339, 1.195751076513107 ], [ 103.759717752015035, 1.19574279965516 ], [ 103.759734670038938, 1.195742800111671 ], [ 103.759734673861956, 1.195599243960905 ], [ 103.759770624105641, 1.195599007986957 ], [ 103.75974736254912, 1.195567552648452 ], [ 103.759725862834472, 1.195574883753683 ], [ 103.759535420798258, 1.195555958393562 ], [ 103.759399610119686, 1.195495174169357 ], [ 103.75936342532907, 1.195463245494883 ], [ 103.75939303383177, 1.195364625319563 ], [ 103.759456712373819, 1.195318745906535 ], [ 103.75951204798865, 1.195283035848013 ], [ 103.759588063578889, 1.195183707902922 ], [ 103.759675708424183, 1.195156985386384 ], [ 103.759709662322592, 1.195117490884085 ], [ 103.75984065966253, 1.195043705483692 ], [ 103.759878019282198, 1.195057659933562 ], [ 103.75991749636519, 1.194982217981368 ], [ 103.759977533584532, 1.19488927440938 ], [ 103.75997353936728, 1.194868462155317 ], [ 103.759984113223638, 1.194860657771378 ], [ 103.759978239886124, 1.194852616906274 ], [ 103.759903989685512, 1.194824234134495 ], [ 103.759905399596192, 1.19481855837904 ], [ 103.759921378879397, 1.194776934515349 ], [ 103.760003618283207, 1.194784032371651 ], [ 103.760030875155408, 1.194760856042961 ], [ 103.76004732435635, 1.194719232190978 ], [ 103.760057193327526, 1.194694636446815 ], [ 103.760084920093306, 1.194672406095658 ], [ 103.759996570541404, 1.194710243250901 ], [ 103.759855586493401, 1.194810516331483 ], [ 103.759735278555425, 1.194958090048211 ], [ 103.759611210900559, 1.195084850606203 ], [ 103.759496543291831, 1.195183232445584 ], [ 103.759419471038925, 1.195249450660758 ], [ 103.759351798689906, 1.195292965050872 ], [ 103.759278487095202, 1.195344047010493 ], [ 103.759233370891437, 1.195421617673338 ], [ 103.759237127056878, 1.1955408148599 ], [ 103.759299157027783, 1.195622172293635 ], [ 103.759417578811167, 1.195718668512171 ], [ 103.759534120366482, 1.195835975917157 ], [ 103.759575473067287, 1.195913548923652 ], [ 103.759588629458364, 1.195998689796076 ], [ 103.759598025690934, 1.196080046704577 ] ] ] ] } },
{ "type": "Feature", "properties": { "OBJECTID": 0, "ISLAND": "Terumbu Pempang Kechil" }, "geometry": { "type": "MultiPolygon", "coordinates": [ [ [ [ 103.740211680658462, 1.228093105663219 ], [ 103.740292042740407, 1.228083555681501 ], [ 103.740445699072879, 1.228092772008119 ], [ 103.740518834616651, 1.22799778829776 ], [ 103.740530412437963, 1.22796005049221 ], [ 103.740552982179267, 1.227886483068678 ], [ 103.740632724260692, 1.227903474332496 ], [ 103.740671922246648, 1.228031261445438 ], [ 103.740679284426577, 1.228039553816843 ], [ 103.740716582305282, 1.228081567352721 ], [ 103.740840561129247, 1.228126338601301 ], [ 103.740842102070403, 1.228126895743276 ], [ 103.740935929002376, 1.228101602135817 ], [ 103.741023966473563, 1.228085069803371 ], [ 103.741051234907502, 1.22807994933688 ], [ 103.741058125991231, 1.228070017849475 ], [ 103.741073393483987, 1.228048015200644 ], [ 103.741126522847253, 1.227971446343549 ], [ 103.741132775950348, 1.227962434572077 ], [ 103.741098323125797, 1.227805395066923 ], [ 103.741011267553787, 1.227644152962812 ], [ 103.740960247042665, 1.227510561233789 ], [ 103.740901152185998, 1.227489207141851 ], [ 103.740728185531765, 1.227462084665929 ], [ 103.740704304723778, 1.227435171766115 ], [ 103.740617197304857, 1.227371552138814 ], [ 103.740585067798818, 1.227301088391742 ], [ 103.740434863469233, 1.227166018173792 ], [ 103.740409183003408, 1.227137083050614 ], [ 103.740302982784641, 1.227079003785571 ], [ 103.740221135676407, 1.227056929009392 ], [ 103.740060253048981, 1.227035275605568 ], [ 103.739875935919045, 1.226968716977628 ], [ 103.739808583994844, 1.226964672101489 ], [ 103.739744421855718, 1.227036946622318 ], [ 103.739687799889339, 1.227063102455428 ], [ 103.739598411659344, 1.227191909691679 ], [ 103.739559555012264, 1.22730091132521 ], [ 103.739553595223967, 1.22740159396929 ], [ 103.739553786583414, 1.227402313849867 ], [ 103.739583399685117, 1.227513639401365 ], [ 103.739567453748435, 1.227588781546689 ], [ 103.739565077794552, 1.227596528245642 ], [ 103.739558200648233, 1.227618947188745 ], [ 103.739512763817359, 1.227659807467395 ], [ 103.739471896327657, 1.227793012523523 ], [ 103.739417362467975, 1.227871602548364 ], [ 103.739530308340761, 1.227864830138854 ], [ 103.739620006110101, 1.227904562019116 ], [ 103.739639034652583, 1.227912990459298 ], [ 103.739656929557583, 1.227912990186048 ], [ 103.739674825361107, 1.227912989912692 ], [ 103.739682836963652, 1.227952935957084 ], [ 103.739758289672267, 1.227991087406694 ], [ 103.739770311924005, 1.228015009164819 ], [ 103.739817985610955, 1.228039071450417 ], [ 103.739817985883477, 1.228057083670085 ], [ 103.739889567304743, 1.228057083476259 ], [ 103.739889566952257, 1.228093106106904 ], [ 103.739925357663409, 1.228093106461486 ], [ 103.739925357936656, 1.228111117776856 ], [ 103.740014833367511, 1.228111118209001 ], [ 103.74003272917254, 1.228111117933352 ], [ 103.740050763902516, 1.228147000116854 ], [ 103.740086413816456, 1.22816515286059 ], [ 103.740106327727048, 1.228190182740543 ], [ 103.740165037611106, 1.228197538185315 ], [ 103.740165029522331, 1.228197598777424 ], [ 103.740106319619045, 1.22819079861221 ], [ 103.74008605799763, 1.228165304781278 ], [ 103.740050728823988, 1.228148046464876 ], [ 103.740032415582718, 1.228111309647536 ], [ 103.739925256392922, 1.228111437013807 ], [ 103.739924997347231, 1.228093394940959 ], [ 103.739889406996795, 1.228093655050293 ], [ 103.739889538535138, 1.228057572736217 ], [ 103.739817579735941, 1.228057570203667 ], [ 103.739817710657292, 1.228039267687732 ], [ 103.739770171725326, 1.228015863783945 ], [ 103.739758352557146, 1.227991416597436 ], [ 103.739682498206875, 1.227953370039908 ], [ 103.739674576462832, 1.227913234082227 ], [ 103.739639506352958, 1.227913625339527 ], [ 103.739530530260325, 1.227865249771639 ], [ 103.739564232912258, 1.227965459024309 ], [ 103.739622420495877, 1.228057498211108 ], [ 103.73975126631646, 1.22818719127775 ], [ 103.739865567667707, 1.228243672840574 ], [ 103.740040137777441, 1.228283422163554 ], [ 103.740168989497377, 1.228243683502253 ], [ 103.740264589209545, 1.228218585324187 ], [ 103.740547228829641, 1.228229054185012 ], [ 103.740771679024732, 1.228199777802897 ], [ 103.740944174502772, 1.228160040623544 ], [ 103.741052244822157, 1.228080557104674 ], [ 103.7408426016313, 1.228127353368915 ], [ 103.740715831124476, 1.228082114466815 ], [ 103.74067141005942, 1.228032172122238 ], [ 103.740632577786712, 1.227903920178895 ], [ 103.740552956107109, 1.227886921684359 ], [ 103.740519051150898, 1.227998045144736 ], [ 103.740445789821464, 1.228092825368769 ], [ 103.740292195484741, 1.228083668732358 ], [ 103.740211728269614, 1.228093405009403 ], [ 103.740176073515244, 1.228111249575939 ], [ 103.740169098219923, 1.228165789721578 ], [ 103.74017589022192, 1.228111117532356 ], [ 103.740211680658462, 1.228093105663219 ] ] ], [ [ [ 103.739558010169077, 1.227618750030649 ], [ 103.739582433768177, 1.227513901632866 ], [ 103.739552562866578, 1.227400423685725 ], [ 103.739558541486787, 1.22730080367012 ], [ 103.739597511357417, 1.227191510835367 ], [ 103.739687400083824, 1.227062086840469 ], [ 103.739743773123791, 1.227036987295861 ], [ 103.73980872059164, 1.2269640399558 ], [ 103.739875223419801, 1.226967964521644 ], [ 103.740058885543391, 1.227034122493337 ], [ 103.740124609168348, 1.227043537420272 ], [ 103.740097592513266, 1.227017390402112 ], [ 103.739977060582689, 1.226865733355056 ], [ 103.739956279114494, 1.226829127583711 ], [ 103.739942773250633, 1.226758007011685 ], [ 103.739903288546216, 1.226711987057038 ], [ 103.739811846631738, 1.226702571220869 ], [ 103.739773398256801, 1.226724533254896 ], [ 103.739731831757098, 1.226779962980826 ], [ 103.739701694729916, 1.226852127461768 ], [ 103.739636222269212, 1.227087447928126 ], [ 103.739583224574588, 1.227175299605102 ], [ 103.739543735718215, 1.227248509198407 ], [ 103.739508403772106, 1.227311260871318 ], [ 103.73949281360639, 1.227387609450502 ], [ 103.739483459197132, 1.227462911900474 ], [ 103.739475143329145, 1.22754239797529 ], [ 103.739494101534902, 1.227712615340539 ], [ 103.739511768258652, 1.22765979929296 ], [ 103.739558010169077, 1.227618750030649 ] ] ] ] } },
{ "type": "Feature", "properties": { "OBJECTID": 0, "ISLAND": "Pulau Salu" }, "geometry": { "type": "MultiPolygon", "coordinates": [ [ [ [ 103.710926535058206, 1.216484249403668 ], [ 103.710898669125015, 1.216431251537242 ], [ 103.710858362052306, 1.216345291772989 ], [ 103.710837058422825, 1.216322143621105 ], [ 103.710818482419754, 1.216304835971942 ], [ 103.710801268628089, 1.216286121195609 ], [ 103.710782691727047, 1.216268812641839 ], [ 103.710722443905851, 1.216203362020167 ], [ 103.71065742475929, 1.216142730531192 ], [ 103.710640210969771, 1.216124014849659 ], [ 103.710621634969343, 1.216106707199373 ], [ 103.710602769792175, 1.216086198089665 ], [ 103.710498019657535, 1.216036454217625 ], [ 103.71046330457051, 1.215998742486952 ], [ 103.710343726024917, 1.21599395835127 ], [ 103.710138464852193, 1.216015944855966 ], [ 103.710067564943714, 1.21603466010999 ], [ 103.70999530295073, 1.216051969014504 ], [ 103.709785078404479, 1.216132722597293 ], [ 103.709554991864863, 1.216181164155002 ], [ 103.709476682897701, 1.216178050434557 ], [ 103.70938055787397, 1.216181885015772 ], [ 103.709136333614993, 1.21614273016298 ], [ 103.709011749113287, 1.216106003625887 ], [ 103.708882182992767, 1.216074958062094 ], [ 103.708783069244276, 1.2160063059613 ], [ 103.708653163103321, 1.215944602457767 ], [ 103.708635949257982, 1.215907875466723 ], [ 103.708563687667592, 1.215818520115151 ], [ 103.708496144011704, 1.215713246380021 ], [ 103.70843910276551, 1.215673723052326 ], [ 103.70834894472658, 1.215620392172189 ], [ 103.708260149801873, 1.215565653259385 ], [ 103.708130698299954, 1.215524404642251 ], [ 103.708098412485555, 1.21549430954526 ], [ 103.708081198718972, 1.215475594753823 ], [ 103.708023554485891, 1.215438145999425 ], [ 103.707931104730847, 1.215337702198263 ], [ 103.707930496467384, 1.215337041984689 ], [ 103.707912776335391, 1.215329258206858 ], [ 103.70779487573401, 1.215277466144274 ], [ 103.707651032550288, 1.21526015804002 ], [ 103.707615084794924, 1.215241002848225 ], [ 103.707268487459686, 1.215204644756993 ], [ 103.70698934706067, 1.215224152311596 ], [ 103.706938929747011, 1.215222128686229 ], [ 103.706898391732253, 1.215236433802481 ], [ 103.706849749887922, 1.215253597228195 ], [ 103.706674126947576, 1.215260599569687 ], [ 103.706667137395527, 1.215260878688059 ], [ 103.706631067523702, 1.215259436335074 ], [ 103.706612310686268, 1.215267190363739 ], [ 103.706537423506276, 1.215298150413086 ], [ 103.706470010834437, 1.215295460364568 ], [ 103.706381155086234, 1.21533220405573 ], [ 103.706308892200639, 1.215349512860507 ], [ 103.706255146843489, 1.21542326565327 ], [ 103.706183853340548, 1.215385307963695 ], [ 103.706166412300647, 1.215404251736606 ], [ 103.706147836514035, 1.215421559462676 ], [ 103.706130622864137, 1.215458286643035 ], [ 103.706102756936048, 1.215484266770928 ], [ 103.706076936826477, 1.215512321604559 ], [ 103.706022569636119, 1.215529629440753 ], [ 103.705987461235608, 1.215584367971598 ], [ 103.705953103258324, 1.215616398883294 ], [ 103.705915879599218, 1.215674426481208 ], [ 103.705879408106952, 1.215691735163834 ], [ 103.705812764050251, 1.215833875273113 ], [ 103.705755243159118, 1.215887523881224 ], [ 103.705736927812524, 1.2159265905931 ], [ 103.705630150726051, 1.216011091011544 ], [ 103.705593766244561, 1.21608869539205 ], [ 103.705575190449593, 1.216106003113183 ], [ 103.70555797678702, 1.216142730288398 ], [ 103.705539399194365, 1.216160038913489 ], [ 103.705522185530924, 1.216196766088389 ], [ 103.705485714029379, 1.216214073860204 ], [ 103.705451662437184, 1.216322337163268 ], [ 103.705414132459836, 1.21634015584856 ], [ 103.705395739817476, 1.216398622951035 ], [ 103.705335990492983, 1.216454346954798 ], [ 103.70530676146484, 1.21653828402173 ], [ 103.705289547894282, 1.216611034690282 ], [ 103.705235181576384, 1.216628342507546 ], [ 103.705226574316171, 1.216655711741417 ], [ 103.705205402029051, 1.216706440073837 ], [ 103.70519078409059, 1.216763782326702 ], [ 103.705181285627674, 1.216826594412207 ], [ 103.705183278745679, 1.216860154518015 ], [ 103.70516444758016, 1.216881368167391 ], [ 103.705101928096923, 1.216937584005169 ], [ 103.705044214821356, 1.217125704142459 ], [ 103.705021286208563, 1.21715154341158 ], [ 103.70500141651587, 1.217169396396433 ], [ 103.704948149993214, 1.217471109269468 ], [ 103.704969050898157, 1.217649256234998 ], [ 103.70496653483923, 1.217691857946651 ], [ 103.705019302548735, 1.21771623758207 ], [ 103.705042606771457, 1.217841897237252 ], [ 103.705074971690024, 1.217870989435008 ], [ 103.705109800755267, 1.217910232321801 ], [ 103.705268149136074, 1.217900734137748 ], [ 103.705343670670018, 1.217985814802598 ], [ 103.705479509315936, 1.218017634072272 ], [ 103.70560274929386, 1.218062134618438 ], [ 103.705763430227677, 1.218071774649428 ], [ 103.705808386639958, 1.218069083597344 ], [ 103.706053003721067, 1.218106531347048 ], [ 103.706148359765251, 1.218100814876649 ], [ 103.706220265056842, 1.218123153347241 ], [ 103.706272936897577, 1.218142185456181 ], [ 103.706363425524472, 1.218159177305665 ], [ 103.706421341011421, 1.218180090735842 ], [ 103.706592631654175, 1.218169830709913 ], [ 103.706593416059789, 1.21816978372017 ], [ 103.706593718854151, 1.218169893162442 ], [ 103.706666630302749, 1.218196220815089 ], [ 103.706739225012939, 1.218213211805748 ], [ 103.706774002039026, 1.218232243963608 ], [ 103.706967441333333, 1.218255040338592 ], [ 103.707044850008643, 1.218297378134884 ], [ 103.707222395431046, 1.218321281587272 ], [ 103.707275067284513, 1.218340314581976 ], [ 103.707409787513996, 1.218348809274611 ], [ 103.707521134835787, 1.218373259446216 ], [ 103.70756190569476, 1.218376548722045 ], [ 103.70766142558962, 1.218368226019346 ], [ 103.707678216202439, 1.218366821427095 ], [ 103.707759032696515, 1.218356653846248 ], [ 103.70780348265599, 1.218366821877382 ], [ 103.707814640392826, 1.218406107033074 ], [ 103.707818729766359, 1.218420504686765 ], [ 103.707964539019244, 1.218438868283122 ], [ 103.707964539085154, 1.218456879580475 ], [ 103.708036120175592, 1.218456879314335 ], [ 103.708049203716755, 1.218470587359635 ], [ 103.70805809588866, 1.218479904525435 ], [ 103.708187232594469, 1.218491979292524 ], [ 103.708295486107417, 1.218502102366696 ], [ 103.708318148473339, 1.218501631347555 ], [ 103.708354703690887, 1.218500870676314 ], [ 103.7085463075436, 1.218519744631602 ], [ 103.708565756645058, 1.218523082638435 ], [ 103.708630316233297, 1.218534164096162 ], [ 103.708765314348952, 1.218557337454382 ], [ 103.708857411409937, 1.218573145485996 ], [ 103.70898456506346, 1.218546937523423 ], [ 103.709083067035024, 1.218556330292138 ], [ 103.709219334061018, 1.218535874491281 ], [ 103.709330270809858, 1.218540306490741 ], [ 103.709351757915087, 1.218520272222797 ], [ 103.709385223869418, 1.218483914752827 ], [ 103.709548604275938, 1.218448226190928 ], [ 103.70956581798157, 1.218429510285045 ], [ 103.709620185216721, 1.218412202381042 ], [ 103.709672848458425, 1.218384146944256 ], [ 103.709727556624557, 1.218358167114411 ], [ 103.709780560796432, 1.218321440656116 ], [ 103.709834927051517, 1.218286120544314 ], [ 103.710008768837838, 1.218151930092475 ], [ 103.710021955727115, 1.218145668888539 ], [ 103.710009969269777, 1.218151577446081 ], [ 103.709847915428284, 1.218278578753819 ], [ 103.709730520016123, 1.218356209304789 ], [ 103.709845883357644, 1.218329654383865 ], [ 103.709954480848708, 1.218284031550935 ], [ 103.710031616124311, 1.218254070836273 ], [ 103.710140552442766, 1.218206405054117 ], [ 103.710229190902012, 1.218147841660933 ], [ 103.710285352058278, 1.218099832500377 ], [ 103.710404098078129, 1.218078045512324 ], [ 103.71051370990223, 1.218053874198279 ], [ 103.710564795222965, 1.218028339130338 ], [ 103.710627045822122, 1.217975563341982 ], [ 103.710654451099415, 1.217923125996561 ], [ 103.710666294899269, 1.217852982313588 ], [ 103.71065682461321, 1.217792031411538 ], [ 103.710638896490238, 1.217753552645472 ], [ 103.710605740067862, 1.217800541842971 ], [ 103.710579351360735, 1.217825397058642 ], [ 103.71053672299351, 1.217867958962647 ], [ 103.710507288894618, 1.21789996483832 ], [ 103.710435226733011, 1.217967722760131 ], [ 103.710382605019618, 1.21799176826875 ], [ 103.710432486246347, 1.217968084379672 ], [ 103.710506338300362, 1.217899204225215 ], [ 103.710532158393846, 1.217871148442659 ], [ 103.710550735971026, 1.217853840685462 ], [ 103.710576556063614, 1.217825784902377 ], [ 103.71060442197998, 1.217799804726484 ], [ 103.710660430781076, 1.217722939125682 ], [ 103.710741439793864, 1.21764739232487 ], [ 103.710765478026786, 1.217601676955928 ], [ 103.710791298436078, 1.21754660422116 ], [ 103.710826826063069, 1.217479025489862 ], [ 103.710827754349012, 1.217476361278027 ], [ 103.710906682017239, 1.217249692554872 ], [ 103.710917556115987, 1.217203749587153 ], [ 103.710925852783561, 1.217168693227058 ], [ 103.710942481050409, 1.217120943604067 ], [ 103.710970617183506, 1.217040148166805 ], [ 103.710977333532426, 1.217001323252325 ], [ 103.710984482179143, 1.216960000506093 ], [ 103.711009666911337, 1.216814422676416 ], [ 103.710973150896777, 1.216583665476851 ], [ 103.710926535058206, 1.216484249403668 ] ] ], [ [ [ 103.705558010058695, 1.216142163254307 ], [ 103.7055747573867, 1.216105559050257 ], [ 103.705593534451495, 1.216088194363848 ], [ 103.705629905464662, 1.216010390118438 ], [ 103.705736644794712, 1.215926290331083 ], [ 103.705754915227871, 1.215886962256134 ], [ 103.705812598780966, 1.215832654375027 ], [ 103.705878913035988, 1.2156915171888 ], [ 103.705915451020871, 1.215674153343179 ], [ 103.705953343207511, 1.215615417660675 ], [ 103.705986837663914, 1.215584433056142 ], [ 103.706022362104108, 1.215529102187196 ], [ 103.706076661009973, 1.215511739181608 ], [ 103.70609662164928, 1.215489266703896 ], [ 103.706116582097067, 1.215470880138674 ], [ 103.706054290335345, 1.215500543913626 ], [ 103.705975802398925, 1.215540038250076 ], [ 103.705886485228618, 1.21562516080751 ], [ 103.705720709693367, 1.215772252113889 ], [ 103.705615152706613, 1.215896872851916 ], [ 103.7055068893537, 1.216022174441096 ], [ 103.705452078463651, 1.216131134019202 ], [ 103.705398618967351, 1.216277549667331 ], [ 103.705367491776272, 1.216353141182043 ], [ 103.705245690571786, 1.216590809227483 ], [ 103.705110355886305, 1.216867294594879 ], [ 103.704958104483268, 1.217170338477026 ], [ 103.704884345467363, 1.217340588529791 ], [ 103.704859304804415, 1.2174727039245 ], [ 103.704875539273161, 1.21756532324016 ], [ 103.70490733431059, 1.217674967937022 ], [ 103.704964164726846, 1.217783251862843 ], [ 103.7050155837223, 1.217846588682844 ], [ 103.705089331482213, 1.217914693469238 ], [ 103.705182700979293, 1.217964411682478 ], [ 103.705331552124449, 1.218029796114234 ], [ 103.705552122723176, 1.218133320954136 ], [ 103.705633312614339, 1.218207555856011 ], [ 103.705763219113862, 1.218262042691385 ], [ 103.705834261952674, 1.218281795557192 ], [ 103.705974319938719, 1.218296784807065 ], [ 103.706184070257152, 1.218275002338043 ], [ 103.706454713476958, 1.218279782075257 ], [ 103.706727384483074, 1.21834585328493 ], [ 103.706850525929923, 1.218384677085087 ], [ 103.707215213894273, 1.218488889587896 ], [ 103.70741684154747, 1.218546785557566 ], [ 103.707730107613301, 1.218649632699762 ], [ 103.707918202049029, 1.218703442085986 ], [ 103.708044052127335, 1.218693232293532 ], [ 103.708242979367284, 1.218623778364996 ], [ 103.708381686849719, 1.21856249343616 ], [ 103.708462544728249, 1.218512272494153 ], [ 103.708355470999578, 1.218501371729345 ], [ 103.708295422283868, 1.218502730896135 ], [ 103.708057763398799, 1.218480756419991 ], [ 103.708036112961977, 1.218457430975537 ], [ 103.707964392586121, 1.218457768562639 ], [ 103.707963716854394, 1.218439381018538 ], [ 103.707818922901112, 1.218421497686599 ], [ 103.707803405376723, 1.218366972902407 ], [ 103.707758919455301, 1.218357266094818 ], [ 103.707678402180392, 1.218367137058561 ], [ 103.70756287067853, 1.218377006375145 ], [ 103.707521089902158, 1.218373429464379 ], [ 103.707409788400042, 1.218349077870531 ], [ 103.707275481472678, 1.218340899724449 ], [ 103.707222537386812, 1.218321487788764 ], [ 103.707044421396773, 1.218297814017712 ], [ 103.706968304780588, 1.218255587519069 ], [ 103.706773780089478, 1.218232594846031 ], [ 103.706738935684527, 1.218213353777095 ], [ 103.706667722860018, 1.218197006758364 ], [ 103.706593127613672, 1.218170272966974 ], [ 103.706421944787166, 1.218180650565235 ], [ 103.706363588122926, 1.21815987638609 ], [ 103.706273431057696, 1.218142676548803 ], [ 103.706147921275331, 1.218101128669818 ], [ 103.70605336489011, 1.218107253950341 ], [ 103.705808772093761, 1.218069275340693 ], [ 103.70576411576792, 1.218072338100312 ], [ 103.705603252422932, 1.218062966656485 ], [ 103.705478927052496, 1.218018183897253 ], [ 103.70534377578754, 1.217985999297702 ], [ 103.705267661220219, 1.217901208905048 ], [ 103.705109841140484, 1.21791124701914 ], [ 103.705075674260499, 1.217872427405975 ], [ 103.705042183536335, 1.217842631559828 ], [ 103.705019015903417, 1.21771664272299 ], [ 103.704965733335584, 1.217692463831512 ], [ 103.704968441723125, 1.217648879086397 ], [ 103.70494764498666, 1.217471984668738 ], [ 103.705000773177176, 1.217169447009956 ], [ 103.705021072393009, 1.217150890451183 ], [ 103.705043909343061, 1.21712535323496 ], [ 103.705101260517679, 1.216937225845445 ], [ 103.705164187932837, 1.216880874372716 ], [ 103.705182965182615, 1.216859763818152 ], [ 103.705180767154204, 1.216827245528862 ], [ 103.705190243170875, 1.21676408164503 ], [ 103.705205300524511, 1.216705855850416 ], [ 103.705226107983009, 1.216655802155443 ], [ 103.705234736833589, 1.216627881261119 ], [ 103.705289204670166, 1.21661085832308 ], [ 103.705306122643123, 1.216537820052946 ], [ 103.705335221386548, 1.216453886597267 ], [ 103.705395272601237, 1.216398386889967 ], [ 103.70541354395688, 1.216339650281504 ], [ 103.705451773879389, 1.216321775559096 ], [ 103.705485271089131, 1.21621349595106 ], [ 103.705521639256176, 1.21619630212407 ], [ 103.705538894253479, 1.216159527924257 ], [ 103.705558010058695, 1.216142163254307 ] ] ] ] } },
{ "type": "Feature", "properties": { "OBJECTID": 0, "ISLAND": "Terumbu Palat" }, "geometry": { "type": "MultiPolygon", "coordinates": [ [ [ [ 103.73622701117732, 1.206437105210385 ], [ 103.736147487966463, 1.206373008257486 ], [ 103.736083789017457, 1.206292939896584 ], [ 103.735980472302913, 1.206280012815237 ], [ 103.735906898762323, 1.206324988715726 ], [ 103.73585518805578, 1.206363017172632 ], [ 103.735801274736744, 1.206385883884283 ], [ 103.735756620294666, 1.206442011632984 ], [ 103.735747817180155, 1.206453076210415 ], [ 103.735727946919269, 1.206469082738258 ], [ 103.735719986902879, 1.206497102364746 ], [ 103.73570076354622, 1.206513777240787 ], [ 103.735648405798287, 1.20660517310137 ], [ 103.735605511358713, 1.206641038632283 ], [ 103.735586602699371, 1.206827752061623 ], [ 103.73559745316679, 1.206902224126611 ], [ 103.735611444961179, 1.206998265389541 ], [ 103.735671840822505, 1.207082748747652 ], [ 103.735649311175649, 1.207143091629528 ], [ 103.735634513064596, 1.207182727565341 ], [ 103.735696080044178, 1.207257325361299 ], [ 103.735796398811274, 1.207285556902228 ], [ 103.735819240418877, 1.20724541662054 ], [ 103.735831854374155, 1.207202152295839 ], [ 103.735838594936595, 1.207179034278818 ], [ 103.735855711081769, 1.207193346458706 ], [ 103.735872926060551, 1.207207740034849 ], [ 103.735889397121738, 1.207245961770159 ], [ 103.735916833557667, 1.207235585181135 ], [ 103.73601213774711, 1.207187547888495 ], [ 103.736024204719271, 1.207163537455338 ], [ 103.736032165891928, 1.207153529144142 ], [ 103.736052035257984, 1.207137522614372 ], [ 103.73608585095306, 1.207081482194792 ], [ 103.736117683449805, 1.2070558364776 ], [ 103.736170250390629, 1.206918180580689 ], [ 103.736193221945754, 1.206811306365373 ], [ 103.736239348007459, 1.2067084791066 ], [ 103.736256100289097, 1.206671133990969 ], [ 103.73622701117732, 1.206437105210385 ] ] ], [ [ [ 103.736840105008852, 1.205579048354865 ], [ 103.736838706760381, 1.205583720250281 ], [ 103.73682948874405, 1.205614527086844 ], [ 103.736805161775663, 1.205633435569351 ], [ 103.736785903849409, 1.205764583964615 ], [ 103.736805695643199, 1.205884228432423 ], [ 103.7368294884796, 1.205902714484917 ], [ 103.736829593593058, 1.205903067190698 ], [ 103.736804458319142, 1.205886314756387 ], [ 103.736784724896225, 1.205767590933397 ], [ 103.736803527156084, 1.205639880914437 ], [ 103.736770161093688, 1.205660691856264 ], [ 103.736713762607963, 1.205808266699803 ], [ 103.736740071245336, 1.206031524402596 ], [ 103.736672393561136, 1.20620937062269 ], [ 103.736672383145702, 1.206504523430538 ], [ 103.736727484164788, 1.206510792643662 ], [ 103.736793276199464, 1.206502281309645 ], [ 103.736898780463861, 1.206422820404788 ], [ 103.737008514582953, 1.206327278242367 ], [ 103.737098275760289, 1.206254912409008 ], [ 103.737235267765854, 1.206140923985615 ], [ 103.737384242979218, 1.206033557733917 ], [ 103.737484811887995, 1.205973962795984 ], [ 103.737598539810321, 1.205905381652797 ], [ 103.737716028064568, 1.205834908707389 ], [ 103.737844089907213, 1.20574125908409 ], [ 103.737886855903312, 1.20570294720423 ], [ 103.737929623577614, 1.205616389302547 ], [ 103.737942785572358, 1.205521789654242 ], [ 103.737957357287797, 1.205402593157979 ], [ 103.73796770006345, 1.205299006742828 ], [ 103.737965823157978, 1.20521906902077 ], [ 103.737955487145513, 1.205128252403635 ], [ 103.737920715118264, 1.205040272820071 ], [ 103.737890640108589, 1.204989660826125 ], [ 103.737826025687511, 1.204931478989576 ], [ 103.737777152850668, 1.204908773201692 ], [ 103.737708071562665, 1.204887012664191 ], [ 103.737610559900347, 1.204881806410793 ], [ 103.737515630847383, 1.204894101501139 ], [ 103.737416707249125, 1.20492531574533 ], [ 103.737341046008993, 1.204959369609893 ], [ 103.737282301757261, 1.204998625975299 ], [ 103.737238126332358, 1.205027478146634 ], [ 103.737196300099328, 1.205068154057888 ], [ 103.737139200652635, 1.205117817901192 ], [ 103.737091734894136, 1.205171738023484 ], [ 103.737018185032937, 1.20528572870252 ], [ 103.736977767875558, 1.205345798749567 ], [ 103.736950509833207, 1.20539404379867 ], [ 103.736907272278273, 1.205478709736216 ], [ 103.736947227244073, 1.205428887024533 ], [ 103.736840105008852, 1.205579048354865 ] ] ], [ [ [ 103.735610562602716, 1.20699881701974 ], [ 103.735600433440879, 1.206929919481343 ], [ 103.735585500213631, 1.206828076688477 ], [ 103.735591087337866, 1.206772776832996 ], [ 103.735604600292476, 1.206640343143335 ], [ 103.735647789428342, 1.20660491533532 ], [ 103.735700072617945, 1.206513010315059 ], [ 103.735719361540092, 1.206497061645782 ], [ 103.735727675577948, 1.206468823175959 ], [ 103.735747614151592, 1.206452090446174 ], [ 103.735765539369623, 1.20642947385054 ], [ 103.735785023579822, 1.206404765516749 ], [ 103.73578463491998, 1.206393652676253 ], [ 103.735740990988575, 1.206433395191781 ], [ 103.735669289383139, 1.206519154357449 ], [ 103.735581999719855, 1.206648839731495 ], [ 103.735550823945502, 1.206702178000046 ], [ 103.735551859191418, 1.206823500293524 ], [ 103.735553934162738, 1.206915537505463 ], [ 103.735556009358049, 1.207001299334722 ], [ 103.735552889168019, 1.207067189383064 ], [ 103.735566395866272, 1.207110071201019 ], [ 103.735578863175363, 1.20717282366981 ], [ 103.735590291466607, 1.207219889000907 ], [ 103.735611072482541, 1.20726381652677 ], [ 103.735624577763616, 1.207346441530194 ], [ 103.73564639757295, 1.207387230949924 ], [ 103.735720173023537, 1.207425931357525 ], [ 103.735794989620459, 1.20742070502649 ], [ 103.735890588160501, 1.207383056180295 ], [ 103.735968523778467, 1.207319260622584 ], [ 103.736039186792524, 1.207231409618788 ], [ 103.736012820600052, 1.207188004616977 ], [ 103.735916896434787, 1.207236111523325 ], [ 103.735888969403675, 1.207246700620236 ], [ 103.735872215318849, 1.207208263636047 ], [ 103.735838705418345, 1.207180023657166 ], [ 103.735819803772912, 1.207245782908346 ], [ 103.735796228081114, 1.207285917737345 ], [ 103.735695629867806, 1.207257936695186 ], [ 103.735633675622154, 1.207183545984601 ], [ 103.735670827305526, 1.207082620291316 ], [ 103.735651344917684, 1.207056081021874 ], [ 103.735610562602716, 1.20699881701974 ] ] ], [ [ [ 103.735307290782259, 1.207042362924925 ], [ 103.73533425311436, 1.206922894689885 ], [ 103.735318331491868, 1.206847329968681 ], [ 103.735290501660955, 1.206803302705345 ], [ 103.73522777230275, 1.206821349728186 ], [ 103.735158930821711, 1.206876837201782 ], [ 103.735147205800416, 1.206886287380824 ], [ 103.735123503268397, 1.206905393020217 ], [ 103.735071918268588, 1.206970229530061 ], [ 103.735035967182071, 1.207015415679713 ], [ 103.734989576563379, 1.20705280763899 ], [ 103.73490295929335, 1.207122624107329 ], [ 103.734875413995496, 1.20718685827734 ], [ 103.734850959836962, 1.207243887490799 ], [ 103.734827289731172, 1.207435384821915 ], [ 103.734924664062504, 1.207513764181453 ], [ 103.735091085577963, 1.207488927357169 ], [ 103.735155300340764, 1.20744171645912 ], [ 103.73519306537969, 1.207425710586594 ], [ 103.735222635249983, 1.207355088962865 ], [ 103.735256869549829, 1.207327500769894 ], [ 103.735256905491326, 1.207327472735925 ], [ 103.735257338666031, 1.207324908879383 ], [ 103.735298462399399, 1.207081482683208 ], [ 103.735307290782259, 1.207042362924925 ] ] ], [ [ [ 103.734969669735563, 1.207611024753792 ], [ 103.735040329857554, 1.20760475194357 ], [ 103.735094363311859, 1.207590111350105 ], [ 103.735160868041589, 1.207552462377149 ], [ 103.735239841947688, 1.207500171295902 ], [ 103.735273095434593, 1.207462521112173 ], [ 103.735293878845425, 1.207414411504466 ], [ 103.735298037160788, 1.207364209499067 ], [ 103.735308430401176, 1.207309824131481 ], [ 103.735318823790877, 1.207251255175391 ], [ 103.735331294090571, 1.207205237059731 ], [ 103.735337531037402, 1.207144576158513 ], [ 103.735337532909384, 1.207092283112293 ], [ 103.735343769631015, 1.207037897593563 ], [ 103.735341693019905, 1.206991878950159 ], [ 103.735307399924011, 1.207055676073025 ], [ 103.735295968079996, 1.207107969608922 ], [ 103.735284534961721, 1.207195822741632 ], [ 103.735261669360341, 1.207328648582197 ], [ 103.735226338852499, 1.207356885164485 ], [ 103.735195163342027, 1.207427481407745 ], [ 103.735156196049005, 1.207444737067788 ], [ 103.73509436689757, 1.207490229760811 ], [ 103.734992273789885, 1.207505914954522 ], [ 103.734957983645245, 1.207512188184109 ], [ 103.734922133739744, 1.207516894093435 ], [ 103.734867062928046, 1.207469827170009 ], [ 103.734823421620277, 1.207435835054195 ], [ 103.734804717218196, 1.207437925261859 ], [ 103.734801340025967, 1.207454136769531 ], [ 103.734830431961328, 1.207531532405787 ], [ 103.734890698229748, 1.207596379317586 ], [ 103.734969669735563, 1.207611024753792 ] ] ] ] } },
{ "type": "Feature", "properties": { "OBJECTID": 0, "ISLAND": "Pulau Salu" }, "geometry": { "type": "MultiPolygon", "coordinates": [ [ [ [ 103.708461681247144, 1.216715921328026 ], [ 103.708477374872302, 1.216731698675397 ], [ 103.708483500155467, 1.216709746447796 ], [ 103.708546473934391, 1.216718401422774 ], [ 103.708563783016103, 1.21675532195275 ], [ 103.70861737307952, 1.216736413307002 ], [ 103.708716495284975, 1.216719104786849 ], [ 103.708742638828483, 1.2167698154571 ], [ 103.708635268106448, 1.21679044712921 ], [ 103.708618054710328, 1.216802548517144 ], [ 103.708745268876442, 1.216826471222698 ], [ 103.708778429304715, 1.216790447454354 ], [ 103.708809449511179, 1.216773139383199 ], [ 103.708832123812286, 1.216845203716322 ], [ 103.708902629469733, 1.21684238989863 ], [ 103.708921591573969, 1.216865149984017 ], [ 103.708885093256342, 1.216899185808843 ], [ 103.708889078018743, 1.217000466536936 ], [ 103.708940875374367, 1.217024599161302 ], [ 103.708937363573583, 1.216935402556631 ], [ 103.709028962561646, 1.216956528209677 ], [ 103.708984748204443, 1.217040623800677 ], [ 103.709047539075996, 1.217060623088819 ], [ 103.709064753007013, 1.217115361376532 ], [ 103.709137015245801, 1.217132669716977 ], [ 103.709154229029679, 1.217151384503269 ], [ 103.709172805026171, 1.217168693067722 ], [ 103.709194414617414, 1.217260018477952 ], [ 103.709279835655622, 1.217256605749516 ], [ 103.70935141658785, 1.217259455093525 ], [ 103.70941954657961, 1.217256746059508 ], [ 103.709458446822907, 1.217277466820205 ], [ 103.709535716436022, 1.217295988133186 ], [ 103.70956854462554, 1.21729466927932 ], [ 103.709601608904407, 1.217258751306444 ], [ 103.70972905950417, 1.217241232437123 ], [ 103.709762664713409, 1.21720471579842 ], [ 103.709799138004627, 1.217187408871514 ], [ 103.709816789879909, 1.217175177267656 ], [ 103.709847110311145, 1.217154167593214 ], [ 103.709852142151234, 1.217150681504671 ], [ 103.709967418982103, 1.21712853172241 ], [ 103.709988452493008, 1.217124490186756 ], [ 103.710004591713343, 1.217142027437726 ], [ 103.709996631639072, 1.217224081759767 ], [ 103.709960692751778, 1.217285610269205 ], [ 103.709942945132141, 1.217368176009736 ], [ 103.709923075629831, 1.217402194527694 ], [ 103.709871364778195, 1.217530280732135 ], [ 103.709782806482323, 1.217723027208885 ], [ 103.709871365314868, 1.217834474168392 ], [ 103.709877190351662, 1.217854981778251 ], [ 103.709879324880987, 1.217862494422274 ], [ 103.709857812394361, 1.21788763020747 ], [ 103.709654970980466, 1.21792486704887 ], [ 103.709638404180794, 1.217944215135587 ], [ 103.70960128577326, 1.217960890783694 ], [ 103.70956961862656, 1.217997880490518 ], [ 103.709440228118638, 1.218014925372318 ], [ 103.709369975953905, 1.218034273685973 ], [ 103.709266723909977, 1.21805632903692 ], [ 103.709165928428362, 1.218077859966922 ], [ 103.709148276180287, 1.218117671026756 ], [ 103.70913543327984, 1.218146635376832 ], [ 103.709082702332907, 1.218142378805867 ], [ 103.709045441957883, 1.218139370973268 ], [ 103.709049505430372, 1.218150507490722 ], [ 103.709065844668743, 1.218195288698908 ], [ 103.709063642939057, 1.218222938598199 ], [ 103.708989247077312, 1.218236595550887 ], [ 103.708966669903631, 1.218240740103337 ], [ 103.708921268328609, 1.218232402478213 ], [ 103.708880689977335, 1.218184995680803 ], [ 103.708875437540954, 1.218178859332174 ], [ 103.708805613733745, 1.21822272765015 ], [ 103.708683116846416, 1.218234847652243 ], [ 103.708607630196596, 1.218228743302656 ], [ 103.708583259868249, 1.218226773368579 ], [ 103.708509678560418, 1.218249076962316 ], [ 103.708485718971062, 1.21830311154715 ], [ 103.708420201760873, 1.21826842525773 ], [ 103.708403548683592, 1.21824897072375 ], [ 103.70834990624688, 1.218253315494204 ], [ 103.708331600010254, 1.21821203317228 ], [ 103.708299890611798, 1.218249077121755 ], [ 103.708277041248905, 1.2182324023102 ], [ 103.708260159063784, 1.218212684595052 ], [ 103.708174825652634, 1.218244222083005 ], [ 103.708047549803581, 1.218095520733465 ], [ 103.707977777260396, 1.218177030436042 ], [ 103.707919137293345, 1.218142343552907 ], [ 103.707870991180343, 1.218086109802904 ], [ 103.707706798094506, 1.218111738088295 ], [ 103.70768043482984, 1.21805228491986 ], [ 103.707668508064131, 1.21806910099364 ], [ 103.707674248938375, 1.218141007179905 ], [ 103.707543337900518, 1.218124332715547 ], [ 103.707526771083423, 1.218104983086996 ], [ 103.707471757593112, 1.218088308566616 ], [ 103.707454525882355, 1.218049453601431 ], [ 103.707384684066753, 1.218055099874263 ], [ 103.707356032883453, 1.218021627141094 ], [ 103.707303028184612, 1.217991865672536 ], [ 103.707261008331301, 1.218086655424891 ], [ 103.70720399376016, 1.218091263183464 ], [ 103.70718676199931, 1.218014925076692 ], [ 103.707113852795345, 1.217998250610692 ], [ 103.707034470133109, 1.217935683928751 ], [ 103.706948663617368, 1.217996913406099 ], [ 103.706901173451229, 1.217959812378941 ], [ 103.706866055383443, 1.217932377768747 ], [ 103.706860538184742, 1.217919931662428 ], [ 103.706831689911184, 1.21785486046642 ], [ 103.70673938232035, 1.217788143043818 ], [ 103.706748177598442, 1.217736404843373 ], [ 103.706756447999254, 1.217687760444399 ], [ 103.706824585701312, 1.217693265808713 ], [ 103.706853997071107, 1.217667761443401 ], [ 103.706827530853388, 1.217620005297031 ], [ 103.70681225578943, 1.217568954179693 ], [ 103.706802679116052, 1.217536947410854 ], [ 103.706773844253902, 1.21751193498132 ], [ 103.706743375487321, 1.2174763513734 ], [ 103.706720324183223, 1.217474487296027 ], [ 103.706666289695647, 1.217504828838816 ], [ 103.706545317730104, 1.217514609230212 ], [ 103.70649789395209, 1.217518443293928 ], [ 103.706453059893306, 1.21747955265129 ], [ 103.706469625982137, 1.217456563620214 ], [ 103.706506744397203, 1.217439888921088 ], [ 103.706513742933751, 1.217401282893885 ], [ 103.706515028140899, 1.217394190034539 ], [ 103.706555628852044, 1.217384904146371 ], [ 103.706559477230854, 1.217384024383109 ], [ 103.706656564752251, 1.21739617909403 ], [ 103.706756822871256, 1.217336866652713 ], [ 103.706881879189694, 1.217352520753187 ], [ 103.706962626465526, 1.217342407451974 ], [ 103.706980835259358, 1.217353181989083 ], [ 103.707023057990028, 1.217378167012323 ], [ 103.707098693451968, 1.217410250147205 ], [ 103.707133399971767, 1.21743821740452 ], [ 103.707139899446304, 1.217446386823168 ], [ 103.707162899176822, 1.217475295875176 ], [ 103.707240770850447, 1.217492252733329 ], [ 103.707273066071608, 1.217532849307323 ], [ 103.707298713249656, 1.217513989115608 ], [ 103.707328271794893, 1.217492252328306 ], [ 103.707398481919213, 1.217449333648619 ], [ 103.707406100591442, 1.217387630211272 ], [ 103.707365382333521, 1.217354808053088 ], [ 103.707348141757379, 1.21729412447318 ], [ 103.707328271789265, 1.217260105917894 ], [ 103.707321248350567, 1.217235380298317 ], [ 103.707312351815133, 1.217204065400515 ], [ 103.707152281803076, 1.217157998651704 ], [ 103.707143806609039, 1.217089398688472 ], [ 103.707189121338814, 1.217032444028954 ], [ 103.707258666532809, 1.216989930475196 ], [ 103.707328884236361, 1.216938305491938 ], [ 103.707391892925358, 1.216930407032148 ], [ 103.70745452620379, 1.216938252611879 ], [ 103.707508211852598, 1.216931533001057 ], [ 103.707556356670707, 1.216937566458809 ], [ 103.707595879302161, 1.216905712119743 ], [ 103.707544989685857, 1.2168185734344 ], [ 103.707549403353468, 1.216795611860112 ], [ 103.707555388901582, 1.216764467681433 ], [ 103.707568266816352, 1.216697469442976 ], [ 103.707652361010545, 1.216629696791439 ], [ 103.707654894069805, 1.216626510838653 ], [ 103.707668280914731, 1.216609680362732 ], [ 103.707680137146326, 1.216602432447408 ], [ 103.707740474087501, 1.216565548108393 ], [ 103.707749796869692, 1.216511617750089 ], [ 103.707785587322917, 1.21649360631996 ], [ 103.707828682357004, 1.216482946799672 ], [ 103.708064605928229, 1.216468242938269 ], [ 103.708071910442285, 1.216457583550351 ], [ 103.708106556030998, 1.216442931771469 ], [ 103.708110474492486, 1.216442047487246 ], [ 103.708179280734981, 1.216426520070132 ], [ 103.708194030591585, 1.216429853336966 ], [ 103.708215552479786, 1.216434717102271 ], [ 103.708268757709433, 1.216421560195147 ], [ 103.708282857015078, 1.216484029741969 ], [ 103.708289746315899, 1.216514555939298 ], [ 103.708253667208666, 1.216537633605747 ], [ 103.708237017803768, 1.216516709481642 ], [ 103.708213289414871, 1.216486887901831 ], [ 103.708157741841646, 1.216556700340541 ], [ 103.708077921521976, 1.216574078473705 ], [ 103.708094915389935, 1.216587778561456 ], [ 103.708114577746443, 1.216603629349465 ], [ 103.708194904255564, 1.216637700462136 ], [ 103.708187119318097, 1.216700741449594 ], [ 103.708189732120516, 1.216721919044919 ], [ 103.70829057656232, 1.216709306979324 ], [ 103.708312507871952, 1.216681726732772 ], [ 103.70836816797862, 1.216665720290134 ], [ 103.70840198448694, 1.216645703786298 ], [ 103.708473547397872, 1.216629696273593 ], [ 103.708483500155467, 1.216709746447796 ], [ 103.708461681247144, 1.216715921328026 ] ] ] ] } },
{ "type": "Feature", "properties": { "OBJECTID": 0, "ISLAND": "Beting Bemban Besar" }, "geometry": { "type": "MultiPolygon", "coordinates": [ [ [ [ 103.750593287880605, 1.200966521335395 ], [ 103.750504003837705, 1.200905608758006 ], [ 103.750426131788828, 1.200904008370006 ], [ 103.750229249465463, 1.200928212191689 ], [ 103.750152819177941, 1.20096784091446 ], [ 103.750098601361358, 1.200994330803523 ], [ 103.750063159961584, 1.201012694647561 ], [ 103.749991229176644, 1.201030354680339 ], [ 103.749973684306099, 1.201048719072272 ], [ 103.749919649151749, 1.201066377843563 ], [ 103.749866313368557, 1.201102753363371 ], [ 103.749812278212517, 1.20112041394112 ], [ 103.749720713608966, 1.201182874676325 ], [ 103.74966840270956, 1.201199962841373 ], [ 103.749637512511725, 1.201210053693082 ], [ 103.749525955039161, 1.201246496142184 ], [ 103.749436828879922, 1.20128287145234 ], [ 103.749340632729442, 1.20130647691384 ], [ 103.749185946737498, 1.201372579360865 ], [ 103.749092441495137, 1.201429639148227 ], [ 103.749023569633394, 1.201463270326075 ], [ 103.749020519990736, 1.20146646535114 ], [ 103.748989449397186, 1.201499013368709 ], [ 103.748956393112095, 1.201530990670139 ], [ 103.748917518179923, 1.201588720473569 ], [ 103.748847720385015, 1.201695858363778 ], [ 103.748776453880851, 1.201732813903951 ], [ 103.748756461664541, 1.201715154659992 ], [ 103.748734643206802, 1.201625094650888 ], [ 103.74870277608747, 1.201642754991684 ], [ 103.748652069703468, 1.201695858597496 ], [ 103.748626667528214, 1.201708271111841 ], [ 103.748613300184871, 1.201714802919349 ], [ 103.748557867204795, 1.201752620807051 ], [ 103.748470156452413, 1.201750808432743 ], [ 103.748416802325124, 1.20176918978087 ], [ 103.748290680320167, 1.201793973558071 ], [ 103.748217709883903, 1.201842134105322 ], [ 103.748184164698785, 1.201877260378098 ], [ 103.748148025155231, 1.201894920577852 ], [ 103.748141331506545, 1.20191566829754 ], [ 103.748130479150902, 1.201949307602232 ], [ 103.748076444309078, 1.20198497946623 ], [ 103.748035384908476, 1.202048003336025 ], [ 103.747919449795944, 1.202085876281932 ], [ 103.747897491768498, 1.202093049913989 ], [ 103.747882572185048, 1.202115946143799 ], [ 103.747862051916798, 1.202147437276976 ], [ 103.747843807107401, 1.202165097131505 ], [ 103.747810261913614, 1.202200223398966 ], [ 103.747786713260581, 1.202215764159917 ], [ 103.747701326928023, 1.202272112416026 ], [ 103.7476474927753, 1.202354748827701 ], [ 103.747593274011294, 1.202381238662775 ], [ 103.747476518394834, 1.202452494367457 ], [ 103.747341290126698, 1.202471490781152 ], [ 103.747241643658626, 1.202523169335669 ], [ 103.747182034009811, 1.202543695611668 ], [ 103.747127998811337, 1.20256135613253 ], [ 103.747074662964678, 1.202597731592346 ], [ 103.747038522506728, 1.202615391775981 ], [ 103.746985186657952, 1.202651766329515 ], [ 103.74690577070794, 1.202685700075625 ], [ 103.746844769085811, 1.202711765531589 ], [ 103.746734653926936, 1.20279586067542 ], [ 103.746680619051531, 1.202831533413222 ], [ 103.74666307324955, 1.202849896876709 ], [ 103.746644828428074, 1.202867555817823 ], [ 103.746627283524106, 1.202885920185432 ], [ 103.746475819600292, 1.203032407001414 ], [ 103.746427954494479, 1.203105878746787 ], [ 103.746358120979821, 1.203173405399016 ], [ 103.746359614672784, 1.203246912187387 ], [ 103.746288732979409, 1.203245469259785 ], [ 103.746251134530496, 1.203281828023807 ], [ 103.74623358872276, 1.203300191484034 ], [ 103.746215343895514, 1.203317850421779 ], [ 103.746211610400294, 1.203323579450393 ], [ 103.746179903096049, 1.203372237758713 ], [ 103.746161658267923, 1.203389898504752 ], [ 103.746144112458879, 1.203408261964291 ], [ 103.746109213215888, 1.203442016243315 ], [ 103.746096254256642, 1.203461913652135 ], [ 103.746040122426223, 1.203548098677987 ], [ 103.746018845872911, 1.203570367061933 ], [ 103.746000601042425, 1.203588027806689 ], [ 103.745930444749604, 1.203661516910148 ], [ 103.745880277528684, 1.203710028111672 ], [ 103.7458233973219, 1.203765031527419 ], [ 103.745818012239496, 1.203774591389655 ], [ 103.745750417905825, 1.203894579370669 ], [ 103.745662357489849, 1.203979747753355 ], [ 103.745553571186619, 1.204146744160795 ], [ 103.745480304547385, 1.204238104294419 ], [ 103.745446200181775, 1.204308850710326 ], [ 103.745374269673903, 1.204398557705633 ], [ 103.745338828843089, 1.204452944124514 ], [ 103.7453205840023, 1.204470603959458 ], [ 103.745285143169397, 1.204524991281806 ], [ 103.745230924403245, 1.204605516836597 ], [ 103.745177772133061, 1.204687096913612 ], [ 103.745141632275036, 1.204740780615341 ], [ 103.745106191434914, 1.204795167030371 ], [ 103.745034260902656, 1.20488487401454 ], [ 103.744954998798562, 1.205049302055102 ], [ 103.744880045742136, 1.205164355555824 ], [ 103.744801972662756, 1.205263473147222 ], [ 103.7447827322314, 1.205282082527788 ], [ 103.744748287274831, 1.205353531612054 ], [ 103.744688074524348, 1.205433423901798 ], [ 103.744625266207862, 1.205589251058861 ], [ 103.744605125629647, 1.205713766901776 ], [ 103.74456898583945, 1.205875522135081 ], [ 103.744551177974046, 1.206022166040745 ], [ 103.744515299668407, 1.206127686096378 ], [ 103.744497755357685, 1.206182073088345 ], [ 103.744447257614681, 1.206307399146093 ], [ 103.744425483398544, 1.206435838064873 ], [ 103.744427501830941, 1.206535026100713 ], [ 103.744407832562885, 1.206616202102642 ], [ 103.74435225155338, 1.20666995569084 ], [ 103.744299640119777, 1.206779117066207 ], [ 103.744285771148711, 1.2067925247152 ], [ 103.744245875954178, 1.206831094540018 ], [ 103.744221590226061, 1.206881478590355 ], [ 103.744177632939028, 1.20697267233702 ], [ 103.74415940604483, 1.206990295083649 ], [ 103.744141283381111, 1.207007816544773 ], [ 103.744124526858272, 1.207040558502779 ], [ 103.744090673253567, 1.207106706210546 ], [ 103.744032130100152, 1.207262425868023 ], [ 103.744008161941679, 1.207410583468054 ], [ 103.743913723711202, 1.207688305205207 ], [ 103.743895841497647, 1.207798833308954 ], [ 103.74391295543542, 1.207689763015079 ], [ 103.743958969089874, 1.207554242829172 ], [ 103.743899088849474, 1.207575011382916 ], [ 103.743851725506204, 1.207604294035802 ], [ 103.74379285314339, 1.207824940703254 ], [ 103.74372721398872, 1.208075552351439 ], [ 103.743681199173864, 1.208245804643272 ], [ 103.743593907771341, 1.208492329648599 ], [ 103.743535714139725, 1.208673477312573 ], [ 103.743527592110013, 1.208739535429607 ], [ 103.743537062714211, 1.208813085886065 ], [ 103.743558036769485, 1.208838283982609 ], [ 103.743582392853838, 1.208890041562844 ], [ 103.743632807830153, 1.208661221883227 ], [ 103.743656154268919, 1.208540002569688 ], [ 103.743710287510879, 1.20841367552399 ], [ 103.743723344594116, 1.208361977970819 ], [ 103.743710366519238, 1.208415529473481 ], [ 103.743656331234661, 1.208541260546343 ], [ 103.743625338085479, 1.208701044413462 ], [ 103.74355333732656, 1.209036495162531 ], [ 103.743531413651738, 1.20917202246928 ], [ 103.743498673003927, 1.209300638263214 ], [ 103.743457404379598, 1.209544165919145 ], [ 103.743477728575101, 1.209603952312348 ], [ 103.743495274786312, 1.209766409284412 ], [ 103.743540903476784, 1.209945629584321 ], [ 103.743625966760717, 1.210296823305063 ], [ 103.743710365926944, 1.210378456748982 ], [ 103.743727911492314, 1.210396820449805 ], [ 103.743871422413235, 1.210522549945012 ], [ 103.743888968879133, 1.210540913644947 ], [ 103.743920302641897, 1.210571220837487 ], [ 103.744028320267489, 1.210731620666554 ], [ 103.744050374667239, 1.21077471435728 ], [ 103.744097935149696, 1.210873373941001 ], [ 103.744139500994137, 1.210937171889779 ], [ 103.744247221749205, 1.211026879351613 ], [ 103.744264768220845, 1.2110452421451 ], [ 103.744283012860677, 1.211062902270491 ], [ 103.744309322235992, 1.211090447364384 ], [ 103.74439038346965, 1.21111693706491 ], [ 103.744394543517274, 1.21111909230247 ], [ 103.744388499296107, 1.211116647606087 ], [ 103.744311367109148, 1.211094852590601 ], [ 103.744242355359646, 1.211028110934852 ], [ 103.744136807083024, 1.210942299546261 ], [ 103.744094859511108, 1.210874196810643 ], [ 103.744035321862341, 1.210747525953896 ], [ 103.743923009709263, 1.210575906438831 ], [ 103.743771453883156, 1.210438335836729 ], [ 103.743623957600207, 1.21029940429394 ], [ 103.743494405056055, 1.209765484090731 ], [ 103.743477156150803, 1.209606125480712 ], [ 103.74345652200661, 1.209545174255933 ], [ 103.743469380305584, 1.209472987420715 ], [ 103.743438593041688, 1.20951895432823 ], [ 103.743420997962033, 1.209612934376434 ], [ 103.743418287202289, 1.209747775004599 ], [ 103.74343858228427, 1.209845842233916 ], [ 103.74347375994067, 1.210010648427792 ], [ 103.743511648315575, 1.21006921722756 ], [ 103.74356306834612, 1.210126424504949 ], [ 103.743591483657696, 1.210213595318317 ], [ 103.743564416897698, 1.210293954420753 ], [ 103.743632075674824, 1.210353885278945 ], [ 103.74372814999245, 1.210466937631591 ], [ 103.743818811276498, 1.210619487912883 ], [ 103.743906765259979, 1.210774762047148 ], [ 103.744008250293618, 1.210974984438712 ], [ 103.74416386644603, 1.211088037847832 ], [ 103.744301893013912, 1.211127541430202 ], [ 103.74439932433188, 1.211152061061783 ], [ 103.744590126324994, 1.21120927292134 ], [ 103.744733566893615, 1.211235156029684 ], [ 103.744879715599168, 1.211205195626194 ], [ 103.744986620909714, 1.211172510886426 ], [ 103.744916252961971, 1.211171146604413 ], [ 103.744818822845147, 1.211137092278012 ], [ 103.744741688914473, 1.211141175659863 ], [ 103.744678086567518, 1.211173862720009 ], [ 103.744533291954738, 1.211175219922247 ], [ 103.744471569376174, 1.211150251100403 ], [ 103.744479859872826, 1.211152960849456 ], [ 103.744537241003016, 1.211172731241828 ], [ 103.744640741752548, 1.21117060306571 ], [ 103.744676697547391, 1.211171342210897 ], [ 103.744746103500802, 1.211135353507506 ], [ 103.744816827350192, 1.211133894380132 ], [ 103.744916316852724, 1.211168175769658 ], [ 103.745086513188198, 1.211171658632862 ], [ 103.745142165304401, 1.211144482498665 ], [ 103.745249003003096, 1.211062902383152 ], [ 103.745285143586287, 1.211045242233548 ], [ 103.745374269799825, 1.210990854864995 ], [ 103.745481990463873, 1.210973195240402 ], [ 103.745557206556484, 1.21095379455537 ], [ 103.745662331674353, 1.210955958505489 ], [ 103.746395274540276, 1.210921728556636 ], [ 103.746555527234761, 1.210918439124616 ], [ 103.746609130722206, 1.210919537844945 ], [ 103.746394652751206, 1.210922283816294 ], [ 103.746011014738443, 1.210940317997828 ], [ 103.745666620268253, 1.210956310442798 ], [ 103.74555802417774, 1.210954604892462 ], [ 103.745482243829386, 1.210973670944315 ], [ 103.74537567685536, 1.210991373111711 ], [ 103.745268770533514, 1.211055725994113 ], [ 103.745371276117766, 1.211069349070858 ], [ 103.74544570313158, 1.211083653118404 ], [ 103.745565124956727, 1.21107173929928 ], [ 103.745682516853066, 1.21106561424497 ], [ 103.746056006258399, 1.211044854933009 ], [ 103.746434232019709, 1.211014902857788 ], [ 103.746584439081488, 1.211019674604389 ], [ 103.746634845586755, 1.211051343450477 ], [ 103.74665311231503, 1.211081309247764 ], [ 103.746652433754633, 1.211143621740374 ], [ 103.74662604438798, 1.211200826459624 ], [ 103.746564133494516, 1.211248154375206 ], [ 103.746407835133752, 1.211279816557415 ], [ 103.746307696614465, 1.211310118573106 ], [ 103.746237666464722, 1.211338038558819 ], [ 103.746187595886212, 1.21136629832528 ], [ 103.746072907734231, 1.211480705746633 ], [ 103.746037382737669, 1.211551189849017 ], [ 103.746004565026638, 1.211619630175132 ], [ 103.746006254442122, 1.211697266292766 ], [ 103.74606647074549, 1.211762645649534 ], [ 103.746142925832473, 1.211801806199621 ], [ 103.746259640277458, 1.211823943391205 ], [ 103.746366206618745, 1.211827011727305 ], [ 103.746499161101298, 1.211811692469891 ], [ 103.746603020881409, 1.211793990172718 ], [ 103.746762702640112, 1.211747685526444 ], [ 103.746869608387058, 1.211701380080023 ], [ 103.74707766928087, 1.211583571588844 ], [ 103.747193709781044, 1.211522283816451 ], [ 103.747398049742117, 1.211409582125061 ], [ 103.747448119851583, 1.211367360757684 ], [ 103.747532022233258, 1.211279512570477 ], [ 103.747588183095544, 1.211217200939027 ], [ 103.747639606103462, 1.211183152351739 ], [ 103.747679865441285, 1.211137525735258 ], [ 103.747713360969044, 1.211056825842705 ], [ 103.747721481508762, 1.211006772244103 ], [ 103.747698816276483, 1.210956716762505 ], [ 103.747644012604709, 1.21091959900014 ], [ 103.747579058404824, 1.210911766041702 ], [ 103.7475100433835, 1.210917892721244 ], [ 103.747426143950349, 1.210912442155656 ], [ 103.747376752253544, 1.210896776988636 ], [ 103.747349689359879, 1.210857618050879 ], [ 103.747337850937029, 1.210788153443618 ], [ 103.74733446911722, 1.21075376216635 ], [ 103.747341573859472, 1.210719031182786 ], [ 103.747306051306978, 1.210741843545019 ], [ 103.747309091839909, 1.210885538101116 ], [ 103.747214363177491, 1.210976450826797 ], [ 103.747074641186273, 1.211046930707735 ], [ 103.746872672054522, 1.211086083209716 ], [ 103.746802647154922, 1.210977118618143 ], [ 103.746712998034482, 1.210918207249547 ], [ 103.746657298257162, 1.210918920810053 ], [ 103.746714250576801, 1.210917753298901 ], [ 103.746802870913299, 1.210976220591491 ], [ 103.74687382218201, 1.211085135472755 ], [ 103.74707332579348, 1.211045945812793 ], [ 103.747127815247453, 1.21101769702251 ], [ 103.747213761196164, 1.210975728220398 ], [ 103.747307710845902, 1.21088486068807 ], [ 103.747304783543882, 1.210740590959851 ], [ 103.747396427395159, 1.210684656233521 ], [ 103.747522042502453, 1.210648983966029 ], [ 103.747624179433856, 1.210613804728648 ], [ 103.747700994842333, 1.210594949364481 ], [ 103.747789876798095, 1.210534318171628 ], [ 103.748126996302858, 1.210564854769699 ], [ 103.749068439098281, 1.209803972934827 ], [ 103.749156585305045, 1.209678942781616 ], [ 103.749711287354231, 1.209136880364833 ], [ 103.75004802221298, 1.208280948694012 ], [ 103.750266667265763, 1.20789455394807 ], [ 103.750151921683695, 1.208016850338026 ], [ 103.750453068821457, 1.207251374744403 ], [ 103.750662334881028, 1.205203142057042 ], [ 103.750681391048545, 1.203933043162967 ], [ 103.750624401276795, 1.201750805297147 ], [ 103.7506773438529, 1.201493979138211 ], [ 103.750777200032658, 1.201187703750674 ], [ 103.750900820410905, 1.201197278396156 ], [ 103.75103929102211, 1.201458795883489 ], [ 103.751181926358498, 1.201566476559662 ], [ 103.751235410062463, 1.201781830890332 ], [ 103.751193801502225, 1.201973253761973 ], [ 103.751068984731475, 1.202218511836328 ], [ 103.750979829651058, 1.202409933260525 ], [ 103.750932254441366, 1.203367053359484 ], [ 103.751033248071622, 1.204802737829989 ], [ 103.751187751523503, 1.205526565139664 ], [ 103.751354163120041, 1.205556480234794 ], [ 103.751669161059624, 1.205424885729392 ], [ 103.751960401421911, 1.204808747322848 ], [ 103.752013896928133, 1.20459937949403 ], [ 103.752013909693758, 1.204168674973685 ], [ 103.752138729314794, 1.203827704341412 ], [ 103.75219222248505, 1.203696101004835 ], [ 103.752216002190593, 1.203462803695927 ], [ 103.752257622717408, 1.202864604862178 ], [ 103.752216024450874, 1.202709071000409 ], [ 103.752257632779077, 1.202523630481614 ], [ 103.752305183163088, 1.202392026961788 ], [ 103.752412166969776, 1.202242480812213 ], [ 103.752525089646142, 1.202224537967293 ], [ 103.752626121354226, 1.202362126479395 ], [ 103.752441873382793, 1.202583456081208 ], [ 103.752525075397827, 1.202709080226535 ], [ 103.752792524542258, 1.202673195760949 ], [ 103.75288761895699, 1.202625343227151 ], [ 103.753309590846769, 1.202667229599387 ], [ 103.753618645268247, 1.202547598499491 ], [ 103.753927700529033, 1.202398057311916 ], [ 103.754076289000707, 1.202182709834807 ], [ 103.754100069042892, 1.201931466283771 ], [ 103.753678106429462, 1.20157253332479 ], [ 103.753434434220921, 1.201500742223644 ], [ 103.752132854962539, 1.201482757394007 ], [ 103.751877293922092, 1.201464803527657 ], [ 103.751704941411489, 1.20138105057509 ], [ 103.750991165183365, 1.200972357534966 ], [ 103.750572760664113, 1.200871847308203 ], [ 103.750593287880605, 1.200966521335395 ] ] ], [ [ [ 103.745572889860924, 1.211576031202025 ], [ 103.745656790532493, 1.211543345686197 ], [ 103.745689270988294, 1.211428935609434 ], [ 103.745691981535856, 1.211325422153689 ], [ 103.745621614764914, 1.211287282817778 ], [ 103.745578311446906, 1.211298177188664 ], [ 103.745499822990155, 1.211344483510594 ], [ 103.745475460181609, 1.211499754839519 ], [ 103.745505229605783, 1.211559685323086 ], [ 103.745572889860924, 1.211576031202025 ] ] ] ] } },
{ "type": "Feature", "properties": { "OBJECTID": 0, "ISLAND": "Terumbu Menalung" }, "geometry": { "type": "MultiPolygon", "coordinates": [ [ [ [ 103.736185951932768, 1.213054744785951 ], [ 103.73621159745143, 1.213025844948824 ], [ 103.736245962220607, 1.212994944068447 ], [ 103.736212771744292, 1.213027666380525 ], [ 103.736187831526763, 1.213057473320343 ], [ 103.736122885366782, 1.21310139774613 ], [ 103.735852454942702, 1.213156296421225 ], [ 103.735804915557495, 1.213153680180659 ], [ 103.735766988288205, 1.213156293321206 ], [ 103.735710356952239, 1.213150538605647 ], [ 103.735549813666438, 1.213161514464826 ], [ 103.735472660142719, 1.213134319238602 ], [ 103.735422782637372, 1.213136931939335 ], [ 103.735341993093115, 1.213102414845556 ], [ 103.735224055181689, 1.213073649054224 ], [ 103.735122223249249, 1.213041745702885 ], [ 103.735040916503252, 1.212948137433438 ], [ 103.734992599641032, 1.212903162546206 ], [ 103.735029489601956, 1.212862375266695 ], [ 103.735048193690091, 1.212845118875141 ], [ 103.735064821790715, 1.212789687391422 ], [ 103.735084046098748, 1.212772954645342 ], [ 103.735151592544426, 1.212654773006083 ], [ 103.735294994610456, 1.212525612437114 ], [ 103.735331884618063, 1.212483255176515 ], [ 103.735425925886659, 1.212429919207106 ], [ 103.735440993777971, 1.212410048163413 ], [ 103.735478402146413, 1.212394884242963 ], [ 103.735599981529219, 1.21230337425149 ], [ 103.735671162444604, 1.212259972785963 ], [ 103.735730393499821, 1.212206112818547 ], [ 103.735644145672453, 1.212242192007202 ], [ 103.735588552079719, 1.212288208554891 ], [ 103.735519449312136, 1.212334747332633 ], [ 103.735458659647946, 1.21237971824349 ], [ 103.735380724166035, 1.212435146594832 ], [ 103.735308763816604, 1.21249005243892 ], [ 103.735250571673774, 1.212537115233219 ], [ 103.735139642875623, 1.212639083661925 ], [ 103.735089244228547, 1.212691899396548 ], [ 103.735024036127541, 1.212798575799697 ], [ 103.734972596270978, 1.212896363709962 ], [ 103.734946617389809, 1.212950225779095 ], [ 103.734926871385525, 1.213007225314944 ], [ 103.734918557551495, 1.213053766298567 ], [ 103.73492479074244, 1.213073115395867 ], [ 103.734936220239447, 1.213111812648147 ], [ 103.734969469790471, 1.213160447851085 ], [ 103.735007916053405, 1.213192347986706 ], [ 103.735052077847698, 1.213197055912 ], [ 103.73512429562949, 1.213204903004869 ], [ 103.735201709518535, 1.213212750285492 ], [ 103.735301464211801, 1.213216413886048 ], [ 103.73542537764358, 1.213234198199158 ], [ 103.735562799394017, 1.213250414830655 ], [ 103.735663592922478, 1.213249895771811 ], [ 103.735719705369036, 1.213243098800524 ], [ 103.735770621446321, 1.2132436242755 ], [ 103.735883625144638, 1.213235783919781 ], [ 103.735922592051949, 1.213231601743628 ], [ 103.736038973563055, 1.213215395231442 ], [ 103.736064951812267, 1.21320389175577 ], [ 103.736190426072284, 1.213143235165985 ], [ 103.736328371622506, 1.213059570188291 ], [ 103.736378769733648, 1.213021396988381 ], [ 103.736490218089003, 1.212912629515701 ], [ 103.736498012040798, 1.212905831691364 ], [ 103.736416444157996, 1.212826865105377 ], [ 103.736388997188385, 1.212853925403306 ], [ 103.736444235546344, 1.212791693577838 ], [ 103.736471013667625, 1.212774556842523 ], [ 103.736498934724281, 1.212756689421855 ], [ 103.73659410768802, 1.212639331707082 ], [ 103.736637115706088, 1.212545016215608 ], [ 103.736731572109719, 1.212414466509566 ], [ 103.73676634834186, 1.212359410974799 ], [ 103.736821545961448, 1.212279889505118 ], [ 103.736877477336051, 1.212133438784568 ], [ 103.736910524139603, 1.212072244361643 ], [ 103.736931352065099, 1.211959913135324 ], [ 103.736942582931817, 1.211899339228327 ], [ 103.73690549022561, 1.211830634261323 ], [ 103.736873719794389, 1.211802068782027 ], [ 103.736856838295466, 1.211783036738347 ], [ 103.736819177397578, 1.211749176899782 ], [ 103.736676873290818, 1.211730021883474 ], [ 103.736668432093026, 1.211720505861088 ], [ 103.736556464336147, 1.211731375912171 ], [ 103.736516322428969, 1.211728966147073 ], [ 103.736480532759245, 1.211731129907293 ], [ 103.736398344100948, 1.211726187312111 ], [ 103.736198849058695, 1.211798234426821 ], [ 103.736158925524208, 1.211820080613919 ], [ 103.736112432070811, 1.21184155758252 ], [ 103.73606280067753, 1.211897462673934 ], [ 103.736022221272492, 1.211943172290661 ], [ 103.735976772804378, 1.211964173598907 ], [ 103.735966037186216, 1.211969134551988 ], [ 103.735953016301139, 1.211983801962227 ], [ 103.735890497899874, 1.212054232479729 ], [ 103.735871588970781, 1.212071223892032 ], [ 103.735854707913859, 1.212090256527391 ], [ 103.735835798085787, 1.212107247939367 ], [ 103.735802026986306, 1.212145293313085 ], [ 103.735780928307221, 1.212164267011372 ], [ 103.735675537341208, 1.212259045067188 ], [ 103.735603160399052, 1.212305376629052 ], [ 103.735478907953265, 1.212396455141785 ], [ 103.735442104218933, 1.212413446804049 ], [ 103.735425222258414, 1.212432478531852 ], [ 103.735334733724827, 1.21248549358139 ], [ 103.735300960816701, 1.212523539852072 ], [ 103.73521045418417, 1.212604935649745 ], [ 103.735194983970473, 1.21261884872668 ], [ 103.735154077802591, 1.212655637668848 ], [ 103.735102412731663, 1.212744964343812 ], [ 103.735085213205323, 1.212774701014997 ], [ 103.735066305164793, 1.212791693325126 ], [ 103.735049423696864, 1.212846747679778 ], [ 103.735030515655595, 1.212863739989587 ], [ 103.734995738134472, 1.212903597660092 ], [ 103.735040974147211, 1.212944283035877 ], [ 103.735127357363183, 1.213041604809607 ], [ 103.735225177485034, 1.213072000439471 ], [ 103.735335746786518, 1.213097891893165 ], [ 103.735424339832051, 1.213134987613273 ], [ 103.735473665662042, 1.213132033042815 ], [ 103.735549572040739, 1.213159437131734 ], [ 103.735599010185922, 1.213156469901995 ], [ 103.735688431392745, 1.213151103037027 ], [ 103.735711038952815, 1.213149745503106 ], [ 103.735764724151437, 1.213152982362119 ], [ 103.735800514738244, 1.213150818613039 ], [ 103.73585058252786, 1.213153826535011 ], [ 103.735943169719746, 1.213133914888624 ], [ 103.736120802641622, 1.213100547568576 ], [ 103.736185951932768, 1.213054744785951 ] ] ] ] } },
{ "type": "Feature", "properties": { "OBJECTID": 0, "ISLAND": "Terumbu Pempang Tengah" }, "geometry": { "type": "MultiPolygon", "coordinates": [ [ [ [ 103.728199694021171, 1.228978553111466 ], [ 103.72823813821816, 1.229066408147994 ], [ 103.728289050309257, 1.229176227056203 ], [ 103.72834412091467, 1.229235843990982 ], [ 103.728399192502636, 1.229293370035798 ], [ 103.728486475720842, 1.229358217273092 ], [ 103.728612206540504, 1.229424112374555 ], [ 103.728714039077843, 1.229453401499928 ], [ 103.728807558680302, 1.229478505802831 ], [ 103.728876138780748, 1.229508839056499 ], [ 103.728877175806574, 1.229574729233912 ], [ 103.72889795513926, 1.229639574744076 ], [ 103.728935361162186, 1.229691870147982 ], [ 103.729000823250189, 1.229749395686587 ], [ 103.729079794823264, 1.229800646374511 ], [ 103.729146295929951, 1.22984980568139 ], [ 103.729211759039771, 1.229881184249541 ], [ 103.729338530462073, 1.22992197874369 ], [ 103.729354116957012, 1.229925116592849 ], [ 103.729375937549804, 1.229947080827422 ], [ 103.72943620477848, 1.22999519353445 ], [ 103.729508941168135, 1.230032848665542 ], [ 103.729599343351396, 1.230070503581568 ], [ 103.729701174382541, 1.230116526115321 ], [ 103.729824826672697, 1.230190788257231 ], [ 103.729030966682217, 1.229520349559919 ], [ 103.727948243169109, 1.228573266084576 ], [ 103.727924347316943, 1.22847495265563 ], [ 103.72771990853829, 1.228283548603354 ], [ 103.727730035166033, 1.228412714759917 ], [ 103.727759126862637, 1.228495340398479 ], [ 103.727791336462545, 1.228576919811913 ], [ 103.727837054069937, 1.228666867839762 ], [ 103.727876537882281, 1.22873066774997 ], [ 103.727912904611046, 1.22879760477383 ], [ 103.727953427562582, 1.228872910040214 ], [ 103.727989795647147, 1.228905332924717 ], [ 103.728059414571945, 1.228954492379282 ], [ 103.728111369107438, 1.22896809064434 ], [ 103.728199694021171, 1.228978553111466 ] ] ], [ [ [ 103.730885834185401, 1.225004849897388 ], [ 103.730777765256647, 1.22502053373729 ], [ 103.730647874246259, 1.225053996524805 ], [ 103.730508631618946, 1.225083275357342 ], [ 103.730372506606514, 1.225118830588067 ], [ 103.730163121294794, 1.225192033449442 ], [ 103.729897622785103, 1.225308115429631 ], [ 103.7296378391638, 1.225438840158768 ], [ 103.729377534712498, 1.225584206490244 ], [ 103.729160353586877, 1.225732712624608 ], [ 103.728795613063198, 1.226026589427609 ], [ 103.728590899307349, 1.226208563790161 ], [ 103.728511924064478, 1.226277588959125 ], [ 103.728276556750373, 1.226474204639576 ], [ 103.728105096271733, 1.226631079654964 ], [ 103.728073921362011, 1.226675005178661 ], [ 103.727982473305516, 1.226824561621122 ], [ 103.727892066546261, 1.226907182520377 ], [ 103.727742947596099, 1.227066149282678 ], [ 103.727696185054313, 1.227113212323905 ], [ 103.727645264810548, 1.227212568224745 ], [ 103.727595383866301, 1.227296236167398 ], [ 103.727568882406288, 1.227401869321993 ], [ 103.727476396724342, 1.227500178119308 ], [ 103.727446262003355, 1.227505405949914 ], [ 103.727327802784629, 1.227513768400376 ], [ 103.727252985304318, 1.227527361619276 ], [ 103.727192715646225, 1.227566056937355 ], [ 103.727167774261076, 1.227619395314769 ], [ 103.727151145473883, 1.227685284784121 ], [ 103.727151142420581, 1.22776267932902 ], [ 103.727174000789901, 1.227829616725177 ], [ 103.727160618793718, 1.227907010735349 ], [ 103.727195945569221, 1.228005324625497 ], [ 103.727341417268221, 1.228103642913132 ], [ 103.727464031819423, 1.228149666352991 ], [ 103.727570021499147, 1.228162221336041 ], [ 103.727476504096387, 1.228082731271328 ], [ 103.727335063153376, 1.227847402947815 ], [ 103.727899304951578, 1.227803498644667 ], [ 103.727955423011551, 1.227661261633199 ], [ 103.727971023859183, 1.227297297434551 ], [ 103.728154957379459, 1.227054661204939 ], [ 103.728191849115959, 1.226976221767437 ], [ 103.728298881889074, 1.22687477627777 ], [ 103.728955117017648, 1.226028687483655 ], [ 103.73004360901092, 1.225554948217999 ], [ 103.731125342279327, 1.225216125738587 ], [ 103.731183532729361, 1.225199393622743 ], [ 103.731266663102346, 1.225188938747156 ], [ 103.731281209394737, 1.22520776454337 ], [ 103.731720744610811, 1.225493306219819 ], [ 103.731974272373833, 1.225944088836748 ], [ 103.731910894516218, 1.225728635288904 ], [ 103.731861542756263, 1.225555018148671 ], [ 103.731787768434216, 1.225475528983547 ], [ 103.731699446795147, 1.225404405531674 ], [ 103.731594498717413, 1.225316547996776 ], [ 103.731453184092487, 1.225179532367703 ], [ 103.731271864664848, 1.225021598166823 ], [ 103.731247965424259, 1.2250100928377 ], [ 103.731155485330575, 1.224990217702954 ], [ 103.731026634003086, 1.224997533580974 ], [ 103.730885834185401, 1.225004849897388 ] ] ], [ [ [ 103.732347940512284, 1.22657842660162 ], [ 103.732364570087057, 1.226487959189966 ], [ 103.732352102801258, 1.226425205809691 ], [ 103.732335480750777, 1.226338920722828 ], [ 103.732322493279554, 1.226298654331172 ], [ 103.732239365619947, 1.226235898266275 ], [ 103.732027912397669, 1.226055999581465 ], [ 103.732338067938542, 1.226617123958093 ], [ 103.732347940512284, 1.22657842660162 ] ] ], [ [ [ 103.730289287345229, 1.230852845881022 ], [ 103.730354749932573, 1.230898866978487 ], [ 103.730400468785362, 1.230959529862216 ], [ 103.730465931216941, 1.231009734544305 ], [ 103.730521002910123, 1.231043204473646 ], [ 103.730559450653672, 1.231041114171701 ], [ 103.73007316816738, 1.230409386291454 ], [ 103.730076281231163, 1.230510836136431 ], [ 103.730094983100855, 1.230578818796997 ], [ 103.730129270814373, 1.23064366482632 ], [ 103.730209278353684, 1.230767081043971 ], [ 103.730289287345229, 1.230852845881022 ] ] ], [ [ [ 103.732510777227219, 1.231035301731561 ], [ 103.732504160089576, 1.231046941547228 ], [ 103.732632366670629, 1.230917257024899 ], [ 103.73268120779845, 1.230837772530071 ], [ 103.732715501809395, 1.230760379275479 ], [ 103.732727974563062, 1.230677755255686 ], [ 103.732769541813425, 1.230607683101751 ], [ 103.732873459420148, 1.230458126959557 ], [ 103.732899439572904, 1.230400604069894 ], [ 103.732828776268732, 1.23047590505993 ], [ 103.732773632279034, 1.230572909561096 ], [ 103.732828200410097, 1.230473433411591 ], [ 103.733526907735197, 1.229736452962127 ], [ 103.733509778385823, 1.229687381531554 ], [ 103.733475944643104, 1.229590458673107 ], [ 103.733468998030375, 1.229570558788066 ], [ 103.733403872192952, 1.229383994199734 ], [ 103.733391365237139, 1.229348167352234 ], [ 103.733371002319231, 1.229317930986456 ], [ 103.733046777896618, 1.228836524036322 ], [ 103.733031093996672, 1.228722722811483 ], [ 103.732960273026066, 1.228208844284052 ], [ 103.732919554493847, 1.227664363218106 ], [ 103.732746803803465, 1.22753546040913 ], [ 103.732651886935059, 1.227464635172673 ], [ 103.732638942579413, 1.227424487255381 ], [ 103.732438306907568, 1.226802198601371 ], [ 103.731716496256993, 1.225497569229019 ], [ 103.731630117581076, 1.22544056839564 ], [ 103.731521889293361, 1.225369149355043 ], [ 103.731467673172489, 1.225333372454237 ], [ 103.731279007983929, 1.225208873209106 ], [ 103.731264083294846, 1.225193236185428 ], [ 103.731179221421996, 1.225205162394509 ], [ 103.731156194832877, 1.225212314124767 ], [ 103.730981231568379, 1.225266661481466 ], [ 103.730906288000753, 1.225289940542533 ], [ 103.730788729919112, 1.225326456942815 ], [ 103.730763603466954, 1.225334261539319 ], [ 103.730053483727687, 1.225554840077543 ], [ 103.729619616257608, 1.225744160817824 ], [ 103.728985616621372, 1.226020808958189 ], [ 103.728962654603123, 1.226030829312868 ], [ 103.728921256014743, 1.226084055829186 ], [ 103.728302156782945, 1.226880048848022 ], [ 103.728256132935456, 1.226924555293042 ], [ 103.728208972417775, 1.226970160494187 ], [ 103.728196149177577, 1.226982560623244 ], [ 103.72818424194547, 1.227007269179534 ], [ 103.728158689605237, 1.227060288304057 ], [ 103.727980847405718, 1.227296180030345 ], [ 103.727961021608593, 1.227663113992245 ], [ 103.72791375300686, 1.227783749722075 ], [ 103.727902617450297, 1.227812168007216 ], [ 103.727338385803534, 1.227849228086437 ], [ 103.72748485926806, 1.228086651116814 ], [ 103.727620807896528, 1.228199843985915 ], [ 103.727768237435214, 1.228322596430307 ], [ 103.727925467782285, 1.228474639790242 ], [ 103.727929876999497, 1.228492848425293 ], [ 103.727949208201963, 1.228572665625335 ], [ 103.7282218823036, 1.228811195144224 ], [ 103.728338044265712, 1.228912810437523 ], [ 103.728749982386375, 1.229272690233122 ], [ 103.72901806176047, 1.229507193272486 ], [ 103.729326321075391, 1.229767370039254 ], [ 103.729465790991185, 1.229885083879161 ], [ 103.729569051762581, 1.22997231833167 ], [ 103.729572811943797, 1.229975494604459 ], [ 103.729693986823506, 1.230077764801773 ], [ 103.730058717293062, 1.230385591916629 ], [ 103.730283961269961, 1.230679861676272 ], [ 103.730433080219768, 1.23087467919347 ], [ 103.730780658839052, 1.231328773745183 ], [ 103.730874338367641, 1.231450619595699 ], [ 103.730962421301101, 1.231565186002727 ], [ 103.731110208839226, 1.231757410626233 ], [ 103.731229003736601, 1.231810938174225 ], [ 103.731312028267297, 1.23184834767133 ], [ 103.731317688987602, 1.231847202964814 ], [ 103.731420734762636, 1.231826359537536 ], [ 103.731539905502103, 1.231802254685655 ], [ 103.731636387534621, 1.231782739507876 ], [ 103.732030657900978, 1.231575447292694 ], [ 103.732084903260741, 1.231530281818252 ], [ 103.732315321570894, 1.23133842982163 ], [ 103.732510777227219, 1.231035301731561 ] ] ], [ [ [ 103.733635811016356, 1.22968734467077 ], [ 103.733636851916557, 1.229627729040427 ], [ 103.733624903166202, 1.229609948796707 ], [ 103.733584378505796, 1.229575956755399 ], [ 103.733518396290251, 1.229536733819279 ], [ 103.733443580829729, 1.229494896033045 ], [ 103.733527740622264, 1.229737542751985 ], [ 103.733488772075219, 1.229779376255669 ], [ 103.733561511146675, 1.229746433919747 ], [ 103.733608272964858, 1.229717673288288 ], [ 103.733635811016356, 1.22968734467077 ] ] ] ] } },
{ "type": "Feature", "properties": { "OBJECTID": 0, "ISLAND": "Cyrene" }, "geometry": { "type": "MultiPolygon", "coordinates": [ [ [ [ 103.75957504392585, 1.255860843653237 ], [ 103.759565560679746, 1.255642609411074 ], [ 103.75956475701463, 1.255624123276324 ], [ 103.759535998506379, 1.255534912341385 ], [ 103.759517223583174, 1.255476672551802 ], [ 103.759107849229025, 1.255386221740129 ], [ 103.759003569328087, 1.255363180981573 ], [ 103.758900234675536, 1.255340349154177 ], [ 103.758716133580904, 1.25529967189616 ], [ 103.758517949482638, 1.255303619174174 ], [ 103.758351124953066, 1.255306941522026 ], [ 103.758277382659827, 1.255308410793825 ], [ 103.757811849279875, 1.255317682413904 ], [ 103.757358621788669, 1.255401757900467 ], [ 103.757299037334164, 1.255412810202561 ], [ 103.757254687515498, 1.255421037715261 ], [ 103.757167000909575, 1.255455057331735 ], [ 103.756973258861223, 1.255530224215009 ], [ 103.756867757816309, 1.255571156257995 ], [ 103.756657788138583, 1.255652618823197 ], [ 103.756605567749943, 1.255672878659118 ], [ 103.756595969556713, 1.255676602547799 ], [ 103.756523488011638, 1.255704723422247 ], [ 103.756065652718064, 1.255882351408207 ], [ 103.75565771239512, 1.256069539028293 ], [ 103.755118343290022, 1.256317035581821 ], [ 103.75478013063875, 1.256649657779415 ], [ 103.754692972550032, 1.256735375305942 ], [ 103.754675169468754, 1.256752884162752 ], [ 103.754409480040081, 1.257014182197733 ], [ 103.754346665600792, 1.257075959216621 ], [ 103.754329388316407, 1.257088080788927 ], [ 103.754277941939449, 1.257124176920687 ], [ 103.75419266521989, 1.257184009772176 ], [ 103.754136291200538, 1.257223563135015 ], [ 103.754032060496471, 1.257296693173795 ], [ 103.754015508337716, 1.257308307417638 ], [ 103.753920804935532, 1.257374753586727 ], [ 103.753737757144535, 1.257503184879919 ], [ 103.753413476389937, 1.25773001568139 ], [ 103.753132189419631, 1.257894690816342 ], [ 103.752697685999649, 1.258149062329551 ], [ 103.7525816940217, 1.258204204134909 ], [ 103.752486258001539, 1.258249573112032 ], [ 103.752105180608467, 1.258430732476545 ], [ 103.752085894284491, 1.258439900316172 ], [ 103.751536123002737, 1.258687610075735 ], [ 103.75081494641347, 1.258988338032555 ], [ 103.750767616633539, 1.259008075176587 ], [ 103.750710233070834, 1.259032003726924 ], [ 103.75069836962588, 1.259036950220444 ], [ 103.750518182061882, 1.259207418012088 ], [ 103.750495870898746, 1.259228526062109 ], [ 103.750398607522072, 1.259320542000979 ], [ 103.749956846703853, 1.259558910967609 ], [ 103.749753314042877, 1.259710758899422 ], [ 103.749710449693552, 1.259794505250378 ], [ 103.749551984926256, 1.260104107373328 ], [ 103.749525735988215, 1.260362634379034 ], [ 103.749538535894715, 1.260380012149873 ], [ 103.749578180025523, 1.260433840280703 ], [ 103.749862862542528, 1.260820371988759 ], [ 103.749893566695064, 1.260862060547485 ], [ 103.749896422999811, 1.260865939457297 ], [ 103.749909823103465, 1.260884133886727 ], [ 103.749524549902588, 1.260363438320318 ], [ 103.749550430503504, 1.26010302932099 ], [ 103.749751925837316, 1.259710026319674 ], [ 103.749956534962621, 1.259557379869114 ], [ 103.750396382778121, 1.259320031868362 ], [ 103.750696161069968, 1.25903598519346 ], [ 103.751536448308045, 1.25868640456856 ], [ 103.752090197434654, 1.258436937753987 ], [ 103.752697923238358, 1.258148186008028 ], [ 103.753121860682043, 1.257899313606705 ], [ 103.753410929044094, 1.257730505768288 ], [ 103.754346240595424, 1.257075993569517 ], [ 103.754651817817475, 1.256775483517585 ], [ 103.754641558326696, 1.256778327432116 ], [ 103.754622524604827, 1.256784312841917 ], [ 103.754294203960512, 1.256870507768199 ], [ 103.754232344788505, 1.256927975517931 ], [ 103.754013460285705, 1.257109955860716 ], [ 103.753875469616958, 1.257167421272568 ], [ 103.753675620330995, 1.257263198168626 ], [ 103.753456738820091, 1.257344606827979 ], [ 103.753204548544801, 1.257464327829227 ], [ 103.753009456195386, 1.257584050573201 ], [ 103.752895256450543, 1.257651094787679 ], [ 103.752500318844213, 1.257761232259582 ], [ 103.75240515143544, 1.257837856069743 ], [ 103.752219575065837, 1.25799589153126 ], [ 103.752086343076641, 1.258048568382483 ], [ 103.751724714165562, 1.258120394289465 ], [ 103.751472524939672, 1.258201801723565 ], [ 103.751058552901057, 1.25833588411915 ], [ 103.750763539565781, 1.258422079634308 ], [ 103.750630301804208, 1.258628008146877 ], [ 103.750473275916562, 1.258762099533324 ], [ 103.75021632267547, 1.259011126056641 ], [ 103.74998792079522, 1.259212262867098 ], [ 103.749683380178936, 1.259609751830173 ], [ 103.749493045370087, 1.259753420193066 ], [ 103.749064791565843, 1.260117381189613 ], [ 103.749060029538995, 1.260251476525998 ], [ 103.749079056511249, 1.260428675534121 ], [ 103.749121877386628, 1.260524459938453 ], [ 103.749202763118873, 1.26066334757319 ], [ 103.749321717555674, 1.260725609671852 ], [ 103.749588174841747, 1.260869292827406 ], [ 103.749751738733309, 1.260900428138472 ], [ 103.749927116371509, 1.260907613545515 ], [ 103.749948274950825, 1.260936342258125 ], [ 103.750256450753909, 1.26114660417084 ], [ 103.750271400291425, 1.261153339450591 ], [ 103.750380145195635, 1.261202334153946 ], [ 103.750830322387046, 1.261405161254248 ], [ 103.750839154817882, 1.261409140738228 ], [ 103.750865657629305, 1.26141702673445 ], [ 103.751085701235283, 1.261482505184388 ], [ 103.751477960138018, 1.261599229442198 ], [ 103.751647776375265, 1.261649761637924 ], [ 103.751682624858148, 1.261654036763693 ], [ 103.75177082429876, 1.261664857551642 ], [ 103.751890354489532, 1.261679522871453 ], [ 103.752147575910982, 1.261711081514042 ], [ 103.752231910790258, 1.26172142827832 ], [ 103.752443587665908, 1.261747399205317 ], [ 103.752632326494776, 1.261726661702931 ], [ 103.752685157881572, 1.261711330761381 ], [ 103.752758794933712, 1.261689962931993 ], [ 103.752809582143442, 1.261675225186994 ], [ 103.753202291201632, 1.261561268509483 ], [ 103.75322534770514, 1.261554577833331 ], [ 103.75362961643053, 1.261437265351047 ], [ 103.753695406692614, 1.261353743918226 ], [ 103.753804788149466, 1.261214882161349 ], [ 103.753886480308594, 1.261111171280862 ], [ 103.75394334600513, 1.261038979441114 ], [ 103.754084475535024, 1.260859811131672 ], [ 103.754198465405082, 1.260754278030476 ], [ 103.754240931142363, 1.260714962094789 ], [ 103.754402045742637, 1.260565800276343 ], [ 103.754472124082525, 1.260500920610722 ], [ 103.754760814381541, 1.26036214475359 ], [ 103.754801753811549, 1.260342465221813 ], [ 103.754893534616627, 1.260298345883012 ], [ 103.755011336230723, 1.260275200439213 ], [ 103.755067032859102, 1.260264258412433 ], [ 103.755539195336297, 1.260171492110335 ], [ 103.755600572613588, 1.26015569199777 ], [ 103.755619063610013, 1.260150931075229 ], [ 103.755721329718185, 1.260124605387103 ], [ 103.75582818734928, 1.260097097828224 ], [ 103.756047283045717, 1.260040696467023 ], [ 103.75633719064237, 1.259966067018839 ], [ 103.756411950704816, 1.259763577559968 ], [ 103.756339561773416, 1.259969143736583 ], [ 103.755540170171557, 1.260173856147783 ], [ 103.754894234428235, 1.260303143556455 ], [ 103.754474907700867, 1.260501880225992 ], [ 103.754079961961409, 1.260868236954734 ], [ 103.753633264402438, 1.261439328318217 ], [ 103.75263223836545, 1.261729041082316 ], [ 103.752443097043638, 1.261748191412978 ], [ 103.751647283037471, 1.261651185995879 ], [ 103.750833629709987, 1.261410506151792 ], [ 103.75025595654688, 1.261147084372324 ], [ 103.750116483361481, 1.261052195814012 ], [ 103.749906232564854, 1.260912704442073 ], [ 103.749938349163955, 1.260955808375753 ], [ 103.750023993989274, 1.261081525886947 ], [ 103.750213129533506, 1.261243165353602 ], [ 103.750470072064459, 1.261340153990169 ], [ 103.750680619868376, 1.2614946107472 ], [ 103.751069597009618, 1.261792746789317 ], [ 103.751174869649006, 1.261911281527252 ], [ 103.751331887116606, 1.262051368901072 ], [ 103.751670907656802, 1.262213013021518 ], [ 103.75190643902134, 1.262288449849988 ], [ 103.752116991559447, 1.262295639840533 ], [ 103.75245601795632, 1.26227050734118 ], [ 103.752784339554282, 1.262177129334139 ], [ 103.753023445097909, 1.262083748513108 ], [ 103.753405300054581, 1.261907759322863 ], [ 103.75402625986257, 1.261627613654172 ], [ 103.7541511654657, 1.261570147850331 ], [ 103.754329606481321, 1.261361825777906 ], [ 103.754499122033053, 1.261254075050452 ], [ 103.754566929796354, 1.261189424118556 ], [ 103.754831018687526, 1.260981104613705 ], [ 103.755098674356177, 1.260844621550854 ], [ 103.7552699737913, 1.260754830591644 ], [ 103.755419862408218, 1.260625528206377 ], [ 103.755719638747436, 1.26039565867622 ], [ 103.756001570854622, 1.260205298440228 ], [ 103.756187145276073, 1.260111915706905 ], [ 103.756297776657348, 1.260025714095703 ], [ 103.756447665499223, 1.259885636144187 ], [ 103.756590415303123, 1.259813804012282 ], [ 103.75667071202362, 1.259767112254859 ], [ 103.756770638076873, 1.259688093669836 ], [ 103.756852720946895, 1.259583932322295 ], [ 103.756920527502473, 1.259526464687043 ], [ 103.757020451177951, 1.259497733267066 ], [ 103.757131082570822, 1.25944026688738 ], [ 103.757231007908047, 1.259354064917191 ], [ 103.757377327181729, 1.259231945666958 ], [ 103.757527215818072, 1.259095459780752 ], [ 103.75765212409722, 1.258969748655844 ], [ 103.757951899955373, 1.258743470071273 ], [ 103.758130337934404, 1.258592617340553 ], [ 103.758319483081863, 1.258430989405178 ], [ 103.75848900103, 1.258258585386923 ], [ 103.758549669494116, 1.258204708728816 ], [ 103.758678146560328, 1.258050263283244 ], [ 103.758810192774689, 1.25788863275817 ], [ 103.758924393650034, 1.257777288892083 ], [ 103.759202757813867, 1.257533050664577 ], [ 103.759390119148847, 1.257342687317511 ], [ 103.75971487910914, 1.256990694433282 ], [ 103.759900457092954, 1.256757228988016 ], [ 103.760021797493977, 1.256552496987166 ], [ 103.76016812137874, 1.256286703905468 ], [ 103.760253776954244, 1.25600654146993 ], [ 103.76027876374134, 1.255794622468908 ], [ 103.760239512302007, 1.255668906577172 ], [ 103.760046809519139, 1.255435430441339 ], [ 103.759846968950583, 1.255263014964587 ], [ 103.759677458728305, 1.255169621883312 ], [ 103.759399105864233, 1.255022348190653 ], [ 103.759110046052143, 1.254910991899018 ], [ 103.758892358155151, 1.254864291533466 ], [ 103.758489099064789, 1.254813994582986 ], [ 103.7583320768113, 1.254810397922118 ], [ 103.758000189301455, 1.254835531462527 ], [ 103.757646886785992, 1.254936092843476 ], [ 103.757161541905376, 1.255097712082437 ], [ 103.756943849972984, 1.255191093969201 ], [ 103.756758274888469, 1.255320395420501 ], [ 103.756669055606267, 1.255377862428156 ], [ 103.756576269414907, 1.255395819459487 ], [ 103.756387130336506, 1.25538503836456 ], [ 103.756262225021146, 1.255413769029375 ], [ 103.756173007045575, 1.255456869287953 ], [ 103.755891073789286, 1.255704698314877 ], [ 103.755277245147468, 1.256236275208519 ], [ 103.756064893518314, 1.255880405193679 ], [ 103.757258630373613, 1.255417091184833 ], [ 103.757807615479877, 1.255315338178516 ], [ 103.758714060773372, 1.255296207216829 ], [ 103.759519387365074, 1.25547223127989 ], [ 103.759568155346756, 1.255620696736244 ], [ 103.759585987351869, 1.256044535739824 ], [ 103.75952649918068, 1.256402523063299 ], [ 103.75930225788467, 1.256717402780164 ], [ 103.759146421821939, 1.256832337612882 ], [ 103.759138990867498, 1.256836502902632 ], [ 103.759295891748252, 1.256719424757267 ], [ 103.759405398015019, 1.256566180626023 ], [ 103.759522535776298, 1.256402255258772 ], [ 103.759560481548675, 1.256178378227449 ], [ 103.759583054534815, 1.256045193129421 ], [ 103.75957504392585, 1.255860843653237 ] ] ] ] } },
{ "type": "Feature", "properties": { "OBJECTID": 0, "ISLAND": "Terumbu Hantu" }, "geometry": { "type": "MultiPolygon", "coordinates": [ [ [ [ 103.743226523177611, 1.226592373878748 ], [ 103.74316438863238, 1.226544107664589 ], [ 103.743138209125519, 1.226498410158707 ], [ 103.743118985877459, 1.226481734839765 ], [ 103.743102418740236, 1.226462387214647 ], [ 103.743042118631607, 1.226424376550089 ], [ 103.742874040194025, 1.226336584207443 ], [ 103.742618248127101, 1.226336583635046 ], [ 103.742442069577308, 1.226434912754442 ], [ 103.742412789777774, 1.226508083858747 ], [ 103.742406612037186, 1.22657392135915 ], [ 103.742380913277159, 1.226607289709465 ], [ 103.742424506779884, 1.226658385967023 ], [ 103.742436862703059, 1.226700002515448 ], [ 103.742472058834466, 1.226745701239918 ], [ 103.742453114830994, 1.226788144211729 ], [ 103.742496087486273, 1.226838502485988 ], [ 103.74250226559424, 1.226868316870672 ], [ 103.74247775569917, 1.226924568388941 ], [ 103.742502264961487, 1.226940363946669 ], [ 103.742502265543607, 1.226976386580305 ], [ 103.742515800834852, 1.22708283794046 ], [ 103.742599823632176, 1.22728117691614 ], [ 103.742609637184401, 1.227336618392256 ], [ 103.742618758335581, 1.227381472453379 ], [ 103.742639887100395, 1.227512091396 ], [ 103.74267244477349, 1.227543576136875 ], [ 103.742673899392685, 1.227546041483223 ], [ 103.742731521721126, 1.227643731057684 ], [ 103.743036963041618, 1.227921591974996 ], [ 103.743065964523765, 1.227922171753745 ], [ 103.743209126572154, 1.227919234718027 ], [ 103.743416807444135, 1.227923508546185 ], [ 103.743543970506565, 1.227892305048052 ], [ 103.743638435597859, 1.227752046779223 ], [ 103.743605053730775, 1.227458137237162 ], [ 103.743600081887337, 1.227414362224822 ], [ 103.743602196927114, 1.227416577988507 ], [ 103.743640632398666, 1.227754397295927 ], [ 103.743544249853912, 1.227895065176996 ], [ 103.743419034845104, 1.227924345158463 ], [ 103.74303690003579, 1.227924854918804 ], [ 103.742729330170462, 1.227645595781873 ], [ 103.742671142765147, 1.22754518947812 ], [ 103.742637373039187, 1.227512243243369 ], [ 103.74262750328424, 1.227444783669964 ], [ 103.742599453356775, 1.227283717262468 ], [ 103.742514251733184, 1.22708447478668 ], [ 103.742500747017004, 1.226977271900955 ], [ 103.742501267507251, 1.226943281391399 ], [ 103.742476849097557, 1.226924454408064 ], [ 103.74250023132393, 1.226869024013965 ], [ 103.742492958784666, 1.22684026227176 ], [ 103.742450875728309, 1.226787966879832 ], [ 103.742469581550893, 1.226747701608813 ], [ 103.742435292071022, 1.226700635516679 ], [ 103.742422823805157, 1.226659845553253 ], [ 103.742378143980886, 1.22660911914347 ], [ 103.742404642514117, 1.226573037728015 ], [ 103.742409839902109, 1.226509239535313 ], [ 103.742438938255248, 1.226434459560972 ], [ 103.742618188874559, 1.226335107710685 ], [ 103.742842637970028, 1.226333546284342 ], [ 103.742810166158463, 1.226314197212099 ], [ 103.742787307243802, 1.226278635930051 ], [ 103.742746784103417, 1.226197056379356 ], [ 103.742736394916506, 1.226132211304996 ], [ 103.742729125944763, 1.225997293486964 ], [ 103.742720817598396, 1.225856099345986 ], [ 103.742711470108077, 1.225728502285029 ], [ 103.742684456341152, 1.225642739605088 ], [ 103.742547814303563, 1.225585211054911 ], [ 103.742403381099152, 1.225451333999364 ], [ 103.742355586699063, 1.22530386403035 ], [ 103.742259990567504, 1.225226466179802 ], [ 103.742086979643972, 1.225183578923999 ], [ 103.741930593441168, 1.225157426582736 ], [ 103.741803821726108, 1.225151146844544 ], [ 103.741664580270452, 1.225148004814678 ], [ 103.741465589155624, 1.225144859812184 ], [ 103.741123717211849, 1.225228518860297 ], [ 103.740883673502466, 1.225466970558581 ], [ 103.740569333069317, 1.225679271762661 ], [ 103.740336564040732, 1.225881118615387 ], [ 103.740084049009596, 1.226164542013279 ], [ 103.739952076015868, 1.226305731230559 ], [ 103.739839846982179, 1.226449012024016 ], [ 103.739809709853219, 1.226524314650318 ], [ 103.739812825289306, 1.226568241533154 ], [ 103.739879328199038, 1.226595436290968 ], [ 103.739908423782538, 1.226576611165698 ], [ 103.739967654280576, 1.226546283586803 ], [ 103.740021690013904, 1.226502358709807 ], [ 103.74015989812402, 1.226352802531395 ], [ 103.740529836702038, 1.225972116151274 ], [ 103.740628555376176, 1.225886357838047 ], [ 103.740708568689286, 1.225852892821156 ], [ 103.740768837204598, 1.225867536573734 ], [ 103.740798969810939, 1.225922969717045 ], [ 103.740820788679954, 1.225997227814845 ], [ 103.740848842692529, 1.226062072602994 ], [ 103.740869103926016, 1.226098679254332 ], [ 103.740908590756035, 1.226082992621808 ], [ 103.740930414828554, 1.226005598801476 ], [ 103.740932501455163, 1.225761908913434 ], [ 103.741006281518636, 1.225682425101245 ], [ 103.741199557695325, 1.225670927383313 ], [ 103.741277491330436, 1.225678250908032 ], [ 103.741323211007625, 1.225720087470306 ], [ 103.741303466221765, 1.225768197151488 ], [ 103.741242156654224, 1.225796433800921 ], [ 103.741169417609967, 1.225834082674999 ], [ 103.741098755401481, 1.225887420528046 ], [ 103.741065502356221, 1.225933437944456 ], [ 103.741075891609441, 1.225995144878771 ], [ 103.741115377148702, 1.226017109635219 ], [ 103.741164214723312, 1.226057899959116 ], [ 103.741198502558788, 1.226125884008145 ], [ 103.74119018836187, 1.226184452150765 ], [ 103.741124721986438, 1.226220010384675 ], [ 103.741073803991441, 1.226268118078251 ], [ 103.74107380126992, 1.226347605355372 ], [ 103.741144461595113, 1.226349699599664 ], [ 103.741253569667194, 1.226321464608788 ], [ 103.741644004848268, 1.226687534860889 ], [ 103.741758826150061, 1.2267257138373 ], [ 103.741919108481795, 1.226776444233745 ], [ 103.742005873243571, 1.22682351123058 ], [ 103.74203133021237, 1.226845998215337 ], [ 103.742040679419659, 1.226948494648331 ], [ 103.742050548490738, 1.227009156117534 ], [ 103.742064575629044, 1.22705151430325 ], [ 103.742093668883186, 1.227101194738328 ], [ 103.742118087486304, 1.227114269064651 ], [ 103.742165885686859, 1.227149830303233 ], [ 103.742235245787072, 1.227181209595894 ], [ 103.742326428290227, 1.227183827236243 ], [ 103.74240072305696, 1.22724187548862 ], [ 103.742431894487652, 1.227294693230934 ], [ 103.742476314208716, 1.227385163723627 ], [ 103.742497092612211, 1.227487136919928 ], [ 103.742505922723169, 1.227582835229102 ], [ 103.742615026941067, 1.227670169786631 ], [ 103.742638145747279, 1.227699454792042 ], [ 103.742809333173895, 1.227919618139907 ], [ 103.742901551597896, 1.228005383039825 ], [ 103.742999747711536, 1.228042515052378 ], [ 103.743118985117803, 1.228059776182153 ], [ 103.743188086124718, 1.228074943811204 ], [ 103.743390713931788, 1.228073381608706 ], [ 103.743439553081416, 1.228069199673379 ], [ 103.74352476184508, 1.228030505716625 ], [ 103.743619324747471, 1.227921214691015 ], [ 103.74365985429769, 1.227811921838054 ], [ 103.743659339048136, 1.227689031387844 ], [ 103.743655187777932, 1.227530580310284 ], [ 103.743629216243718, 1.227337092522829 ], [ 103.743621944579928, 1.22728166017836 ], [ 103.743601683568841, 1.227210017571522 ], [ 103.743581942260846, 1.227154584805972 ], [ 103.743539860424846, 1.227091831361946 ], [ 103.743565316774337, 1.227160336905191 ], [ 103.743577263945625, 1.227227273824573 ], [ 103.74357673918, 1.227389907428718 ], [ 103.743595221069498, 1.227409269585899 ], [ 103.743593008987133, 1.22740712978553 ], [ 103.743575977211023, 1.227390654407801 ], [ 103.743575977604195, 1.227378861498727 ], [ 103.743575977224054, 1.227228548934643 ], [ 103.743564696749999, 1.227161725987653 ], [ 103.743508118961742, 1.227022593975513 ], [ 103.743478707227823, 1.226984231661123 ], [ 103.743450710541879, 1.226976386259671 ], [ 103.743432815350573, 1.226904340385454 ], [ 103.743426803760642, 1.226892379061341 ], [ 103.743379130056155, 1.226868316839373 ], [ 103.743371431657479, 1.22683811624105 ], [ 103.743264453991685, 1.22667754185274 ], [ 103.743235968498993, 1.226670189311223 ], [ 103.743226523177611, 1.226592373878748 ] ] ] ] } },
{ "type": "Feature", "properties": { "OBJECTID": 0, "ISLAND": "Terumbu Bemban" }, "geometry": { "type": "MultiPolygon", "coordinates": [ [ [ [ 103.742809943729171, 1.209632979063283 ], [ 103.742628626699656, 1.209410200914551 ], [ 103.742608886209183, 1.209333851104 ], [ 103.742604732501121, 1.209249135543615 ], [ 103.74260940989015, 1.209203117123936 ], [ 103.742602656879839, 1.209169648183074 ], [ 103.742577718311694, 1.209152913891663 ], [ 103.742542386248445, 1.20922926184927 ], [ 103.742351186285404, 1.209337503290173 ], [ 103.74235378083911, 1.20942901780839 ], [ 103.742449897304809, 1.209460920690549 ], [ 103.74250185199827, 1.209488637588845 ], [ 103.742612514538351, 1.209573357638654 ], [ 103.742634855179304, 1.209600028093081 ], [ 103.742658233828891, 1.209619900475873 ], [ 103.74273408507581, 1.209738087159861 ], [ 103.742772010405361, 1.209819666614968 ], [ 103.742802133577115, 1.21012924780238 ], [ 103.742796414958335, 1.210252138056293 ], [ 103.742791995149872, 1.210361170779666 ], [ 103.742788094568752, 1.210473602121366 ], [ 103.742784716424012, 1.210492689520523 ], [ 103.742757954598062, 1.210643295118919 ], [ 103.742743664394851, 1.210731932286511 ], [ 103.742728596416228, 1.210756248326697 ], [ 103.742666505759985, 1.210857958279963 ], [ 103.742650659055485, 1.21087364575376 ], [ 103.742585712494503, 1.210934042439461 ], [ 103.742555057825939, 1.210963587891902 ], [ 103.742511023672975, 1.211011696778376 ], [ 103.742490760729282, 1.211028691812907 ], [ 103.742408018761012, 1.211099285504975 ], [ 103.742356581872286, 1.211143733272 ], [ 103.742296571941409, 1.211170924573434 ], [ 103.742256694932777, 1.211200207444584 ], [ 103.742156808599447, 1.211265310152635 ], [ 103.742133167842013, 1.211291194970493 ], [ 103.742066792229593, 1.211363358276915 ], [ 103.74199431189318, 1.211442058119173 ], [ 103.741971060337974, 1.211463497093841 ], [ 103.741902997733362, 1.211496178507766 ], [ 103.741886891280231, 1.211513957762089 ], [ 103.741869874711483, 1.211529383829584 ], [ 103.741835322876639, 1.211567819040857 ], [ 103.741759855259858, 1.211637890234891 ], [ 103.741546833068327, 1.211767571526662 ], [ 103.741489681605771, 1.211785349378352 ], [ 103.741461105627579, 1.211801560036649 ], [ 103.741348620357499, 1.211838162146449 ], [ 103.741311211829085, 1.211859077908335 ], [ 103.741171450514429, 1.211891495488705 ], [ 103.741117675573648, 1.211911887964723 ], [ 103.74090881358056, 1.211931752395769 ], [ 103.740853736843803, 1.21205359549644 ], [ 103.740814248686675, 1.212088108295556 ], [ 103.740741507746137, 1.212192692803305 ], [ 103.740681238036402, 1.212221975851022 ], [ 103.740629281162285, 1.212257533662675 ], [ 103.740559660180509, 1.212273219269201 ], [ 103.740528486499585, 1.212292044344107 ], [ 103.740403792870154, 1.212308774395713 ], [ 103.740330015253974, 1.212327597091985 ], [ 103.740222987155505, 1.212322364356354 ], [ 103.740003732240851, 1.212388246927029 ], [ 103.740066338068331, 1.212412304281612 ], [ 103.74017466321726, 1.212455712090605 ], [ 103.740222982510687, 1.212458328280303 ], [ 103.740286887319584, 1.212464082247696 ], [ 103.74032897078402, 1.212470882713054 ], [ 103.740386642346024, 1.212457811217146 ], [ 103.740528222448887, 1.212420687431981 ], [ 103.740756051996129, 1.212298327567029 ], [ 103.740826713416809, 1.212230870756647 ], [ 103.740948033102541, 1.212135176910685 ], [ 103.74110052484464, 1.21206824652719 ], [ 103.741353291654065, 1.211973602608157 ], [ 103.741413560664455, 1.211964714766744 ], [ 103.741504224756966, 1.211924451948063 ], [ 103.741600344181464, 1.211870592195547 ], [ 103.74171231117873, 1.211775421619713 ], [ 103.741940144286787, 1.211543767416333 ], [ 103.742088738508684, 1.211495139363833 ], [ 103.74215550318749, 1.211449645772531 ], [ 103.742318907453026, 1.211324669063239 ], [ 103.7425275152967, 1.211137463657089 ], [ 103.742630391385703, 1.211032880107859 ], [ 103.742722356926308, 1.210897964713304 ], [ 103.742806528595992, 1.210767756269018 ], [ 103.742851734028832, 1.210649573653739 ], [ 103.742894342132544, 1.210523023771704 ], [ 103.742936433213288, 1.210299206778425 ], [ 103.742936436987577, 1.210185206233147 ], [ 103.742936440865378, 1.210068068448026 ], [ 103.742924495173966, 1.209958251091065 ], [ 103.742913068115698, 1.209842681090128 ], [ 103.742864754506442, 1.209696779281996 ], [ 103.742809943729171, 1.209632979063283 ] ] ], [ [ [ 103.743033204948645, 1.206242775253917 ], [ 103.742980729571272, 1.206257416063775 ], [ 103.742939683974114, 1.206277809011777 ], [ 103.742916303052397, 1.20630029524888 ], [ 103.743019175671364, 1.206267353598934 ], [ 103.743088276579812, 1.206268924073733 ], [ 103.743136593185071, 1.206322788720669 ], [ 103.743196341883518, 1.206339525070594 ], [ 103.743262841941771, 1.206412738292055 ], [ 103.743303361168472, 1.206606226580802 ], [ 103.743299200181454, 1.206742191288177 ], [ 103.743249318299206, 1.206881290807311 ], [ 103.743299975804121, 1.206845210167466 ], [ 103.743343620243877, 1.206787164996665 ], [ 103.743380511012816, 1.20671552338694 ], [ 103.743390904692717, 1.206642835449873 ], [ 103.743400779684492, 1.206550275898008 ], [ 103.743362597984472, 1.206368814829197 ], [ 103.743322074425805, 1.206307106893522 ], [ 103.743171924999388, 1.206252193411014 ], [ 103.743109579190104, 1.206248007742146 ], [ 103.743033204948645, 1.206242775253917 ] ] ], [ [ [ 103.739878954481071, 1.210008220975063 ], [ 103.739853706132109, 1.210038292018573 ], [ 103.739799445337155, 1.210131200898321 ], [ 103.739791484942302, 1.210144832103883 ], [ 103.739785484480038, 1.210150421770845 ], [ 103.739772907590023, 1.21016214008578 ], [ 103.739756216728907, 1.210190718319856 ], [ 103.739689714763543, 1.210304580890509 ], [ 103.739597433418894, 1.21044841047913 ], [ 103.739542471400142, 1.210499667025513 ], [ 103.739523056699255, 1.210541089847703 ], [ 103.739486585110711, 1.210594421647866 ], [ 103.73946937013028, 1.21063114818283 ], [ 103.739437831798512, 1.210646122450746 ], [ 103.739400202345252, 1.210663987758229 ], [ 103.739311494405044, 1.210780431502491 ], [ 103.739293618479692, 1.210806578760576 ], [ 103.73924651064327, 1.210875486049945 ], [ 103.739120755365477, 1.211090781828936 ], [ 103.739099051074533, 1.211111017122736 ], [ 103.73909288976941, 1.211116762332839 ], [ 103.738968657759969, 1.211297061070597 ], [ 103.738965754517025, 1.211301276210321 ], [ 103.738964821829953, 1.211302145271607 ], [ 103.738915038980878, 1.211348574488084 ], [ 103.738896725024446, 1.211387640569808 ], [ 103.738862037949929, 1.211438364235616 ], [ 103.738857054541455, 1.211445650522955 ], [ 103.738809861121396, 1.211546316356511 ], [ 103.738785335077552, 1.211578500912063 ], [ 103.73875288108681, 1.211621089898679 ], [ 103.738735667886345, 1.211657816427465 ], [ 103.738668071837793, 1.21178639654959 ], [ 103.738665821711322, 1.211793548182355 ], [ 103.73862612099488, 1.21191974357113 ], [ 103.738508622278687, 1.21210288583915 ], [ 103.738492390101257, 1.212118018897094 ], [ 103.73848445417029, 1.212125418125 ], [ 103.738467239792371, 1.212144133334624 ], [ 103.73842992869551, 1.212178924717174 ], [ 103.738435157779477, 1.21218657220497 ], [ 103.738488883474062, 1.212265149779768 ], [ 103.738486004788442, 1.212338228633423 ], [ 103.738484427401858, 1.212378267492511 ], [ 103.738509088723958, 1.212383654754783 ], [ 103.738646191911727, 1.212413604889904 ], [ 103.738795303853436, 1.212466216093366 ], [ 103.738873543394064, 1.212424545740476 ], [ 103.739004095693019, 1.212449629244158 ], [ 103.73902171117723, 1.212524068077294 ], [ 103.739057780854623, 1.212557699027985 ], [ 103.739081050648963, 1.212607318688461 ], [ 103.739195682558631, 1.212647757729573 ], [ 103.739279365408038, 1.212628901046277 ], [ 103.739384246374769, 1.212573037613837 ], [ 103.739482679339673, 1.212576959659881 ], [ 103.739540952201253, 1.212558402330401 ], [ 103.739609028458247, 1.212522132464064 ], [ 103.739785210936631, 1.212493884450286 ], [ 103.739975242010871, 1.21239267370569 ], [ 103.740221834442593, 1.212320011160791 ], [ 103.740328252483366, 1.212324267162013 ], [ 103.74039923931231, 1.212305534805809 ], [ 103.740525187286636, 1.21228822690894 ], [ 103.740560296454532, 1.212269511397836 ], [ 103.740632558223595, 1.212252203452866 ], [ 103.740685562804458, 1.212215476334268 ], [ 103.740736626169848, 1.212191237513283 ], [ 103.740813834567831, 1.21208527852564 ], [ 103.740850874275978, 1.212050732180933 ], [ 103.740907452389294, 1.211930068422823 ], [ 103.74111572945732, 1.211909981498238 ], [ 103.7411687334166, 1.211891265687152 ], [ 103.741309675424645, 1.211857476226726 ], [ 103.741351914415674, 1.21183499607981 ], [ 103.741455737894725, 1.211801910746756 ], [ 103.741490847050628, 1.211783195222485 ], [ 103.7415452131048, 1.211765886640827 ], [ 103.741634007868583, 1.211711148499111 ], [ 103.741757605376961, 1.211638028526089 ], [ 103.741832218490984, 1.211568443851051 ], [ 103.741866645398161, 1.211531031471551 ], [ 103.74188522184977, 1.21151372257069 ], [ 103.741902436201599, 1.211495007336983 ], [ 103.741969594874959, 1.211463117211129 ], [ 103.741992593049389, 1.211441676419153 ], [ 103.742156035917318, 1.211264127217999 ], [ 103.742243126235309, 1.211207524196976 ], [ 103.742296129877005, 1.211170797043126 ], [ 103.742355058024046, 1.211142811673328 ], [ 103.742511553872546, 1.211009395189169 ], [ 103.742563195106783, 1.210953284743895 ], [ 103.742664484974341, 1.210858828210392 ], [ 103.742741473807897, 1.210732271349454 ], [ 103.742786387423877, 1.210472684134259 ], [ 103.742798481714885, 1.210165532583799 ], [ 103.742799685838193, 1.21013494611957 ], [ 103.742769732651141, 1.209820374655692 ], [ 103.742733076808065, 1.209742189322415 ], [ 103.742657512173295, 1.209624408707586 ], [ 103.742636138108111, 1.209604480321633 ], [ 103.742609427177854, 1.209575457468673 ], [ 103.742502780911067, 1.209493138641194 ], [ 103.742439973270066, 1.209459682281389 ], [ 103.742405992767743, 1.209448857704175 ], [ 103.742351520097685, 1.209431503829549 ], [ 103.742347797110938, 1.209337012106031 ], [ 103.742538658331299, 1.209228872847151 ], [ 103.742591059720837, 1.209117125932332 ], [ 103.742667183839728, 1.208972328011503 ], [ 103.742689824817404, 1.208829271906005 ], [ 103.742694591881573, 1.208815584512507 ], [ 103.742690540051868, 1.208828720267821 ], [ 103.742667868492347, 1.208972754894458 ], [ 103.742583963305293, 1.209143005886574 ], [ 103.742627942849353, 1.209141985434062 ], [ 103.74268342665755, 1.209095678421007 ], [ 103.742724027330013, 1.208973096822047 ], [ 103.742745684255482, 1.208808291625801 ], [ 103.742787634696768, 1.208787862539919 ], [ 103.742828232788924, 1.20874291699613 ], [ 103.742977104030373, 1.20821854081171 ], [ 103.743071840147778, 1.207875312402265 ], [ 103.743176048267117, 1.207562048605916 ], [ 103.743250483890861, 1.207311437266365 ], [ 103.743259959817337, 1.207195665383649 ], [ 103.743201094718756, 1.207194641488986 ], [ 103.743173352413791, 1.207244354374454 ], [ 103.743156096152049, 1.207336291475221 ], [ 103.743096549171668, 1.207495987564194 ], [ 103.743043767555221, 1.20766862261753 ], [ 103.742998768869739, 1.20781333749009 ], [ 103.742976098947025, 1.207908678434777 ], [ 103.742932789970837, 1.208092210486782 ], [ 103.742869184750845, 1.208213429347964 ], [ 103.742855650225124, 1.208274720376449 ], [ 103.742840455347462, 1.208332986250537 ], [ 103.742868951165661, 1.208212580142064 ], [ 103.742932431476973, 1.20809182792867 ], [ 103.742997931399387, 1.207815055754264 ], [ 103.743101413399231, 1.207478391510169 ], [ 103.74315578081675, 1.207335000936816 ], [ 103.743172994809711, 1.207244238603882 ], [ 103.743187635187439, 1.207216388288778 ], [ 103.743199208750397, 1.207194371925508 ], [ 103.743219671936856, 1.207043673859314 ], [ 103.743238222622992, 1.20690706391631 ], [ 103.743262470611455, 1.206829968570242 ], [ 103.743295622550704, 1.206734755485515 ], [ 103.74330063773553, 1.206607530583451 ], [ 103.743264887798304, 1.206441744037281 ], [ 103.743258888450057, 1.206413921068882 ], [ 103.743195294043431, 1.206344847219711 ], [ 103.743135343257563, 1.20632574504595 ], [ 103.743086244929344, 1.206272413043493 ], [ 103.743020509881205, 1.206269792714074 ], [ 103.742916816917727, 1.206302825677426 ], [ 103.74286877632386, 1.206325639373619 ], [ 103.742797877427975, 1.206380378172689 ], [ 103.742761404457269, 1.20639768648414 ], [ 103.742708400918517, 1.206434413655945 ], [ 103.742585214305691, 1.20650730490487 ], [ 103.742341488740323, 1.206687229034558 ], [ 103.742319732838922, 1.206721141059064 ], [ 103.742261021015622, 1.206812660748708 ], [ 103.74220316726533, 1.206850249605109 ], [ 103.742081387488895, 1.207010085554707 ], [ 103.742046278996028, 1.207064825539596 ], [ 103.742002264010523, 1.207078837177027 ], [ 103.74199191124309, 1.207082132330587 ], [ 103.741940270975576, 1.207138243675595 ], [ 103.741805629215463, 1.20726379834256 ], [ 103.741753620614006, 1.207344869220764 ], [ 103.741678404701091, 1.207415015494246 ], [ 103.741652585010442, 1.20744307161554 ], [ 103.741619520521965, 1.207473888514735 ], [ 103.741598218132083, 1.207514415067815 ], [ 103.741574085060662, 1.207565886140998 ], [ 103.741566516349877, 1.20758202878622 ], [ 103.741545213642695, 1.207605177074774 ], [ 103.74153391269941, 1.207615711630178 ], [ 103.741508059893164, 1.20763981115496 ], [ 103.741473633034488, 1.207677223534346 ], [ 103.741455055709906, 1.207694532434634 ], [ 103.741437842279666, 1.207713247667645 ], [ 103.741403484785351, 1.207745279080909 ], [ 103.741366261060321, 1.207803306347024 ], [ 103.741314219386084, 1.207851836378407 ], [ 103.74120520502332, 1.208001435311445 ], [ 103.74113649002058, 1.208065514408994 ], [ 103.741062043447414, 1.208181553557212 ], [ 103.741009877762252, 1.208230188483643 ], [ 103.740985822848302, 1.20828151485434 ], [ 103.740936776657662, 1.208307635737625 ], [ 103.740879893609161, 1.208334652576531 ], [ 103.74083801241153, 1.208406347331055 ], [ 103.740794916980036, 1.20843501872257 ], [ 103.740741126837321, 1.20845526468909 ], [ 103.74073064070032, 1.20849640657216 ], [ 103.740721326424136, 1.208505096288659 ], [ 103.740723222454605, 1.208553167835364 ], [ 103.740698964493262, 1.208630276716136 ], [ 103.740698398369346, 1.208632075477186 ], [ 103.740637618161273, 1.208720973299952 ], [ 103.740600044597841, 1.208840424055869 ], [ 103.740542400492927, 1.208973366330832 ], [ 103.740525187584112, 1.209082139956549 ], [ 103.740503971627589, 1.209143052679952 ], [ 103.740471501000613, 1.209280268939488 ], [ 103.740417134053075, 1.209351612361796 ], [ 103.740394407215945, 1.209400089119222 ], [ 103.740335342493324, 1.209455169195581 ], [ 103.740242717243419, 1.209541544540701 ], [ 103.740230151010039, 1.20955708741491 ], [ 103.740112575626839, 1.209702506929329 ], [ 103.740037866582881, 1.209818949378418 ], [ 103.739878954481071, 1.210008220975063 ] ] ] ] } },
{ "type": "Feature", "properties": { "OBJECTID": 0, "ISLAND": "Pulau Bukom" }, "geometry": { "type": "MultiPolygon", "coordinates": [ [ [ [ 103.770758778393031, 1.227985036804373 ], [ 103.770758778811881, 1.227967024571372 ], [ 103.770809703673763, 1.227951599116381 ], [ 103.770833728047208, 1.227923530912519 ], [ 103.770919834625005, 1.227822932304694 ], [ 103.770925022677588, 1.227822932426575 ], [ 103.77093773044129, 1.227822932725073 ], [ 103.770937729960366, 1.227804920491984 ], [ 103.770955625776537, 1.227804920912237 ], [ 103.770955625295485, 1.227786908679122 ], [ 103.771004417925511, 1.227773224976614 ], [ 103.771062996884467, 1.227696850936669 ], [ 103.771080891801461, 1.22769685135602 ], [ 103.771130576370112, 1.227656800012666 ], [ 103.771178319697427, 1.227596783866149 ], [ 103.771191405980218, 1.227586243800792 ], [ 103.771204393423929, 1.227575782412789 ], [ 103.7712343350385, 1.227526163330605 ], [ 103.771290357178231, 1.227433326168755 ], [ 103.7713592639426, 1.227346627229687 ], [ 103.771385110017192, 1.227300595665021 ], [ 103.771385110431638, 1.227282583431729 ], [ 103.771385109947488, 1.22726457300714 ], [ 103.771408877863465, 1.227252470447159 ], [ 103.771420900604269, 1.227228549374451 ], [ 103.771438796416788, 1.227228548886889 ], [ 103.771438795932298, 1.227210537557895 ], [ 103.771438796346331, 1.227192525324572 ], [ 103.771466145677138, 1.227184030358539 ], [ 103.771483027498064, 1.227164998394599 ], [ 103.771505728162623, 1.227144577461588 ], [ 103.771591411920326, 1.226985902321267 ], [ 103.771621907404651, 1.226919008974888 ], [ 103.771631537154661, 1.226905136242581 ], [ 103.771662992660112, 1.226859821061689 ], [ 103.771688867689448, 1.226765254949005 ], [ 103.771697770064918, 1.226732719727761 ], [ 103.771716678819658, 1.2266797053977 ], [ 103.771736635820943, 1.226444393759109 ], [ 103.771801767687947, 1.226286773527068 ], [ 103.771824049835672, 1.226139356250435 ], [ 103.771832489871358, 1.225931712479799 ], [ 103.771832489718136, 1.225859666258298 ], [ 103.77185851136322, 1.225836254663745 ], [ 103.771877787738788, 1.225580151659199 ], [ 103.771868281118174, 1.225553469060641 ], [ 103.771868280630272, 1.225535456826911 ], [ 103.771877734552021, 1.225508950112942 ], [ 103.771891952597343, 1.22535639314298 ], [ 103.771894616458368, 1.225327813468018 ], [ 103.771900870193292, 1.225286452488147 ], [ 103.771913525041796, 1.22520275200899 ], [ 103.771919593764508, 1.225118269102195 ], [ 103.771936645866447, 1.224880863786346 ], [ 103.771948074365923, 1.224830825545131 ], [ 103.772006059750836, 1.224576936409404 ], [ 103.771985106833981, 1.224553313013758 ], [ 103.77196411786872, 1.224534439341103 ], [ 103.771968207699047, 1.224465365860001 ], [ 103.771914032196463, 1.224435726768005 ], [ 103.771858825999743, 1.224410240494339 ], [ 103.771736548137213, 1.224343347231417 ], [ 103.771661978817164, 1.224320182010555 ], [ 103.771627202991652, 1.224301149752407 ], [ 103.771571996800631, 1.224275663473067 ], [ 103.771519831267383, 1.224247115988317 ], [ 103.771384097156911, 1.224221628740107 ], [ 103.771262499864292, 1.224177708146791 ], [ 103.771058208845631, 1.224150356292896 ], [ 103.770557020717078, 1.224186027149203 ], [ 103.770374032299841, 1.224175033895174 ], [ 103.770311399186696, 1.224178798189448 ], [ 103.770221328229951, 1.224173397904148 ], [ 103.770016634937306, 1.22421211252145 ], [ 103.769538724841709, 1.22424226078233 ], [ 103.769400561337847, 1.224285196709662 ], [ 103.76933661744178, 1.224320181429742 ], [ 103.769248766106656, 1.22434074457269 ], [ 103.769175560785115, 1.224392229200971 ], [ 103.769102966375868, 1.224409219561147 ], [ 103.768978713432176, 1.22446427519319 ], [ 103.768896664605236, 1.224489762730398 ], [ 103.768817657188933, 1.224518310708969 ], [ 103.7686906249657, 1.224542179241211 ], [ 103.76856611026281, 1.224571324796807 ], [ 103.768513438648498, 1.224590356776028 ], [ 103.768422948436552, 1.224607348490317 ], [ 103.768352381925013, 1.224626380030098 ], [ 103.768168746671648, 1.224648033270511 ], [ 103.76809436916993, 1.224682384648751 ], [ 103.768056604303368, 1.224724934084381 ], [ 103.767964244960552, 1.224713325202058 ], [ 103.76791344243847, 1.22472493328479 ], [ 103.767834119990084, 1.22473849499747 ], [ 103.767780382394648, 1.224771123154891 ], [ 103.767698699675108, 1.224778969220231 ], [ 103.767690224311409, 1.224136108575679 ], [ 103.767653455900188, 1.224068019857467 ], [ 103.767633899793594, 1.224025119025439 ], [ 103.7674226879858, 1.224053561506801 ], [ 103.767414264497148, 1.224195788930864 ], [ 103.767449128637026, 1.224681259110213 ], [ 103.767483958222897, 1.224778969345445 ], [ 103.767460051046626, 1.224790928977727 ], [ 103.767412377298953, 1.224796980711216 ], [ 103.767403079639976, 1.224788325710628 ], [ 103.767206932133718, 1.224751599117991 ], [ 103.766966272967778, 1.224713025593985 ], [ 103.766476462162586, 1.224732567517238 ], [ 103.766401647423521, 1.224752303397865 ], [ 103.766298838316928, 1.224776946559082 ], [ 103.766066479848547, 1.224767676388347 ], [ 103.765989708848124, 1.224794746605467 ], [ 103.765918338349806, 1.224769575425846 ], [ 103.7656474119471, 1.224793233969299 ], [ 103.765452853221916, 1.22478547680327 ], [ 103.765367816441398, 1.224788871428215 ], [ 103.765238460765531, 1.224842361295005 ], [ 103.765184075694549, 1.224859668539496 ], [ 103.765123819084721, 1.224901409757461 ], [ 103.765095298421684, 1.224932419691707 ], [ 103.76508600212928, 1.22494107331911 ], [ 103.765006958145563, 1.224921531588794 ], [ 103.764960736056622, 1.224941072818753 ], [ 103.764937135419146, 1.224946904460477 ], [ 103.764915245571743, 1.224952312903269 ], [ 103.764871259335777, 1.224923061001614 ], [ 103.764871259349476, 1.224922522000256 ], [ 103.764871258894345, 1.224905050579034 ], [ 103.764889154689101, 1.224905050134699 ], [ 103.764889154247555, 1.224887038807763 ], [ 103.764889154704534, 1.224869026576485 ], [ 103.764914040481457, 1.224853002778234 ], [ 103.764867711311496, 1.224807956087269 ], [ 103.764790433583144, 1.224833144273147 ], [ 103.764781783531674, 1.224869026527771 ], [ 103.764722086992293, 1.224898999253178 ], [ 103.764692307236899, 1.224905050494125 ], [ 103.764636140532403, 1.224917134070883 ], [ 103.764540198661749, 1.224911365364904 ], [ 103.764468618068705, 1.22491567462113 ], [ 103.764432424897336, 1.224913492357318 ], [ 103.764397543019697, 1.224932578070881 ], [ 103.76433482298566, 1.224961547768564 ], [ 103.764175181209893, 1.225003603818944 ], [ 103.764065084948626, 1.224963851417167 ], [ 103.763920943474872, 1.224972505146548 ], [ 103.763771211334031, 1.224949569264593 ], [ 103.763609141484054, 1.224932577440201 ], [ 103.763556469918996, 1.224913546419517 ], [ 103.763482774764668, 1.224896554188732 ], [ 103.763114734459577, 1.224962374116192 ], [ 103.763037509281205, 1.225004623994705 ], [ 103.763000705516831, 1.225021616034422 ], [ 103.762965927858261, 1.225040647469434 ], [ 103.762893333401493, 1.225057639465849 ], [ 103.762766021805092, 1.225110934824552 ], [ 103.762607010473957, 1.225129685319074 ], [ 103.762415004228558, 1.225164037023835 ], [ 103.762000583836766, 1.225139166777828 ], [ 103.761820634986876, 1.225166728792727 ], [ 103.761694354932189, 1.225183720217601 ], [ 103.761563864514201, 1.225230860325934 ], [ 103.761336451416014, 1.225291789368327 ], [ 103.761301674641871, 1.225310821685053 ], [ 103.761211185272273, 1.225327813150239 ], [ 103.761158512700618, 1.225346844980087 ], [ 103.760996442839527, 1.225363836304811 ], [ 103.760961666062272, 1.225382868616868 ], [ 103.760817491096404, 1.225399860416962 ], [ 103.760715519268743, 1.225427352129393 ], [ 103.760675342988065, 1.225490937811839 ], [ 103.76063383808129, 1.225543952339546 ], [ 103.760551789258614, 1.225499081856786 ], [ 103.760532181855154, 1.225562983722384 ], [ 103.760513272968183, 1.22557997621569 ], [ 103.760504832026186, 1.225589492613286 ], [ 103.760451146430512, 1.225589492048037 ], [ 103.760389176494712, 1.225489759736892 ], [ 103.760350730680855, 1.225456410238902 ], [ 103.760316530547314, 1.225416464421593 ], [ 103.760191002474144, 1.225435724845207 ], [ 103.760084958774698, 1.225455072618073 ], [ 103.759976259125452, 1.225471747916086 ], [ 103.759906007016909, 1.225491096667823 ], [ 103.75979730736556, 1.225507771054005 ], [ 103.759727054356546, 1.225527119800853 ], [ 103.759635271895334, 1.225548103945242 ], [ 103.759564669920763, 1.225579818054749 ], [ 103.759530207604541, 1.225599165979247 ], [ 103.759467138003018, 1.225627485310294 ], [ 103.759327104324967, 1.225708748523986 ], [ 103.759281003442638, 1.225762607577374 ], [ 103.759226461154398, 1.22580992241281 ], [ 103.759208094291921, 1.225851329136968 ], [ 103.759170976021835, 1.225868003680774 ], [ 103.759154408506973, 1.225923374747754 ], [ 103.759123947991725, 1.225949794908893 ], [ 103.759099028130962, 1.225994752888923 ], [ 103.759129558284386, 1.226049843107574 ], [ 103.759091111650505, 1.226111828990325 ], [ 103.759082828340738, 1.226139514071272 ], [ 103.759009918464344, 1.226156189421991 ], [ 103.758957561636009, 1.226193549971429 ], [ 103.758920443359742, 1.22621022451133 ], [ 103.758832295327181, 1.226265595381012 ], [ 103.758730341326412, 1.226296500990625 ], [ 103.758604603324727, 1.226367104818437 ], [ 103.758510181176263, 1.226445712242902 ], [ 103.75846780289838, 1.226464744306423 ], [ 103.758437517485547, 1.226462298956381 ], [ 103.758411093567872, 1.226472061731674 ], [ 103.758393198663796, 1.226472061227492 ], [ 103.758393198266248, 1.226454049903337 ], [ 103.758384914794945, 1.226390340805624 ], [ 103.75836569234437, 1.226373665590529 ], [ 103.758349125091897, 1.226354317148565 ], [ 103.758278907613501, 1.226322779072311 ], [ 103.758252676207064, 1.226292138461492 ], [ 103.758194621495363, 1.226342497265689 ], [ 103.758214246610123, 1.226580131358277 ], [ 103.758150111016818, 1.226619654797712 ], [ 103.757730552921487, 1.22681275185912 ], [ 103.757078251318759, 1.227165860440074 ], [ 103.756898600002927, 1.227183168434068 ], [ 103.756841716878, 1.227203255446356 ], [ 103.756809823852919, 1.227237906158528 ], [ 103.756782631720142, 1.227246561048118 ], [ 103.756772320643805, 1.227234951424039 ], [ 103.756690831102517, 1.227239840783017 ], [ 103.756532098123756, 1.227228548827784 ], [ 103.756516405290981, 1.227203889067624 ], [ 103.756460518490485, 1.227228549471573 ], [ 103.756498067428964, 1.227297785085463 ], [ 103.756446604536535, 1.227210537745885 ], [ 103.756441183134243, 1.227201345628351 ], [ 103.75643301079586, 1.227149149995232 ], [ 103.756357847434998, 1.227164382743843 ], [ 103.756278664756579, 1.227219420072357 ], [ 103.756270346095135, 1.227256780936937 ], [ 103.756281565681448, 1.22726457236228 ], [ 103.756293786512188, 1.227262089331663 ], [ 103.756280172878022, 1.227268019759338 ], [ 103.75627965891502, 1.227268369733489 ], [ 103.756219102928853, 1.227309671207694 ], [ 103.756072425566629, 1.227385877742786 ], [ 103.756024020714534, 1.227411025806989 ], [ 103.756040976968791, 1.227400662283244 ], [ 103.756048928252881, 1.227390653912765 ], [ 103.756031521967913, 1.227365289600233 ], [ 103.755963279715132, 1.227386713817673 ], [ 103.755895176885602, 1.227434029088011 ], [ 103.755887871479615, 1.227480712169524 ], [ 103.755897371635598, 1.227476827296574 ], [ 103.755764550529392, 1.227545834571607 ], [ 103.755791090624768, 1.227527393545827 ], [ 103.755798395893521, 1.227516734919273 ], [ 103.755782474853504, 1.227491687176137 ], [ 103.755704253781801, 1.227508222100979 ], [ 103.755649100744989, 1.227543752969333 ], [ 103.755691024875532, 1.227570769370228 ], [ 103.755727781670942, 1.227564937293156 ], [ 103.755691025391428, 1.22758403458835 ], [ 103.755681347295024, 1.227589062572005 ], [ 103.755681764514051, 1.227609599797025 ], [ 103.755651494032449, 1.227618771881056 ], [ 103.755629055330516, 1.227742547972732 ], [ 103.75555266901182, 1.22779070857171 ], [ 103.755502459996194, 1.227813258333636 ], [ 103.755467998523017, 1.227832606201572 ], [ 103.755430880204912, 1.227849281594127 ], [ 103.755306942081447, 1.227940675742531 ], [ 103.755238174192186, 1.227961519322535 ], [ 103.755073727758997, 1.228064821843441 ], [ 103.755002723326044, 1.22812079267526 ], [ 103.754929815022791, 1.228173490553825 ], [ 103.754826707408071, 1.228259327068538 ], [ 103.754643491659522, 1.228335593934664 ], [ 103.754591133833159, 1.228372955295308 ], [ 103.75450590419139, 1.228392444533408 ], [ 103.754416026694045, 1.228497434957839 ], [ 103.754253938967381, 1.228564907478931 ], [ 103.754216662601408, 1.228608442472281 ], [ 103.754175280224288, 1.228644341793694 ], [ 103.754142513089022, 1.228641686506869 ], [ 103.754134142192271, 1.228651466054132 ], [ 103.754116247275519, 1.228651465520225 ], [ 103.75411624776298, 1.228543395779268 ], [ 103.754109291424342, 1.228543396476069 ], [ 103.7540983519484, 1.228543396149623 ], [ 103.754107841202526, 1.228482766032478 ], [ 103.75418052300239, 1.22846399721196 ], [ 103.754187828280024, 1.228453338590488 ], [ 103.754205723195525, 1.228453338219464 ], [ 103.754300346994768, 1.228429353675272 ], [ 103.754305789368217, 1.228427973777126 ], [ 103.754356189383046, 1.228388643562829 ], [ 103.754381148734439, 1.228379251575991 ], [ 103.754395265530718, 1.228373939758957 ], [ 103.754402569908777, 1.228363280232426 ], [ 103.754438360637238, 1.228363280391674 ], [ 103.754438361165469, 1.228345269069481 ], [ 103.754474150995222, 1.228345268323842 ], [ 103.754474150624688, 1.228327257001587 ], [ 103.754492046437974, 1.228327256628605 ], [ 103.754492046067313, 1.228309245306357 ], [ 103.754509940981976, 1.22830924493322 ], [ 103.754658065975789, 1.228232151352359 ], [ 103.754682392399559, 1.228173859453715 ], [ 103.754652404158634, 1.228056203463913 ], [ 103.754603245306271, 1.228023979501977 ], [ 103.754570931195374, 1.228046423965179 ], [ 103.754556322442355, 1.228067743019393 ], [ 103.754527836465414, 1.228075094657301 ], [ 103.754509941552328, 1.228075094126297 ], [ 103.754456552457256, 1.228012723047478 ], [ 103.754410853270798, 1.228029397265981 ], [ 103.754376391787815, 1.228048745119038 ], [ 103.754231902186191, 1.228065420917665 ], [ 103.754143754165511, 1.228084768976888 ], [ 103.754052949300529, 1.228101443652536 ], [ 103.754018487814278, 1.228120792405073 ], [ 103.753962810319351, 1.22814580365326 ], [ 103.753803744963349, 1.22828289602043 ], [ 103.753662681268864, 1.228364757572945 ], [ 103.753658976195027, 1.228411229132066 ], [ 103.753704590164872, 1.228450791922109 ], [ 103.753715596746702, 1.228460339627385 ], [ 103.753729777590536, 1.22847690348702 ], [ 103.753715992072458, 1.228461111062097 ], [ 103.753658842270937, 1.228412737607904 ], [ 103.753661700995664, 1.22836436595373 ], [ 103.753803543713531, 1.228282268385495 ], [ 103.75396149309033, 1.228145786430982 ], [ 103.754018905659763, 1.228119641161629 ], [ 103.75405423602966, 1.228099770616735 ], [ 103.754143600546527, 1.228083823007113 ], [ 103.75423218616146, 1.228063954047001 ], [ 103.754375584938956, 1.228048008942402 ], [ 103.754411954001668, 1.228027877062063 ], [ 103.754456377261576, 1.228012190371613 ], [ 103.754510929037224, 1.228074682669788 ], [ 103.754527294677885, 1.228074421794076 ], [ 103.754556131068838, 1.228067363180638 ], [ 103.754569380342559, 1.228046706985254 ], [ 103.754602632531885, 1.228023437769521 ], [ 103.754653028647311, 1.228055599366959 ], [ 103.754683938746098, 1.228174046702935 ], [ 103.754658998617842, 1.22823287577591 ], [ 103.754510662478523, 1.228309744163803 ], [ 103.754492282374855, 1.228309351124018 ], [ 103.754492184808882, 1.228327294616023 ], [ 103.754474324932573, 1.228327424314187 ], [ 103.754474227367425, 1.228345335249083 ], [ 103.754438475275535, 1.228345334187118 ], [ 103.754438409154503, 1.228363375351389 ], [ 103.754402689410057, 1.228363341732773 ], [ 103.754395318537874, 1.228374126963974 ], [ 103.754356253174265, 1.228388768367026 ], [ 103.754305919643585, 1.228428313822027 ], [ 103.754205709707861, 1.22845367373827 ], [ 103.754188043916798, 1.228453608097514 ], [ 103.754180445723833, 1.228464197074194 ], [ 103.754108096374594, 1.228483020166487 ], [ 103.754098547832683, 1.228543158307623 ], [ 103.754116667376678, 1.228543223962551 ], [ 103.754116664198065, 1.228651145387661 ], [ 103.754133809749433, 1.22865114589921 ], [ 103.754142382825378, 1.228640949445976 ], [ 103.75417472495819, 1.228643695156554 ], [ 103.754217070553693, 1.228607614086625 ], [ 103.754254089942975, 1.228564080894323 ], [ 103.754415934158757, 1.228497018043083 ], [ 103.754506081219219, 1.228391779830798 ], [ 103.754591029612513, 1.228372694835245 ], [ 103.754643246379743, 1.228335044978166 ], [ 103.754826523222206, 1.228258962604215 ], [ 103.754927709769561, 1.228174249253442 ], [ 103.75499889107617, 1.228123003733328 ], [ 103.75507604693253, 1.228061560773537 ], [ 103.755238672005078, 1.227960377124842 ], [ 103.755306734543524, 1.227939983897634 ], [ 103.7554298729805, 1.227848735328437 ], [ 103.755447797861422, 1.227837754156313 ], [ 103.755428574145341, 1.227834092725284 ], [ 103.755412987666006, 1.227829385955473 ], [ 103.755401557903923, 1.227818926645149 ], [ 103.7553735017881, 1.22781369678664 ], [ 103.75532985899639, 1.22781055736088 ], [ 103.755284137823338, 1.22781107964504 ], [ 103.755216594002377, 1.227853174016792 ], [ 103.754980710234904, 1.227975534815879 ], [ 103.754770806469665, 1.228059198606268 ], [ 103.754764572101379, 1.228043510411736 ], [ 103.754732361022675, 1.227983893754176 ], [ 103.754682484656755, 1.227937873692826 ], [ 103.754593121041935, 1.227923229384978 ], [ 103.754496483147932, 1.227934730938802 ], [ 103.754412312534569, 1.227996435034118 ], [ 103.75438529446356, 1.228013168590881 ], [ 103.754339573978768, 1.227990157487072 ], [ 103.754188901666581, 1.228006887361538 ], [ 103.754093302087625, 1.228030939700965 ], [ 103.753985232052784, 1.228082184094103 ], [ 103.753958214907854, 1.228097872201015 ], [ 103.753809618792971, 1.228184674984493 ], [ 103.753673490525586, 1.228301809611449 ], [ 103.753600750848221, 1.228363514021764 ], [ 103.753545673084503, 1.228495292733434 ], [ 103.753462539814876, 1.228631254189367 ], [ 103.753326410478991, 1.228813232628471 ], [ 103.753192359031871, 1.22897743131758 ], [ 103.752858953124715, 1.229347204980617 ], [ 103.752873501106166, 1.229345636349584 ], [ 103.752977934519265, 1.229277134815266 ], [ 103.753088342248631, 1.229236609970006 ], [ 103.75310341015134, 1.229215692476906 ], [ 103.753211219310586, 1.229176737524283 ], [ 103.753264994895574, 1.229144055417597 ], [ 103.753380857731372, 1.229096732616759 ], [ 103.753481394421314, 1.229022216920241 ], [ 103.753570759970671, 1.229002870730786 ], [ 103.753595181685398, 1.228913710176585 ], [ 103.753668439746903, 1.228884950874691 ], [ 103.753693120463566, 1.228848607922322 ], [ 103.75376534037521, 1.228801545154854 ], [ 103.753803788449133, 1.228787427369654 ], [ 103.753836781978947, 1.228730428076934 ], [ 103.753916276721682, 1.228638654649829 ], [ 103.753936282725348, 1.228562044728726 ], [ 103.753909342844523, 1.22854741763706 ], [ 103.753937295375707, 1.228561408086455 ], [ 103.753918923015419, 1.22863345644226 ], [ 103.75391793183357, 1.228637341562181 ], [ 103.753837229428839, 1.228730863993988 ], [ 103.753804724683576, 1.228788206055482 ], [ 103.753765648527036, 1.228802911658738 ], [ 103.753692878702367, 1.228850613795351 ], [ 103.753668867422547, 1.228885616499739 ], [ 103.753596151147036, 1.22891509659635 ], [ 103.753571597361898, 1.229003853800072 ], [ 103.753481422251923, 1.229023008239946 ], [ 103.753381216209604, 1.229097780785919 ], [ 103.753265072121565, 1.229145623587812 ], [ 103.753211299233158, 1.229178270424359 ], [ 103.753104014796122, 1.229217670340152 ], [ 103.753088426667873, 1.229238004502462 ], [ 103.752978294786644, 1.229278441632742 ], [ 103.752873684391119, 1.229346074067509 ], [ 103.752789853818413, 1.229361764055133 ], [ 103.752740624044947, 1.229297561731674 ], [ 103.752716039851123, 1.229290673345623 ], [ 103.752702952121695, 1.229287005750324 ], [ 103.752684631456972, 1.22928187202123 ], [ 103.752695467082972, 1.22923939345048 ], [ 103.752731012375705, 1.229184461628161 ], [ 103.752738317302445, 1.229155790785517 ], [ 103.752672957725267, 1.229167504840459 ], [ 103.75253168460948, 1.229248952121728 ], [ 103.752500699516077, 1.22926681508788 ], [ 103.752456398394841, 1.22916402277685 ], [ 103.752499579644436, 1.229127914631036 ], [ 103.752513404616707, 1.229116355466423 ], [ 103.752467844351202, 1.228994320051705 ], [ 103.75239051786383, 1.228960559580547 ], [ 103.752378928010742, 1.228955500212664 ], [ 103.752313970050039, 1.22890843058588 ], [ 103.752229295990205, 1.228917120750421 ], [ 103.75221285572492, 1.228918808696323 ], [ 103.752175439614078, 1.22885777290437 ], [ 103.752130125610677, 1.228823402958699 ], [ 103.752068505689266, 1.228923961870761 ], [ 103.752185767628973, 1.229200767883673 ], [ 103.752300706655959, 1.229218004059426 ], [ 103.752361452352503, 1.229325071805025 ], [ 103.752263272672195, 1.22936209710252 ], [ 103.752247020411602, 1.229416167648152 ], [ 103.752299696876051, 1.229421455267375 ], [ 103.752282160184123, 1.229430748884498 ], [ 103.752368297949076, 1.229451883797202 ], [ 103.752372842628887, 1.229452999017189 ], [ 103.752395943928235, 1.229500917469162 ], [ 103.752406345443106, 1.229522491398951 ], [ 103.752398308377622, 1.22951602313967 ], [ 103.752387788221952, 1.229525486087655 ], [ 103.752390933238686, 1.229578605834669 ], [ 103.752372083577484, 1.229595564804812 ], [ 103.752357013193219, 1.229609123480091 ], [ 103.752281482902632, 1.229632588524833 ], [ 103.752223200671935, 1.229653642154995 ], [ 103.752179808770606, 1.229702523531427 ], [ 103.751965555793944, 1.22976192375936 ], [ 103.751933033322004, 1.229750174163858 ], [ 103.751871291088776, 1.229734906597701 ], [ 103.7517987845265, 1.229751264321425 ], [ 103.751789871047151, 1.229786196930033 ], [ 103.751714463845403, 1.229809642970082 ], [ 103.751674059427202, 1.22983173625234 ], [ 103.751558946790411, 1.229849782009733 ], [ 103.751432981889735, 1.229895286642125 ], [ 103.751275839728422, 1.229924801141833 ], [ 103.751208277439616, 1.229920737550204 ], [ 103.751083972363347, 1.229928196512669 ], [ 103.750998394089109, 1.229975001947442 ], [ 103.750903552960168, 1.22999282040513 ], [ 103.750802909800186, 1.230019959962119 ], [ 103.750722923559849, 1.230048842868842 ], [ 103.750671422285109, 1.230045746529153 ], [ 103.750605539082102, 1.230049704686083 ], [ 103.750473893652213, 1.230097248435472 ], [ 103.750313011176317, 1.230118901120515 ], [ 103.750249656559703, 1.230146969700797 ], [ 103.750162578890297, 1.23018554805773 ], [ 103.75015213884268, 1.230190173553786 ], [ 103.749917193954943, 1.23021481643128 ], [ 103.74983085509254, 1.230246002526065 ], [ 103.749740365507378, 1.230262993584629 ], [ 103.749735872856562, 1.230264616776942 ], [ 103.749687693668733, 1.230282026079315 ], [ 103.749660800831833, 1.230286241377197 ], [ 103.749546200326691, 1.230304205668286 ], [ 103.749454950460589, 1.230354124597532 ], [ 103.749436295421759, 1.230352998978047 ], [ 103.749383475322091, 1.230372083914823 ], [ 103.749221405127713, 1.230389074496223 ], [ 103.749186627311289, 1.230408106643832 ], [ 103.748965917341962, 1.230442723216392 ], [ 103.748798089337527, 1.230462510786948 ], [ 103.748774531982221, 1.230461086566221 ], [ 103.748730614931972, 1.230463725004371 ], [ 103.748667667121751, 1.230498164804516 ], [ 103.748577177523359, 1.230515155822246 ], [ 103.748506609847695, 1.230534187720231 ], [ 103.748326644714751, 1.230551179481859 ], [ 103.748273972862222, 1.230570211042948 ], [ 103.747995259948084, 1.230656839278085 ], [ 103.747843474085911, 1.230677260358199 ], [ 103.747772907300572, 1.230696292235993 ], [ 103.747628732010639, 1.230713283295527 ], [ 103.747540269397035, 1.230732315492563 ], [ 103.747497289367899, 1.230739056136528 ], [ 103.747334903495187, 1.230764522291786 ], [ 103.747253947026408, 1.230786350112483 ], [ 103.747181352340476, 1.230803341662373 ], [ 103.747152364031422, 1.230811159853244 ], [ 103.747110785548315, 1.230822373521969 ], [ 103.747038190860806, 1.230839364163454 ], [ 103.747003413923338, 1.230858396280871 ], [ 103.746912924306017, 1.230875388144501 ], [ 103.746788672144731, 1.230912431371019 ], [ 103.746698181626229, 1.230929422322674 ], [ 103.746609719000986, 1.230948454487643 ], [ 103.74648343952164, 1.23096544606899 ], [ 103.746295784861687, 1.231008873813002 ], [ 103.746143430842281, 1.231037491932106 ], [ 103.746072864038396, 1.231056524667411 ], [ 103.746000270238412, 1.231073515279539 ], [ 103.745983388220708, 1.231092547068213 ], [ 103.74577336342918, 1.231125492455011 ], [ 103.745714959822649, 1.231146582106613 ], [ 103.745506351594983, 1.231191645999027 ], [ 103.745454973016408, 1.231173089454713 ], [ 103.745448961100251, 1.231143115912123 ], [ 103.74543707716083, 1.231119054003613 ], [ 103.745423542445508, 1.23104605870136 ], [ 103.745308727098418, 1.230983263977929 ], [ 103.745123404857907, 1.23094845516731 ], [ 103.745070732433689, 1.230929421973034 ], [ 103.744854976736136, 1.230912431722534 ], [ 103.744678375438895, 1.230880840900539 ], [ 103.744551265640339, 1.23087320742874 ], [ 103.744479683992168, 1.230877516133712 ], [ 103.744425999317954, 1.230874279422437 ], [ 103.744355676499382, 1.230878501347326 ], [ 103.744146246575795, 1.230856109484868 ], [ 103.744023566400244, 1.230878061506855 ], [ 103.743965223807663, 1.230874561459318 ], [ 103.743924426772395, 1.230893399797762 ], [ 103.743859268498753, 1.230929034973324 ], [ 103.74377371573199, 1.230934171584851 ], [ 103.743710697883131, 1.230911411129833 ], [ 103.743638104313717, 1.230894419288352 ], [ 103.743583972161915, 1.230864799528967 ], [ 103.743459658559757, 1.230857340642064 ], [ 103.743357338478091, 1.230863480515799 ], [ 103.743081229613978, 1.230834526951897 ], [ 103.742970730057877, 1.230794617213684 ], [ 103.742803670355499, 1.230784591157434 ], [ 103.742743343983932, 1.230803341991051 ], [ 103.742672776850824, 1.230858396362911 ], [ 103.742635972893893, 1.230875388105889 ], [ 103.742619090855243, 1.230894419871501 ], [ 103.742546496146119, 1.230911411292081 ], [ 103.742458035266921, 1.230984477265158 ], [ 103.742385440554614, 1.231001469585419 ], [ 103.742281091678763, 1.231058546752999 ], [ 103.742170697761708, 1.231109538241863 ], [ 103.742035304080957, 1.231193791377128 ], [ 103.741956968733746, 1.231236640161937 ], [ 103.741884434922937, 1.23125917260441 ], [ 103.741729792162388, 1.23131901084433 ], [ 103.741558617264545, 1.2314126391628 ], [ 103.741490680324702, 1.231433747379631 ], [ 103.741438008415713, 1.231452778799937 ], [ 103.741311728279882, 1.23148778144613 ], [ 103.741223265891009, 1.231524824742551 ], [ 103.741091192035199, 1.231561446892363 ], [ 103.740978228837122, 1.231623220971762 ], [ 103.740864347657919, 1.231649885790902 ], [ 103.74082957157016, 1.231668917823195 ], [ 103.740792767591955, 1.231685909538746 ], [ 103.740740593125807, 1.231714456680756 ], [ 103.740560828683527, 1.231797497239185 ], [ 103.740471667898618, 1.231867045138335 ], [ 103.740412555628254, 1.231904879849115 ], [ 103.740382191641899, 1.231939091780979 ], [ 103.740324775297111, 1.231990716292606 ], [ 103.740228204681159, 1.232129866494654 ], [ 103.740156990555207, 1.232261769106876 ], [ 103.740128862922504, 1.23232345569444 ], [ 103.740006392469482, 1.2324614274921 ], [ 103.739987483411241, 1.232478418921736 ], [ 103.739952706950788, 1.232533473570619 ], [ 103.739918716649029, 1.232564043493943 ], [ 103.739875508004388, 1.232632413700398 ], [ 103.73979111719845, 1.232708313089968 ], [ 103.739738969357646, 1.23282266175082 ], [ 103.739674982457501, 1.232941179109403 ], [ 103.739648489161254, 1.233055809028571 ], [ 103.739593790031421, 1.233180869787118 ], [ 103.739576907863224, 1.233253936378046 ], [ 103.739557999332817, 1.233306950432792 ], [ 103.73954111806114, 1.233380017023334 ], [ 103.739522208630376, 1.233433031981982 ], [ 103.73950532708902, 1.233488087257668 ], [ 103.739486418555202, 1.233541101311573 ], [ 103.739454000709785, 1.233646778717205 ], [ 103.739389148480086, 1.233740230681084 ], [ 103.739282135376016, 1.233974909345008 ], [ 103.739236392286813, 1.234059619496558 ], [ 103.739219003997803, 1.234190538232968 ], [ 103.739167834379359, 1.234285310143753 ], [ 103.739147422792854, 1.234460710820702 ], [ 103.739128470211284, 1.234513866854158 ], [ 103.739131153394936, 1.234559265119889 ], [ 103.739125717706827, 1.234650993665433 ], [ 103.739135916713835, 1.234679590019776 ], [ 103.739147422940448, 1.23471185361683 ], [ 103.739171941672851, 1.234791779470904 ], [ 103.739276193998066, 1.234956768124353 ], [ 103.739477602187137, 1.235081166040545 ], [ 103.739490236921711, 1.235088969342448 ], [ 103.739542531499055, 1.235147884186723 ], [ 103.739544726500242, 1.235150357700334 ], [ 103.739680312163557, 1.235262313736853 ], [ 103.739743958129282, 1.235285299501176 ], [ 103.739807526824308, 1.23530825722602 ], [ 103.73991691613837, 1.235342257047169 ], [ 103.739969588602889, 1.235361289442817 ], [ 103.740042183159034, 1.235378280487419 ], [ 103.740130645806531, 1.235415324554424 ], [ 103.74025692550353, 1.235450326993678 ], [ 103.740319436660783, 1.23547291207154 ], [ 103.740327037192955, 1.235474691223392 ], [ 103.740453771733073, 1.235504361539163 ], [ 103.740468658238612, 1.235510127383711 ], [ 103.740527050575295, 1.235532743060365 ], [ 103.740595920432867, 1.235559416985438 ], [ 103.740691827852118, 1.235581877521223 ], [ 103.740757991231405, 1.235612431069142 ], [ 103.740880277713785, 1.235679323025646 ], [ 103.740961451985115, 1.235704546772652 ], [ 103.741042801703045, 1.235749047948011 ], [ 103.741108948917656, 1.235779600582783 ], [ 103.741223266425095, 1.235846581778136 ], [ 103.741293833527905, 1.235901636498826 ], [ 103.741491693604928, 1.236026696143794 ], [ 103.741508576175761, 1.236045728169066 ], [ 103.741599064487289, 1.236098742425726 ], [ 103.74161594705933, 1.236117775354757 ], [ 103.741688540414486, 1.23617078898661 ], [ 103.741789673376033, 1.236254321373157 ], [ 103.741902269538897, 1.236315901619596 ], [ 103.742012664690307, 1.23636689349059 ], [ 103.742065554148837, 1.23642646849679 ], [ 103.742135920785685, 1.236458973775861 ], [ 103.742229040966265, 1.236509912588115 ], [ 103.742296977493851, 1.236531020078509 ], [ 103.74234972845656, 1.236568116200798 ], [ 103.742421283300501, 1.236563823842752 ], [ 103.742457020643769, 1.236604086459723 ], [ 103.742475929461776, 1.23662107830388 ], [ 103.742511895022261, 1.236661604098015 ], [ 103.742609637551439, 1.236702640270024 ], [ 103.742652732391505, 1.236731310998579 ], [ 103.74268121798697, 1.236738662649271 ], [ 103.742696823451766, 1.236793594261545 ], [ 103.742798523009384, 1.236836723261606 ], [ 103.742816244704784, 1.236858992027423 ], [ 103.742907336363416, 1.236847594738386 ], [ 103.742977300407432, 1.236935523937432 ], [ 103.74308181514769, 1.236922436845882 ], [ 103.743146192943456, 1.237014625404764 ], [ 103.743149716777026, 1.237019671877065 ], [ 103.743155618295575, 1.237018933213404 ], [ 103.743219908726601, 1.237010893805526 ], [ 103.743299458314169, 1.237069379037523 ], [ 103.743344741703439, 1.237079237247937 ], [ 103.743388915426323, 1.237088853050149 ], [ 103.743389064579901, 1.237088885612357 ], [ 103.743440775655898, 1.237108902762629 ], [ 103.743532226708126, 1.237124908602127 ], [ 103.743553433632272, 1.23715155641333 ], [ 103.743599418656629, 1.237164789730347 ], [ 103.743762224821182, 1.237211642232768 ], [ 103.743788736399722, 1.237244973473437 ], [ 103.743872235268739, 1.23726900074138 ], [ 103.743896151127899, 1.237299060807933 ], [ 103.743972572823481, 1.237308629763323 ], [ 103.744023357691404, 1.237297021257484 ], [ 103.744023357079072, 1.237369067426467 ], [ 103.744005462108802, 1.237369066820136 ], [ 103.74398756623998, 1.237369067118016 ], [ 103.743987566535893, 1.237387078434175 ], [ 103.743933881624713, 1.237387078422789 ], [ 103.743933881358288, 1.237395036827157 ], [ 103.743933881293245, 1.237531170760311 ], [ 103.743915986321923, 1.237531170153294 ], [ 103.743915986604733, 1.23760321722633 ], [ 103.743915986566719, 1.237765320879601 ], [ 103.743927407685476, 1.237765320362743 ], [ 103.743951776512574, 1.237765320285019 ], [ 103.743951776803357, 1.237837144884429 ], [ 103.744161774360037, 1.237936451181293 ], [ 103.744170417211478, 1.237937543945648 ], [ 103.744178402022527, 1.237921374185072 ], [ 103.74419042596567, 1.237789382645932 ], [ 103.744220204100301, 1.23778333255263 ], [ 103.744238099972023, 1.237783332253374 ], [ 103.744238099674604, 1.237765320937145 ], [ 103.744259953226518, 1.237747713706092 ], [ 103.744286356272056, 1.237560223633228 ], [ 103.744292181873746, 1.237518851883605 ], [ 103.744301720149892, 1.237451121662024 ], [ 103.744307764320467, 1.237429845795312 ], [ 103.744309680194945, 1.237423101112234 ], [ 103.744327113058134, 1.237404157985196 ], [ 103.744537695566777, 1.237448500635185 ], [ 103.74464074156721, 1.237452616248206 ], [ 103.744747160898342, 1.237448377454558 ], [ 103.744775453449634, 1.237479106890481 ], [ 103.745036812541869, 1.237518330697179 ], [ 103.745141806541369, 1.237522516896536 ], [ 103.745205069788739, 1.237520001262677 ], [ 103.745305485258456, 1.237541144130591 ], [ 103.745445422219078, 1.237535567969135 ], [ 103.745607423279424, 1.237557837003235 ], [ 103.745713640876403, 1.23759531919663 ], [ 103.74578158633264, 1.23759261017073 ], [ 103.745862062697455, 1.237613823800288 ], [ 103.746002934127318, 1.237608212370244 ], [ 103.74631394197128, 1.237621229222885 ], [ 103.746305658488936, 1.237648914250344 ], [ 103.746179064217131, 1.237665588351386 ], [ 103.746176711728708, 1.237697910249667 ], [ 103.74617670273966, 1.237698026912354 ], [ 103.746162497016115, 1.237893196373247 ], [ 103.746185940192632, 1.237898557315228 ], [ 103.746271563361034, 1.237918136917246 ], [ 103.746255847863367, 1.238093757592598 ], [ 103.746250644418851, 1.23815190080288 ], [ 103.746243248691002, 1.238289202033428 ], [ 103.746284319075031, 1.238294991321765 ], [ 103.746327596968499, 1.238305717606472 ], [ 103.746446070535896, 1.23831315810375 ], [ 103.746457433297081, 1.238311828158809 ], [ 103.74646383648205, 1.238081405417728 ], [ 103.746467693863664, 1.237942621815944 ], [ 103.746572760361019, 1.237900915096535 ], [ 103.746573596896297, 1.237900583222428 ], [ 103.746573901769722, 1.237892143705791 ], [ 103.746577375894432, 1.237795768440872 ], [ 103.746578268032749, 1.237771028683276 ], [ 103.746582220601709, 1.237661391837401 ], [ 103.746582369890959, 1.23765725166301 ], [ 103.746590393710989, 1.237656808788667 ], [ 103.746650566071395, 1.237653490847466 ], [ 103.746767350839704, 1.237647050186656 ], [ 103.746806059137541, 1.237648597920564 ], [ 103.746856381852027, 1.237646591883694 ], [ 103.746857290247846, 1.237646912962803 ], [ 103.746913247791099, 1.237666661590693 ], [ 103.747034049157335, 1.237653981841094 ], [ 103.747092042690269, 1.237647894655217 ], [ 103.747307465809484, 1.237630585833998 ], [ 103.747357809987861, 1.237575896050763 ], [ 103.747373787174467, 1.237558540013837 ], [ 103.747396193417146, 1.237565119089815 ], [ 103.747432732386201, 1.237575847849264 ], [ 103.747461123576812, 1.237585863703785 ], [ 103.747537133223119, 1.237612679673941 ], [ 103.747575554093316, 1.23761115074011 ], [ 103.747702243803715, 1.237616198498608 ], [ 103.747915221302591, 1.237593859473933 ], [ 103.748003373792827, 1.237586135441386 ], [ 103.748013985373021, 1.237585205194119 ], [ 103.748013985120423, 1.237621228734575 ], [ 103.748009804179389, 1.237624855099801 ], [ 103.748007652158336, 1.237626722542264 ], [ 103.747987806840356, 1.237643936472847 ], [ 103.748010050575147, 1.237674810379199 ], [ 103.74801482421347, 1.237681436810463 ], [ 103.748082928449833, 1.237686944783811 ], [ 103.748128792514706, 1.237690653256007 ], [ 103.748124409905202, 1.237678642252904 ], [ 103.748103460888572, 1.237621228916487 ], [ 103.748103460896871, 1.237620969363939 ], [ 103.748103461463529, 1.237603217598406 ], [ 103.748110766791569, 1.237592558093401 ], [ 103.748194494166924, 1.237581431693076 ], [ 103.748221423898272, 1.237577853089187 ], [ 103.748227511515339, 1.237573860517649 ], [ 103.748263932986546, 1.237549973816449 ], [ 103.748318955411804, 1.237562391608391 ], [ 103.748336098665618, 1.237495148158206 ], [ 103.748371889510565, 1.237495148407734 ], [ 103.748385232423558, 1.237499721303387 ], [ 103.748397439502369, 1.237535743428891 ], [ 103.748456812360914, 1.237526597697149 ], [ 103.748483813815142, 1.237499720861182 ], [ 103.748579947732424, 1.237496549635544 ], [ 103.748622422730691, 1.237495148331991 ], [ 103.748609961993807, 1.237552647410315 ], [ 103.74864497432074, 1.237593542982422 ], [ 103.748703614795275, 1.237558857070887 ], [ 103.748723667656051, 1.237513634076025 ], [ 103.74901156220551, 1.237489542898672 ], [ 103.74906019036996, 1.237485473910316 ], [ 103.749087697999855, 1.237477136551174 ], [ 103.749087697431605, 1.237495147869733 ], [ 103.749105592405158, 1.237495148441622 ], [ 103.749116864248819, 1.237555954637078 ], [ 103.74935646657184, 1.237510943028884 ], [ 103.749392919761178, 1.237478156463581 ], [ 103.749449009316365, 1.23741495765675 ], [ 103.749472872320467, 1.237413532233565 ], [ 103.749516339181767, 1.237444100223951 ], [ 103.74953185272831, 1.237455009159006 ], [ 103.749580322428187, 1.237432617735805 ], [ 103.749592888230524, 1.237405058538255 ], [ 103.749598191674721, 1.237393428582203 ], [ 103.749642024212932, 1.237396060769865 ], [ 103.749686347343598, 1.237398722816376 ], [ 103.749694048961288, 1.237386534943447 ], [ 103.74972495876645, 1.237337620669145 ], [ 103.74972630571834, 1.237335488220906 ], [ 103.749729157647735, 1.237334875152373 ], [ 103.749819189302713, 1.237315510140761 ], [ 103.749866548941313, 1.237305323072716 ], [ 103.749883736498035, 1.237342999432643 ], [ 103.74991165755057, 1.23733127523349 ], [ 103.750213241563429, 1.237204641202633 ], [ 103.750262970232953, 1.237177448535845 ], [ 103.750366242610497, 1.237183639448148 ], [ 103.750384801955036, 1.237142972578706 ], [ 103.75047494198823, 1.237192275928037 ], [ 103.750688600467939, 1.23711370422905 ], [ 103.750707352443285, 1.237032598713376 ], [ 103.750799012917852, 1.236961098020521 ], [ 103.750904566044099, 1.236928293698242 ], [ 103.751028819899886, 1.23687323988022 ], [ 103.75113619049506, 1.236848104614285 ], [ 103.751098845382515, 1.236784201972329 ], [ 103.750968142857204, 1.236809477589162 ], [ 103.75082180147983, 1.23686609797683 ], [ 103.750685018252341, 1.236962259271396 ], [ 103.75056354463149, 1.236981308608354 ], [ 103.750196011316305, 1.237095006385672 ], [ 103.750127373490557, 1.237114299736959 ], [ 103.749993465527808, 1.237151939671002 ], [ 103.749983298657952, 1.237154797140759 ], [ 103.749905467067705, 1.237176674868488 ], [ 103.749901170803525, 1.237104102212196 ], [ 103.749900356273415, 1.237090345901367 ], [ 103.749935910004382, 1.237058367800816 ], [ 103.749964561833778, 1.237008835770807 ], [ 103.749964562395888, 1.236990824451793 ], [ 103.750036142278304, 1.236990824000796 ], [ 103.750036143064648, 1.236936790043594 ], [ 103.750107722945714, 1.236936790494902 ], [ 103.750107722718269, 1.236828720771452 ], [ 103.750150643360442, 1.236798888956465 ], [ 103.750158867640138, 1.236766639585332 ], [ 103.75016140897128, 1.236756674475401 ], [ 103.750185176159889, 1.236744573021878 ], [ 103.75020922300213, 1.236696729291499 ], [ 103.750232989291462, 1.23668462874184 ], [ 103.750278391878723, 1.236676291028787 ], [ 103.750318341272916, 1.236612089656588 ], [ 103.750381536731112, 1.236592938113347 ], [ 103.750403658555712, 1.236586233852055 ], [ 103.750438121076314, 1.236566884252456 ], [ 103.750540781147137, 1.236527675145007 ], [ 103.75055062906678, 1.236523913298597 ], [ 103.750592221876914, 1.236487837702886 ], [ 103.750617072304294, 1.236458815623071 ], [ 103.750658874831856, 1.236440029669448 ], [ 103.7507210530826, 1.236365146635519 ], [ 103.750769846446516, 1.236306385283517 ], [ 103.750787740514355, 1.23630638584342 ], [ 103.7507877401721, 1.236288373619524 ], [ 103.750815828683614, 1.236294464487387 ], [ 103.750817187239932, 1.236294759352645 ], [ 103.750836866379728, 1.236304201531396 ], [ 103.750871257702968, 1.236320703637664 ], [ 103.750918477213645, 1.236221077627744 ], [ 103.750884719415026, 1.236202446668372 ], [ 103.750865665680251, 1.23619193102911 ], [ 103.750859321574609, 1.236180304323288 ], [ 103.750884815722785, 1.236138805650612 ], [ 103.750889641927046, 1.236130949588639 ], [ 103.750884717893442, 1.236047853728977 ], [ 103.75087819532223, 1.23593779962359 ], [ 103.75106562378042, 1.235721520416216 ], [ 103.751066020081382, 1.235719803945097 ], [ 103.751082504762081, 1.235648453731699 ], [ 103.751116267655746, 1.235618094368958 ], [ 103.751093792171162, 1.235555041388669 ], [ 103.751136867742076, 1.235540964490832 ], [ 103.751225994140924, 1.235504590113826 ], [ 103.751331233668239, 1.235470220305474 ], [ 103.751371637243949, 1.235449253873218 ], [ 103.751476876767555, 1.235414884058774 ], [ 103.751512317725769, 1.235396520230895 ], [ 103.751617556347298, 1.235362150410558 ], [ 103.751632557406566, 1.235354371532803 ], [ 103.75165313388186, 1.235343701574659 ], [ 103.751646710102946, 1.235351773731959 ], [ 103.751654942005231, 1.235392809518162 ], [ 103.751763973020118, 1.235337684647679 ], [ 103.751770776764076, 1.235303729594549 ], [ 103.751785448010608, 1.235297738633969 ], [ 103.751791590382041, 1.235295231021353 ], [ 103.751789871433402, 1.235297738770574 ], [ 103.751806036919746, 1.235321290725761 ], [ 103.75193944689174, 1.235286833134059 ], [ 103.751994023294912, 1.235251057258129 ], [ 103.752075164042566, 1.235230107443177 ], [ 103.75206040330356, 1.235194712881679 ], [ 103.752103208406481, 1.235180733630337 ], [ 103.752117754804146, 1.235173196200942 ], [ 103.752137685228718, 1.235162869877356 ], [ 103.752129880402023, 1.2351716573457 ], [ 103.752146551814036, 1.235193380689835 ], [ 103.752227151082039, 1.235161491662234 ], [ 103.752318933757977, 1.235145801044967 ], [ 103.752373562189078, 1.235112627922829 ], [ 103.752477683235597, 1.235071433698982 ], [ 103.752573118732286, 1.235044679190896 ], [ 103.752605955978353, 1.235019175311256 ], [ 103.752596626449019, 1.234995307946374 ], [ 103.752621819594523, 1.23498225512126 ], [ 103.752632583092179, 1.234978736568441 ], [ 103.752644978807439, 1.235018155476359 ], [ 103.752746985468335, 1.234982166698003 ], [ 103.752799517477186, 1.234984260095057 ], [ 103.752819195329394, 1.234946865228679 ], [ 103.752827568185779, 1.234902670101932 ], [ 103.752844478571532, 1.234895767604114 ], [ 103.752971140041041, 1.234850477275891 ], [ 103.752990874484382, 1.234843421121051 ], [ 103.752988849994082, 1.234847450002716 ], [ 103.75300699006263, 1.234883560919164 ], [ 103.753054419254241, 1.234859410406294 ], [ 103.753060430723067, 1.234847449465876 ], [ 103.753103159353316, 1.234836422040555 ], [ 103.753112554502849, 1.234799545060053 ], [ 103.753248968828998, 1.234743860249925 ], [ 103.753269166045115, 1.234735615772158 ], [ 103.753280722959744, 1.234731293260691 ], [ 103.753275172549664, 1.234739379918701 ], [ 103.753292578850804, 1.234764744249342 ], [ 103.75335734473083, 1.234750039437456 ], [ 103.753443533898334, 1.234710709429919 ], [ 103.753528991151796, 1.234688652756927 ], [ 103.753543601025953, 1.234631311070414 ], [ 103.753542778872344, 1.234631523571222 ], [ 103.753565913376619, 1.234622519513687 ], [ 103.753561496880891, 1.234631310706462 ], [ 103.75358311363189, 1.234657501751509 ], [ 103.753708152455417, 1.234608656280929 ], [ 103.753721493268131, 1.234562901271361 ], [ 103.753771776892592, 1.234544091102464 ], [ 103.753801089688096, 1.234533126566807 ], [ 103.753794133991036, 1.234541252975797 ], [ 103.753809355106256, 1.234566125263291 ], [ 103.753894689906403, 1.234552405005173 ], [ 103.753962006008436, 1.234530101784971 ], [ 103.754026770749135, 1.234523241412725 ], [ 103.754080963765446, 1.234537243503926 ], [ 103.75410512257119, 1.234589313912689 ], [ 103.754144733167408, 1.234674687098846 ], [ 103.754160320469566, 1.234774295164496 ], [ 103.754211490227277, 1.234809860827356 ], [ 103.754224449794492, 1.234833863046469 ], [ 103.754274350060228, 1.23492628605961 ], [ 103.754357518103674, 1.234957612112808 ], [ 103.754357848733136, 1.234958511060908 ], [ 103.754273158595396, 1.234927133413376 ], [ 103.754210554846807, 1.234810516463521 ], [ 103.754159120025079, 1.234774955314531 ], [ 103.754144315358886, 1.234674550527296 ], [ 103.754080673526502, 1.23453779967932 ], [ 103.754027288288484, 1.234523548007772 ], [ 103.75394233912867, 1.234561720486201 ], [ 103.754005202765285, 1.23467049299259 ], [ 103.754134048542682, 1.234867121955501 ], [ 103.754223410465684, 1.234946611028478 ], [ 103.754338749899318, 1.235044927029439 ], [ 103.754435385121596, 1.235132784397216 ], [ 103.754554879439198, 1.235288623515573 ], [ 103.7546608647461, 1.235466425620505 ], [ 103.754746067867984, 1.235623310059077 ], [ 103.75487283517738, 1.235799020980545 ], [ 103.754973627629866, 1.235896290174933 ], [ 103.755136765639961, 1.236031213521555 ], [ 103.755296786161225, 1.23615358599757 ], [ 103.755507723392327, 1.236302106950912 ], [ 103.755744638328508, 1.236464224867484 ], [ 103.755911933826113, 1.236569863164008 ], [ 103.756137419343304, 1.236710017318178 ], [ 103.756242367965683, 1.236792644930184 ], [ 103.756320301360006, 1.236821931431489 ], [ 103.756496949898917, 1.236886781322219 ], [ 103.756761923953292, 1.23695686280296 ], [ 103.756916751714456, 1.236996610493706 ], [ 103.757047680188705, 1.237018577679462 ], [ 103.757165231194037, 1.237018449944802 ], [ 103.757215890173626, 1.236945501754268 ], [ 103.7571940704306, 1.236883271807091 ], [ 103.757176924825302, 1.236883271312012 ], [ 103.757168091969504, 1.236896605910602 ], [ 103.757077427784282, 1.236916736251659 ], [ 103.757007028114728, 1.236900523482428 ], [ 103.756893243897665, 1.236925882182953 ], [ 103.756856097017135, 1.236868880824285 ], [ 103.756879477551053, 1.236834628699197 ], [ 103.756935070571473, 1.236847181079913 ], [ 103.756942867950883, 1.236721414960875 ], [ 103.756932478259074, 1.236661276233533 ], [ 103.756747515094872, 1.236648720099822 ], [ 103.756730368726664, 1.236675390213429 ], [ 103.756694095928282, 1.236687558287546 ], [ 103.756729697554533, 1.236674550039389 ], [ 103.756746841206393, 1.236648605225965 ], [ 103.756932503445015, 1.236660320321041 ], [ 103.756943687425121, 1.236720651701023 ], [ 103.756942400143089, 1.236741566900097 ], [ 103.756935841478324, 1.236848069188131 ], [ 103.75692053704455, 1.236844616785663 ], [ 103.756879848617601, 1.236835439924857 ], [ 103.756857113254156, 1.236868595978971 ], [ 103.756877626512605, 1.236900297260327 ], [ 103.756893672515446, 1.236925093589581 ], [ 103.757006321001768, 1.23689967607249 ], [ 103.757077902230193, 1.236915823761659 ], [ 103.757167499871528, 1.236895612901346 ], [ 103.757176325525563, 1.23688275490261 ], [ 103.757194220498562, 1.236882755419329 ], [ 103.757216642233061, 1.236945637430648 ], [ 103.75716190828561, 1.237024491003276 ], [ 103.757163281465495, 1.237047671712294 ], [ 103.757170051270037, 1.237161933833059 ], [ 103.757169951486091, 1.237163615043679 ], [ 103.757162734675234, 1.237285353141105 ], [ 103.757157906387363, 1.237366797349861 ], [ 103.757131080813451, 1.237467619643855 ], [ 103.757114198567336, 1.237558698602508 ], [ 103.757040608589165, 1.237592697863064 ], [ 103.756992008627819, 1.237647436730584 ], [ 103.756949192598853, 1.237665747965404 ], [ 103.756899456819525, 1.237503643720941 ], [ 103.756880548029741, 1.237450629329553 ], [ 103.756863666366101, 1.237395573846352 ], [ 103.75684157735958, 1.237354661567333 ], [ 103.75671898456099, 1.237298041176529 ], [ 103.756666818956873, 1.23726949339682 ], [ 103.756612120086842, 1.23725250241542 ], [ 103.756556337988229, 1.237221984822672 ], [ 103.756505762353868, 1.237239222344017 ], [ 103.756561615767197, 1.237289456893128 ], [ 103.7565950983698, 1.237287452892035 ], [ 103.75670900559119, 1.23732859393438 ], [ 103.756737387205447, 1.23736057127668 ], [ 103.756807762157877, 1.237393077082578 ], [ 103.75683584457559, 1.237424719800388 ], [ 103.756853740928904, 1.237502136628095 ], [ 103.756862652271025, 1.237540686324875 ], [ 103.756891417961128, 1.237621369127675 ], [ 103.756863233459043, 1.237671627458906 ], [ 103.756836229674988, 1.237719782272362 ], [ 103.756702609598534, 1.237683758459644 ], [ 103.75661566813146, 1.237666767444505 ], [ 103.756541553593578, 1.237725534503684 ], [ 103.756581363217734, 1.237799285677758 ], [ 103.756652315030522, 1.237863082514198 ], [ 103.756813214066867, 1.237937415999396 ], [ 103.756836316138873, 1.237963447895881 ], [ 103.756836316521202, 1.237981459217839 ], [ 103.756854211501448, 1.237981458832963 ], [ 103.756893672388898, 1.237996726553982 ], [ 103.756959294440662, 1.237988512306139 ], [ 103.757195706432853, 1.238056512883966 ], [ 103.757288816988208, 1.238111603123992 ], [ 103.757464465990509, 1.238162085289336 ], [ 103.757507054452944, 1.23808915947138 ], [ 103.757516334124432, 1.238035493848139 ], [ 103.757516333737527, 1.238017482525918 ], [ 103.757498438756784, 1.238017482010914 ], [ 103.75747358823709, 1.237988460240624 ], [ 103.757408214348885, 1.237959093644259 ], [ 103.757364889031322, 1.237939632281456 ], [ 103.757373025713065, 1.237920032225559 ], [ 103.757412755721873, 1.237824332621161 ], [ 103.757581326670561, 1.237729666793644 ], [ 103.757738468495248, 1.237758531384188 ], [ 103.757812268622573, 1.237791669413586 ], [ 103.757881456175525, 1.237841043363926 ], [ 103.757887152132653, 1.237769630388159 ], [ 103.757805785899592, 1.237723951322194 ], [ 103.757628371066261, 1.237682439521029 ], [ 103.757596862497593, 1.237684989827834 ], [ 103.757578477866062, 1.2376835124723 ], [ 103.757526609815372, 1.237712622472317 ], [ 103.757442463884161, 1.23775042248419 ], [ 103.75733365506234, 1.237828068079254 ], [ 103.757328067934267, 1.237832055260919 ], [ 103.757326297443754, 1.237814569323418 ], [ 103.7573194867593, 1.237747309734926 ], [ 103.757342415518906, 1.237738303830723 ], [ 103.757319487272127, 1.237729298412758 ], [ 103.757311535372509, 1.237665254711253 ], [ 103.757241611279539, 1.237639241363366 ], [ 103.757204163946184, 1.237625309452146 ], [ 103.757231287318973, 1.237447797061615 ], [ 103.757282193459176, 1.237183428386786 ], [ 103.757295981767712, 1.2370718763348 ], [ 103.757291491087656, 1.23703555512052 ], [ 103.757311535157868, 1.236946798658848 ], [ 103.75732803258208, 1.236832660202117 ], [ 103.757361756698415, 1.23680549587459 ], [ 103.757365221480214, 1.236802706010084 ], [ 103.75737317278967, 1.236792697637765 ], [ 103.7574085900781, 1.236784595552158 ], [ 103.75741761399739, 1.236782531147893 ], [ 103.757462770877666, 1.236788194673145 ], [ 103.75763836704526, 1.236766084390472 ], [ 103.757682494234999, 1.236707723400914 ], [ 103.757735026515618, 1.236638245299154 ], [ 103.75775165135569, 1.236624843094342 ], [ 103.757786736758362, 1.236596558292352 ], [ 103.757787854559879, 1.236595153846358 ], [ 103.757802657342864, 1.236576558728302 ], [ 103.75780265785194, 1.236558547405771 ], [ 103.757848059523241, 1.236550210465096 ], [ 103.757882521097116, 1.236530862573407 ], [ 103.757954874328647, 1.236508937421187 ], [ 103.757979285592043, 1.236501540417322 ], [ 103.758027010873548, 1.236460152636171 ], [ 103.758061474358186, 1.236404781192361 ], [ 103.758080696915329, 1.236388106164398 ], [ 103.75811115699193, 1.236286263837515 ], [ 103.758132749191446, 1.236261045345523 ], [ 103.758149621298102, 1.236241340628984 ], [ 103.758188068205698, 1.236207990571397 ], [ 103.758191675890941, 1.23620377724008 ], [ 103.758212918552374, 1.236178968414473 ], [ 103.758241753731909, 1.236153955418366 ], [ 103.758258321228013, 1.236134607916322 ], [ 103.758319188788519, 1.236107274326865 ], [ 103.758345671106781, 1.23603703399536 ], [ 103.758355321952962, 1.236011436233186 ], [ 103.758387991054306, 1.235924783670376 ], [ 103.758426245770949, 1.235855779938242 ], [ 103.758377960772748, 1.235799388729362 ], [ 103.758339513048668, 1.23576603919727 ], [ 103.758339513553807, 1.235748027874423 ], [ 103.758326581477505, 1.235671407939987 ], [ 103.758226339888253, 1.235535336219919 ], [ 103.75821889526101, 1.235484608396087 ], [ 103.758240548787313, 1.235354999113044 ], [ 103.758257831166446, 1.235251548447783 ], [ 103.75828773358225, 1.235233552444679 ], [ 103.758315815561573, 1.23521665157487 ], [ 103.758296086129334, 1.235205534566171 ], [ 103.758267933187668, 1.235189669404414 ], [ 103.758293132363761, 1.235088952857476 ], [ 103.758319363647104, 1.235030707104071 ], [ 103.758341278161836, 1.234982043873768 ], [ 103.758334434008574, 1.234954000241291 ], [ 103.758321618067015, 1.234901484336411 ], [ 103.758329412130109, 1.234891317692247 ], [ 103.758354366420789, 1.234871929730626 ], [ 103.758381053098802, 1.234851196123548 ], [ 103.758386977283536, 1.234810881531796 ], [ 103.758376727807047, 1.234748101163034 ], [ 103.758375303894354, 1.234739380335924 ], [ 103.758379835178005, 1.234738006734854 ], [ 103.758402810574111, 1.234731042875741 ], [ 103.758455167583108, 1.234693683254739 ], [ 103.758510181839654, 1.234677009236708 ], [ 103.758526748030548, 1.234639648600214 ], [ 103.758562853304966, 1.234608338715046 ], [ 103.758576117621885, 1.234564016186887 ], [ 103.758582793362478, 1.234541711130055 ], [ 103.758679311581076, 1.234512459476433 ], [ 103.758741491152847, 1.234477544623894 ], [ 103.75881333425005, 1.234445268073573 ], [ 103.758816393909072, 1.234438343440943 ], [ 103.758852567972895, 1.234356489526105 ], [ 103.758858473428802, 1.234343126802784 ], [ 103.758909872894023, 1.234295191506399 ], [ 103.758937237180334, 1.234269672919521 ], [ 103.758929844482296, 1.234257520765665 ], [ 103.758894264653151, 1.234199033607398 ], [ 103.758934336087293, 1.234164277295021 ], [ 103.758957753342258, 1.234100093396951 ], [ 103.758966309484833, 1.234052604553519 ], [ 103.758993422057429, 1.233902106402328 ], [ 103.758990322339827, 1.233863200554358 ], [ 103.758986431300343, 1.233814371092437 ], [ 103.758996848242205, 1.233768211716877 ], [ 103.759027814198902, 1.233631000596322 ], [ 103.759034560985725, 1.23360618864141 ], [ 103.759056089956431, 1.233527013038327 ], [ 103.759056638245113, 1.233520137170392 ], [ 103.759064932681639, 1.233416198790841 ], [ 103.759073215519322, 1.233406525036318 ], [ 103.759073216018578, 1.233388512808485 ], [ 103.759073215619281, 1.233370501484971 ], [ 103.759079227657352, 1.233304505653963 ], [ 103.759091111268063, 1.23328044356116 ], [ 103.759112291618877, 1.233265739188731 ], [ 103.759122247418233, 1.233226665495174 ], [ 103.759126902264271, 1.233208397462721 ], [ 103.759301694473137, 1.233234623505426 ], [ 103.759390243991859, 1.232932560095464 ], [ 103.759489174369818, 1.232979559065149 ], [ 103.759447451854086, 1.233131068800574 ], [ 103.759402005487942, 1.233296097775889 ], [ 103.759424402114462, 1.233390734721957 ], [ 103.759425999499172, 1.233397484038962 ], [ 103.759554901014454, 1.233442951851055 ], [ 103.759696052879193, 1.233132270398423 ], [ 103.759869901924446, 1.233181028619484 ], [ 103.760343774754574, 1.233316466709527 ], [ 103.760337763728927, 1.233346438992929 ], [ 103.760325880128747, 1.233370501091997 ], [ 103.760315289955955, 1.233377854187619 ], [ 103.760308130027255, 1.233429555605776 ], [ 103.760300679818627, 1.233483355141576 ], [ 103.760307567113927, 1.23351158326184 ], [ 103.760325879629576, 1.233586639692921 ], [ 103.760305203266469, 1.23367042126065 ], [ 103.760297394252461, 1.233702062046711 ], [ 103.760290088814671, 1.233784767789693 ], [ 103.760290088730741, 1.233820790437554 ], [ 103.76028908968415, 1.233849727361727 ], [ 103.760284077366578, 1.233994856025 ], [ 103.760275528362016, 1.23401210654205 ], [ 103.760254299621522, 1.234054941180963 ], [ 103.760226512456242, 1.234069082864987 ], [ 103.760212497206027, 1.234138948254236 ], [ 103.760188729995392, 1.234187072450316 ], [ 103.76018271838764, 1.234271079608788 ], [ 103.760182718189313, 1.23431122254118 ], [ 103.760181843227542, 1.234271081393289 ], [ 103.760187819783781, 1.234187410657454 ], [ 103.760211720866607, 1.234139562296271 ], [ 103.760225232073338, 1.234068704805203 ], [ 103.760253808147027, 1.234054325295135 ], [ 103.760283424166786, 1.233993926320211 ], [ 103.760289404063329, 1.233820572466786 ], [ 103.76028966470588, 1.233785011956404 ], [ 103.76029616147926, 1.23370212712691 ], [ 103.760325520216114, 1.233586819651537 ], [ 103.760300064319352, 1.233483800071929 ], [ 103.760314874844838, 1.233377643459227 ], [ 103.760325526137564, 1.233369538838365 ], [ 103.760337216562576, 1.233345222607543 ], [ 103.760342413487805, 1.233316722607125 ], [ 103.760293055401547, 1.23330260140105 ], [ 103.760244735435663, 1.233342343269809 ], [ 103.760227068866016, 1.233369536118548 ], [ 103.760213559040608, 1.233422875164965 ], [ 103.760205244664974, 1.233468893524087 ], [ 103.760200048158183, 1.233514911969364 ], [ 103.760196928075018, 1.233628912457919 ], [ 103.760190690693065, 1.233721995812986 ], [ 103.760181335126774, 1.233826582598427 ], [ 103.760173020333127, 1.233920711341149 ], [ 103.760125214866889, 1.234137206745083 ], [ 103.760091957430404, 1.234318142937686 ], [ 103.760048307880183, 1.234557647296025 ], [ 103.76001920803516, 1.234733354566206 ], [ 103.760000500813234, 1.23483166660902 ], [ 103.759976599053218, 1.234903831520484 ], [ 103.759933992627865, 1.235013647319596 ], [ 103.759896580993143, 1.235140197623087 ], [ 103.759846699063516, 1.23528871007079 ], [ 103.759786424139008, 1.235494747045053 ], [ 103.759743815213781, 1.235662085848135 ], [ 103.759690816435096, 1.235805369168749 ], [ 103.759620149498772, 1.236032322893455 ], [ 103.759530776223812, 1.236356542302136 ], [ 103.759502715617216, 1.23651028528966 ], [ 103.75948920497764, 1.236591864014879 ], [ 103.759491282219471, 1.236629515479928 ], [ 103.759498554662784, 1.236701681256871 ], [ 103.75950686463969, 1.236783259688425 ], [ 103.759534918316717, 1.236880527587716 ], [ 103.75956608944999, 1.236992959957752 ], [ 103.759580633512115, 1.237102254622034 ], [ 103.759587385497227, 1.237182263937362 ], [ 103.759585825264224, 1.237261751201806 ], [ 103.759599851685593, 1.237309338349218 ], [ 103.75965700222207, 1.237341762318405 ], [ 103.759694930515977, 1.237346993318003 ], [ 103.759691556350703, 1.237224364111801 ], [ 103.759672600219872, 1.236963678708562 ], [ 103.759653896621231, 1.236929425380864 ], [ 103.759636755032133, 1.236783786043864 ], [ 103.759581422676618, 1.236767312402249 ], [ 103.759557264027919, 1.236737503872898 ], [ 103.759574932385902, 1.23661409117086 ], [ 103.759597797275148, 1.23644439776069 ], [ 103.759645601127431, 1.236289871239183 ], [ 103.759634952351107, 1.236206200947174 ], [ 103.759673402554256, 1.23611782480893 ], [ 103.759688732571831, 1.23600800825559 ], [ 103.759720167856216, 1.235925123221755 ], [ 103.759750563561838, 1.23587439916881 ], [ 103.759740175253754, 1.235794388847284 ], [ 103.759750308436381, 1.235709150062273 ], [ 103.759781187695211, 1.235685583183897 ], [ 103.759781072673221, 1.235685989240355 ], [ 103.759751206933686, 1.235710051738731 ], [ 103.75974094801947, 1.235793055835543 ], [ 103.759747565959103, 1.235846576311334 ], [ 103.759750996651704, 1.235874319596809 ], [ 103.759727574669498, 1.235914407613352 ], [ 103.759721357501661, 1.235925047288313 ], [ 103.759689604133285, 1.236008192770276 ], [ 103.759673700851451, 1.236118267051486 ], [ 103.759635726861418, 1.23620677704899 ], [ 103.759646002768903, 1.236289798901229 ], [ 103.759609254369735, 1.23641051606506 ], [ 103.759599166643738, 1.236443653506985 ], [ 103.759558203910615, 1.236736481967313 ], [ 103.759582233161254, 1.236766682987234 ], [ 103.759610072760211, 1.236774685582619 ], [ 103.759637421752487, 1.236783181042648 ], [ 103.759652192655594, 1.236910152421532 ], [ 103.759654302784625, 1.236928294032233 ], [ 103.759673212124241, 1.236963297083847 ], [ 103.759681876844112, 1.237083960349629 ], [ 103.759686001276378, 1.237141385801382 ], [ 103.759691929249385, 1.237223936357814 ], [ 103.759702459844178, 1.237227208642669 ], [ 103.759732483720171, 1.237236538905109 ], [ 103.759731418543751, 1.237284642022728 ], [ 103.759708408113866, 1.237290583054933 ], [ 103.759699548313762, 1.237369067175493 ], [ 103.759692934288452, 1.237369066990737 ], [ 103.759681653336472, 1.237369066675578 ], [ 103.759681653146458, 1.237441112872717 ], [ 103.759627967314614, 1.237441113180857 ], [ 103.759627966817462, 1.237459124504002 ], [ 103.759610072738099, 1.237459124907953 ], [ 103.759610072449931, 1.237567193751199 ], [ 103.759636119725215, 1.237567193575278 ], [ 103.759636008080136, 1.237575463985402 ], [ 103.759634650353107, 1.237675263281798 ], [ 103.759610072161465, 1.237675263498737 ], [ 103.759610072466387, 1.237729298372478 ], [ 103.759595537063404, 1.237729297965814 ], [ 103.759592177486724, 1.23772929787181 ], [ 103.759582232857682, 1.237721294872187 ], [ 103.759482883538837, 1.23770884170415 ], [ 103.759466910537441, 1.237837367728172 ], [ 103.759446446189145, 1.237855115307422 ], [ 103.759459396597549, 1.23801748255658 ], [ 103.759445746892141, 1.238188591551063 ], [ 103.759458714368407, 1.238351118872898 ], [ 103.759439107108292, 1.238404871034452 ], [ 103.759458871830191, 1.238440525254086 ], [ 103.759435140319013, 1.23852778581248 ], [ 103.759458731373684, 1.238548242294454 ], [ 103.759455935999696, 1.23858317419837 ], [ 103.759518831072327, 1.238606428077108 ], [ 103.759606780548509, 1.238597720606467 ], [ 103.759622126466041, 1.238596201703715 ], [ 103.759619190416416, 1.238812100553918 ], [ 103.759701208062722, 1.238828218623835 ], [ 103.759705560088861, 1.238875985468697 ], [ 103.759735338184242, 1.238936070468677 ], [ 103.759714472231138, 1.238952287853522 ], [ 103.75971655196058, 1.23896503131157 ], [ 103.759732239320044, 1.239061150320258 ], [ 103.759750996415448, 1.239176077482754 ], [ 103.759711012170811, 1.23920714128459 ], [ 103.759705105067042, 1.239247350068427 ], [ 103.75974313263103, 1.23927044407887 ], [ 103.759766584877099, 1.239274453782198 ], [ 103.759789024492278, 1.239278289819056 ], [ 103.759801387881126, 1.239354034307137 ], [ 103.759786839257018, 1.239279253810528 ], [ 103.759742677053083, 1.239271409023026 ], [ 103.759704229861953, 1.239248921829416 ], [ 103.759710465899047, 1.23920604065774 ], [ 103.759748914561555, 1.239175188434268 ], [ 103.759712551199456, 1.238951892592524 ], [ 103.759734373181089, 1.238935681564961 ], [ 103.759704759444745, 1.238878157729789 ], [ 103.759699046035635, 1.238834753501113 ], [ 103.759673587237273, 1.238836321861399 ], [ 103.759662144382787, 1.239297553755936 ], [ 103.759722408289122, 1.239494703280728 ], [ 103.759708379340353, 1.239505684586124 ], [ 103.759663175879595, 1.239557977292481 ], [ 103.759623168216422, 1.239623343636333 ], [ 103.759637193289294, 1.239720087514421 ], [ 103.759686029713805, 1.239822061402529 ], [ 103.759747854573718, 1.239914100305084 ], [ 103.759814357176182, 1.239972671520991 ], [ 103.75984137158791, 1.240059480413151 ], [ 103.759931773592839, 1.240133740304588 ], [ 103.760045036761483, 1.240174532109683 ], [ 103.76013336097175, 1.24019858976014 ], [ 103.760258056211384, 1.240201208649734 ], [ 103.760335469251217, 1.240239907651373 ], [ 103.760418598729501, 1.240277561364012 ], [ 103.760510559999517, 1.240307894488206 ], [ 103.760581739903131, 1.24031678636117 ], [ 103.76065915429237, 1.240306330430643 ], [ 103.76069448324499, 1.240342936463818 ], [ 103.760767739455716, 1.240424517589613 ], [ 103.760810342873683, 1.240460601099453 ], [ 103.760912175439273, 1.24052021870912 ], [ 103.761003617277993, 1.240554212669995 ], [ 103.761122076343156, 1.240573041177362 ], [ 103.761247290526171, 1.240591348046376 ], [ 103.761330419230148, 1.240625340863963 ], [ 103.761477454275308, 1.240669271679241 ], [ 103.761547594361588, 1.240687053401476 ], [ 103.761639556111064, 1.240700653031209 ], [ 103.761729439786976, 1.240706407239067 ], [ 103.761799060712121, 1.240717390832589 ], [ 103.76186764301454, 1.240725759878257 ], [ 103.761920118603555, 1.240725761304212 ], [ 103.761982986657486, 1.240687065253624 ], [ 103.762028707986261, 1.24068915828918 ], [ 103.762124307676785, 1.240676087386809 ], [ 103.762226661974978, 1.240647852279326 ], [ 103.76234927861681, 1.240629552159126 ], [ 103.762442280908559, 1.240607591271567 ], [ 103.762572691857088, 1.24056994337621 ], [ 103.762675565799313, 1.240530202939186 ], [ 103.762798703842222, 1.240467976017497 ], [ 103.762899499713356, 1.24041986833483 ], [ 103.763039263063618, 1.240394248714196 ], [ 103.763214355260061, 1.240376473581872 ], [ 103.763277741851297, 1.240367585367806 ], [ 103.763384252341595, 1.240352945636713 ], [ 103.763472059339179, 1.240331507296162 ], [ 103.76355778724745, 1.240306408934111 ], [ 103.763649230759398, 1.240277648948545 ], [ 103.763742752541162, 1.240249413546131 ], [ 103.763805100776068, 1.240227451797611 ], [ 103.763779643220431, 1.240180908907146 ], [ 103.763634166328984, 1.24016626339396 ], [ 103.763575454797973, 1.240208096837126 ], [ 103.76352090052093, 1.240223783401422 ], [ 103.763452837248209, 1.240261955725705 ], [ 103.763398802824057, 1.240258294326101 ], [ 103.763355678939973, 1.240263522214818 ], [ 103.763296968667404, 1.240257245266464 ], [ 103.763234101054039, 1.240280253338577 ], [ 103.763082388313151, 1.24030325813298 ], [ 103.763038745853947, 1.240279201774494 ], [ 103.762957694951297, 1.240262988872551 ], [ 103.7628631337911, 1.240316848483401 ], [ 103.762790393331429, 1.240368617785256 ], [ 103.762696871828382, 1.240385872358861 ], [ 103.762664658340654, 1.240405220372489 ], [ 103.762572365082619, 1.240423796251102 ], [ 103.762661866641764, 1.240404678583105 ], [ 103.762696329134414, 1.240385329725562 ], [ 103.762787133486313, 1.240368655681121 ], [ 103.762829862690992, 1.240338158941894 ], [ 103.762864393609561, 1.240313513220763 ], [ 103.762958657333641, 1.240260586001719 ], [ 103.763037666778189, 1.240277260979349 ], [ 103.763062409059089, 1.240291152679877 ], [ 103.763081774653926, 1.24030202637209 ], [ 103.763210601011949, 1.240282265827562 ], [ 103.763234513519961, 1.240278598362458 ], [ 103.763296744079966, 1.240255591177731 ], [ 103.763359114970342, 1.240260639192087 ], [ 103.76340385345938, 1.240257015688932 ], [ 103.763443924836082, 1.240260257996631 ], [ 103.763452331406057, 1.240260938302161 ], [ 103.763519508722325, 1.240223226275902 ], [ 103.763525092192907, 1.24022153435805 ], [ 103.763574522170842, 1.240206551253374 ], [ 103.763633572453372, 1.240164407622167 ], [ 103.763741607965912, 1.240175100976257 ], [ 103.763779652259004, 1.24017886594786 ], [ 103.763761051099777, 1.240141460937998 ], [ 103.763782747616986, 1.24018101570426 ], [ 103.763822883659827, 1.240254183475114 ], [ 103.763839656781116, 1.240308543462941 ], [ 103.763797728628163, 1.240321571534773 ], [ 103.763718033418414, 1.240346334545213 ], [ 103.763756331362089, 1.240511982587289 ], [ 103.763766178070554, 1.24055457480067 ], [ 103.763803978600464, 1.240637474377035 ], [ 103.763889801869524, 1.240642627905749 ], [ 103.764163840554346, 1.240516037657002 ], [ 103.764168102613411, 1.240502148538228 ], [ 103.764196562738519, 1.240491277920333 ], [ 103.764209940453782, 1.240506908404704 ], [ 103.764225681530718, 1.240478504536392 ], [ 103.764253210892505, 1.240428828514474 ], [ 103.764236644607934, 1.240367318628035 ], [ 103.764217574725009, 1.240317830393822 ], [ 103.764204281961312, 1.240283334867017 ], [ 103.764181228293722, 1.240223507832203 ], [ 103.764335282081149, 1.240115551549734 ], [ 103.764341743482163, 1.240111023565844 ], [ 103.764356502943059, 1.240029585923904 ], [ 103.764363360556274, 1.239991750203398 ], [ 103.764412118144762, 1.239987810260543 ], [ 103.764431948836062, 1.240011938322305 ], [ 103.764450776806839, 1.24003484727424 ], [ 103.764518039072456, 1.240116687697567 ], [ 103.764544514482793, 1.240205214828886 ], [ 103.764629010390337, 1.240184477244826 ], [ 103.764612443865559, 1.24009714594305 ], [ 103.764525134842714, 1.240042108554755 ], [ 103.764501093770789, 1.240014021075398 ], [ 103.764473071461325, 1.23998128144028 ], [ 103.764441774132848, 1.239944716257023 ], [ 103.764447210485287, 1.239933708473874 ], [ 103.764453658628184, 1.239920654140176 ], [ 103.764459669627229, 1.239890680942699 ], [ 103.76447756552183, 1.239890681411155 ], [ 103.764477565088654, 1.239872670086392 ], [ 103.764495460084618, 1.239872670554696 ], [ 103.764580779769162, 1.239858086289644 ], [ 103.764607829941212, 1.239853462980372 ], [ 103.764620726883877, 1.239836647562407 ], [ 103.764788913209145, 1.239915025992417 ], [ 103.764824232288319, 1.239953370161668 ], [ 103.764897752768334, 1.239930750299813 ], [ 103.764880539660084, 1.239899317756772 ], [ 103.764833144288119, 1.239901200314512 ], [ 103.764737395021641, 1.239827289529231 ], [ 103.764683010530305, 1.239809982190233 ], [ 103.764674411900742, 1.23980062360125 ], [ 103.764704050813293, 1.239757423783268 ], [ 103.764745993273493, 1.23974658968501 ], [ 103.764822484920174, 1.239733519992328 ], [ 103.764843262794216, 1.239682388664502 ], [ 103.764853364197435, 1.239674542660341 ], [ 103.764861335052601, 1.23967248453401 ], [ 103.764897561066292, 1.239663128016175 ], [ 103.764907050132692, 1.239602496948555 ], [ 103.764954724274617, 1.239626559711826 ], [ 103.764960735988709, 1.239638520993962 ], [ 103.764969417661064, 1.239633139345937 ], [ 103.764968389347288, 1.239683880502658 ], [ 103.764968097856126, 1.239698288831555 ], [ 103.765007227754438, 1.239764634937863 ], [ 103.765027024962549, 1.239798202751999 ], [ 103.765044221956856, 1.239827359912474 ], [ 103.765362971747578, 1.23956729190346 ], [ 103.765363198180196, 1.239567107418943 ], [ 103.765354325853224, 1.239543865019867 ], [ 103.765397525350693, 1.239532702658999 ], [ 103.765380800762372, 1.239476732911567 ], [ 103.765300918948896, 1.239421221853721 ], [ 103.765296216547867, 1.239402774503317 ], [ 103.765282848755817, 1.239350335481492 ], [ 103.765308049036605, 1.239303653737287 ], [ 103.76532923030426, 1.239288949316432 ], [ 103.765361734952094, 1.239231607110542 ], [ 103.765398014374966, 1.239206402501674 ], [ 103.765418356540707, 1.239151698916867 ], [ 103.765461556492582, 1.239122421227415 ], [ 103.765508181673596, 1.239090822121556 ], [ 103.765513954900371, 1.239082398114102 ], [ 103.76551548693952, 1.239080163468667 ], [ 103.765545264632109, 1.239020077347622 ], [ 103.765551276514955, 1.238990105051034 ], [ 103.765643462018048, 1.238966289172494 ], [ 103.765681240929624, 1.238911200774093 ], [ 103.765683847642094, 1.238907399796674 ], [ 103.765694438722619, 1.238900047584611 ], [ 103.765722694716032, 1.238894863588117 ], [ 103.765743159577653, 1.238891109191742 ], [ 103.765744296214891, 1.238890901217063 ], [ 103.765847210838146, 1.238801653018866 ], [ 103.765847259362516, 1.238801490234471 ], [ 103.765855495024468, 1.23877396701326 ], [ 103.765891285002724, 1.238773966121461 ], [ 103.765891285014931, 1.238737944374968 ], [ 103.765896147537021, 1.238713703006315 ], [ 103.765897297791653, 1.238707971172919 ], [ 103.765909180471041, 1.238683909048206 ], [ 103.765937246946436, 1.238675835599496 ], [ 103.765934328241315, 1.238652212616959 ], [ 103.765988713084724, 1.238583843139805 ], [ 103.766060589814288, 1.238573320885908 ], [ 103.766115128576047, 1.238565335834658 ], [ 103.766126405083625, 1.238563685657031 ], [ 103.766159713494119, 1.238521805381787 ], [ 103.766162972437655, 1.238521805464907 ], [ 103.766177608481641, 1.238521805838151 ], [ 103.766177608678206, 1.238513996649744 ], [ 103.766177608934981, 1.238503794512603 ], [ 103.76621375675677, 1.238494464200022 ], [ 103.766220337583178, 1.23849276506661 ], [ 103.766221817596985, 1.2384869545617 ], [ 103.766231294357709, 1.238449759191081 ], [ 103.766249329518018, 1.23841387717582 ], [ 103.766284979778234, 1.238395724772703 ], [ 103.766316888832151, 1.238403614357301 ], [ 103.766330154545372, 1.238406893920871 ], [ 103.766341010617225, 1.238402301833507 ], [ 103.766342588361098, 1.238404801537426 ], [ 103.766372253719879, 1.238451808451309 ], [ 103.766365158815276, 1.238458413750056 ], [ 103.76634796285559, 1.238495139559693 ], [ 103.766313069223656, 1.238546165636499 ], [ 103.766294749459789, 1.238572956067489 ], [ 103.766293211108902, 1.238611863602624 ], [ 103.766296292881833, 1.238689810866894 ], [ 103.766297021121602, 1.238708218322712 ], [ 103.766262464214591, 1.238732152356523 ], [ 103.76618758717008, 1.238784011236718 ], [ 103.766075567338348, 1.238856795258684 ], [ 103.766029938176686, 1.238906362316681 ], [ 103.765952049129822, 1.238963879721898 ], [ 103.765918478488615, 1.239035486451626 ], [ 103.765881989005351, 1.239088816801814 ], [ 103.765835188150575, 1.239209814159366 ], [ 103.765810040582451, 1.239233260975303 ], [ 103.765829001674845, 1.239250920989158 ], [ 103.765846197584921, 1.239287646772076 ], [ 103.765864792089275, 1.23930495497848 ], [ 103.765887423774203, 1.239353255863008 ], [ 103.766206898350077, 1.239314787838471 ], [ 103.766276381404879, 1.239269636493595 ], [ 103.766350670965821, 1.239212276346853 ], [ 103.766444568679702, 1.23916767004589 ], [ 103.766884958424328, 1.238804449480848 ], [ 103.766884101776029, 1.238782656080593 ], [ 103.766893416084727, 1.238773966275994 ], [ 103.76691131107421, 1.238773966727465 ], [ 103.766911311522705, 1.238755955401681 ], [ 103.766929206512089, 1.238755955853023 ], [ 103.766929206960441, 1.238737944527213 ], [ 103.766938451227361, 1.238727513818764 ], [ 103.767259760382615, 1.238476265893323 ], [ 103.767287110739929, 1.238467770977981 ], [ 103.767305006626046, 1.238467770522324 ], [ 103.76730500617326, 1.238449759196331 ], [ 103.767322901160725, 1.238449758740507 ], [ 103.76732290160632, 1.238431747414528 ], [ 103.767340795695162, 1.238431746958571 ], [ 103.767340796140601, 1.238413736536946 ], [ 103.767358691127839, 1.238413736985246 ], [ 103.767376587013615, 1.238413736529083 ], [ 103.767376586560317, 1.23839572520304 ], [ 103.76739448244598, 1.23839572474675 ], [ 103.767394481992554, 1.238377713420715 ], [ 103.767402922954133, 1.238368197002972 ], [ 103.767574604880494, 1.238213815398786 ], [ 103.76765345567388, 1.238067752528636 ], [ 103.767633358833592, 1.237867973356733 ], [ 103.767467321017918, 1.237858017583193 ], [ 103.767421830880778, 1.237882906369275 ], [ 103.767367131975888, 1.23789989710764 ], [ 103.767274021270879, 1.237950835826092 ], [ 103.767201689612321, 1.237973315612058 ], [ 103.767099718051227, 1.23804501017421 ], [ 103.767044512163267, 1.238070496494147 ], [ 103.766991752868591, 1.238099360676348 ], [ 103.766920750259615, 1.238043993685019 ], [ 103.766917271245973, 1.238041280503451 ], [ 103.766810309406395, 1.238107828188925 ], [ 103.766793612792142, 1.238118217108081 ], [ 103.766768150262962, 1.238089528210274 ], [ 103.766774161680374, 1.238077568140006 ], [ 103.766814967723249, 1.238056795010798 ], [ 103.766821836113536, 1.237981458897835 ], [ 103.766830118939609, 1.23797178511852 ], [ 103.76688513232402, 1.237955110022765 ], [ 103.766913094273903, 1.237922446886177 ], [ 103.766992503567778, 1.23786505248115 ], [ 103.767108158527336, 1.237765320250055 ], [ 103.76712605351014, 1.2377653206997 ], [ 103.767126053853247, 1.237751485729566 ], [ 103.767126053956815, 1.237747309373699 ], [ 103.767177307424461, 1.237714172931944 ], [ 103.767191431532481, 1.237705041916753 ], [ 103.767292597827776, 1.23767668810068 ], [ 103.767297446068866, 1.237647982784246 ], [ 103.767305006449092, 1.237603216924169 ], [ 103.767322901430873, 1.237603217372418 ], [ 103.767369281566886, 1.237595864240382 ], [ 103.767381754412582, 1.237577665118546 ], [ 103.767383892075543, 1.237574546018391 ], [ 103.767438905081988, 1.237536324422863 ], [ 103.767445532733248, 1.237493969574993 ], [ 103.767448166719063, 1.237477136701796 ], [ 103.767466062598587, 1.237477136244687 ], [ 103.767483957579586, 1.237477136691797 ], [ 103.767483958023774, 1.237459124461247 ], [ 103.767529278831915, 1.237450416561542 ], [ 103.767580808462014, 1.237440515054586 ], [ 103.76759601664439, 1.237376253995448 ], [ 103.767600381223687, 1.237357809587378 ], [ 103.767698982685161, 1.237273949406219 ], [ 103.767781022223303, 1.237204176097366 ], [ 103.767784017960736, 1.237201627672271 ], [ 103.767799002038956, 1.237188883738146 ], [ 103.767805276554284, 1.237183547238313 ], [ 103.767808518492018, 1.237180789911074 ], [ 103.767820444640705, 1.237178499451789 ], [ 103.767904844178574, 1.23716228538507 ], [ 103.767952146903895, 1.237125773740062 ], [ 103.767998181788457, 1.237090239680891 ], [ 103.768050120811552, 1.237093638665387 ], [ 103.768210992064297, 1.237104166735056 ], [ 103.768269634057077, 1.237108004497657 ], [ 103.768184946166059, 1.237231887703215 ], [ 103.768187522929537, 1.23724008131066 ], [ 103.768211177403245, 1.237315296094718 ], [ 103.768278249463421, 1.237351020154656 ], [ 103.768395092025116, 1.237295507706578 ], [ 103.76893556628275, 1.236876827253329 ], [ 103.769019169404672, 1.236798854067082 ], [ 103.769052548361884, 1.236622942386224 ], [ 103.769121018820741, 1.236459131958252 ], [ 103.769193298049714, 1.236297731752307 ], [ 103.769207586147189, 1.236231455734042 ], [ 103.769224041721216, 1.236155121424296 ], [ 103.769230678946158, 1.236124335203054 ], [ 103.769266518717899, 1.236107317738866 ], [ 103.769287615365727, 1.236097300603395 ], [ 103.769289483509553, 1.236092470436966 ], [ 103.769333284694696, 1.235979264937228 ], [ 103.769334805987185, 1.235975333700845 ], [ 103.769377976366627, 1.23586375694558 ], [ 103.769409544305418, 1.23578216864139 ], [ 103.769446270923311, 1.235764718005203 ], [ 103.769469625580115, 1.235753621111286 ], [ 103.769524010495132, 1.235675981813594 ], [ 103.769549209806627, 1.235665322676021 ], [ 103.769606180961887, 1.23565061727337 ], [ 103.769635418094666, 1.235607997984181 ], [ 103.769701231445907, 1.235562248665914 ], [ 103.769785133097656, 1.235434478425242 ], [ 103.769794043935605, 1.235388517921468 ], [ 103.769799743061441, 1.235359126205968 ], [ 103.769812875942037, 1.235355736963052 ], [ 103.769859649698859, 1.23534366481915 ], [ 103.769865940356283, 1.235339294175791 ], [ 103.769910399965838, 1.235308397624131 ], [ 103.769917134117563, 1.235281964110071 ], [ 103.770098496085467, 1.23548198770493 ], [ 103.770102970398028, 1.235495866192788 ], [ 103.770096656482352, 1.235495866041562 ], [ 103.770096657001773, 1.235549900928103 ], [ 103.770059694266408, 1.235559444707499 ], [ 103.770017770759139, 1.235570268947821 ], [ 103.770048405474569, 1.235663141606437 ], [ 103.770108268024799, 1.235688448973926 ], [ 103.770175647013389, 1.23566308858323 ], [ 103.77018238116338, 1.235636665016485 ], [ 103.770193852313525, 1.235648682489038 ], [ 103.770344501804345, 1.235510898890337 ], [ 103.770355958209578, 1.235500421194163 ], [ 103.770329796791032, 1.235426052851533 ], [ 103.770174557702276, 1.235257327246016 ], [ 103.770189592919792, 1.235246887619437 ], [ 103.770143037598231, 1.235179010317304 ], [ 103.770121154451218, 1.23516380651855 ], [ 103.770088022890874, 1.235140788739227 ], [ 103.770078761425893, 1.235081599656303 ], [ 103.770096656391772, 1.235081600084844 ], [ 103.770096656817515, 1.235063587853053 ], [ 103.77011455178328, 1.235063588281468 ], [ 103.770114552208838, 1.235045577858377 ], [ 103.770132446275994, 1.235045577382279 ], [ 103.770160932294985, 1.235038224674386 ], [ 103.770185293673734, 1.234972685946738 ], [ 103.770241439221337, 1.234951540528543 ], [ 103.770269683614089, 1.234940902256637 ], [ 103.770279163897925, 1.234903715910537 ], [ 103.770295119529479, 1.234841130636076 ], [ 103.770302194246881, 1.234813381278153 ], [ 103.770313705377035, 1.234768227527217 ], [ 103.770329294090075, 1.234757391801094 ], [ 103.770376968011803, 1.23475134092904 ], [ 103.770400874317474, 1.234703357715789 ], [ 103.770400874392607, 1.234700162595268 ], [ 103.770400874741014, 1.234685346388187 ], [ 103.770442816203683, 1.23467451038462 ], [ 103.770472454965088, 1.234631311396376 ], [ 103.770472454912593, 1.234595288741095 ], [ 103.770508245736679, 1.234595288688045 ], [ 103.77052782884445, 1.234602862303765 ], [ 103.770552040196847, 1.234612226671456 ], [ 103.770602765951452, 1.23454841228453 ], [ 103.770651407969993, 1.234487217791629 ], [ 103.770687058149619, 1.234469066228476 ], [ 103.770690782696292, 1.23446165595228 ], [ 103.770705092323524, 1.234433184177046 ], [ 103.770729979058814, 1.234417159423952 ], [ 103.770713634489596, 1.234359844018214 ], [ 103.770711279656965, 1.234351586208153 ], [ 103.770633511890253, 1.23434312674526 ], [ 103.770633512733951, 1.234307103185447 ], [ 103.770676433124748, 1.234277271020076 ], [ 103.770680166825613, 1.234262628539415 ], [ 103.770687197505495, 1.234235057338878 ], [ 103.770687197028437, 1.234217045106728 ], [ 103.770716474588781, 1.234211668447938 ], [ 103.770770714988927, 1.234201707250712 ], [ 103.770804180212821, 1.234172684265658 ], [ 103.770835025509854, 1.234136661435242 ], [ 103.770857866443023, 1.234153336652017 ], [ 103.770874888042997, 1.234191716484476 ], [ 103.770892328826207, 1.234171347889896 ], [ 103.770980168692446, 1.234155226949389 ], [ 103.770997654899759, 1.234152017771448 ], [ 103.770997687253981, 1.234151698531466 ], [ 103.771009311406203, 1.234036929495614 ], [ 103.771077483736164, 1.234011723744083 ], [ 103.771122944532678, 1.234007902064686 ], [ 103.771206158590871, 1.234000906951923 ], [ 103.771206139725152, 1.234000766774949 ], [ 103.771206202617165, 1.234000961214834 ], [ 103.771222616530238, 1.234051862865066 ], [ 103.771268613438082, 1.234100040359117 ], [ 103.771277735925068, 1.234108869886176 ], [ 103.771334724133965, 1.234170784033108 ], [ 103.771487829307716, 1.23406473819399 ], [ 103.771551746611252, 1.234062187571489 ], [ 103.77158195376883, 1.234072847120164 ], [ 103.771684876830705, 1.234225118317975 ], [ 103.772030002573558, 1.233875662625961 ], [ 103.77203610727156, 1.233869482338835 ], [ 103.77205130404468, 1.233866188994758 ], [ 103.77208936658208, 1.23381556715576 ], [ 103.771987045912894, 1.233763854111647 ], [ 103.771975684527035, 1.233784708499038 ], [ 103.771952637268427, 1.233753243305845 ], [ 103.771916308478964, 1.233703644386477 ], [ 103.771939857481726, 1.233640569109868 ], [ 103.77208141128142, 1.233531321513793 ], [ 103.772208285792473, 1.233388407687956 ], [ 103.772237618247289, 1.233378820290647 ], [ 103.77255235898788, 1.233087417704225 ], [ 103.772569007217811, 1.233108330617412 ], [ 103.772639976167909, 1.233062897865489 ], [ 103.772624007693437, 1.233021081481235 ], [ 103.772691460212542, 1.232958629406558 ], [ 103.772691459859146, 1.232974246881623 ], [ 103.772816725426679, 1.232974247036976 ], [ 103.772836223238954, 1.232978795533331 ], [ 103.772876825411657, 1.232988266064971 ], [ 103.772889912328552, 1.232910702615462 ], [ 103.772896100374098, 1.232874021721889 ], [ 103.772916302590261, 1.232840321030235 ], [ 103.772923625101953, 1.232780001876148 ], [ 103.7729332158099, 1.232784843159716 ], [ 103.77304373799295, 1.232884189245951 ], [ 103.773031468683243, 1.232884188966332 ], [ 103.773031469264538, 1.232938223856923 ], [ 103.772983377702687, 1.23293822366468 ], [ 103.772959887657265, 1.232938224033095 ], [ 103.772959887338558, 1.232992258923571 ], [ 103.772949734194668, 1.233065430845121 ], [ 103.772846085008112, 1.233116034920638 ], [ 103.772819923913858, 1.233224017283788 ], [ 103.772754267511502, 1.233287514848247 ], [ 103.772806729703376, 1.233397307740205 ], [ 103.772844774885741, 1.233398099929835 ], [ 103.772897079960828, 1.233343308377744 ], [ 103.772953158900989, 1.233324980897949 ], [ 103.773020440882476, 1.233254499860746 ], [ 103.773076380967311, 1.23321757953977 ], [ 103.773110511211769, 1.233181837108362 ], [ 103.773181986685032, 1.233146940202639 ], [ 103.773255333247917, 1.233055474416587 ], [ 103.773295736654845, 1.232993454902129 ], [ 103.773663532761077, 1.232637796451526 ], [ 103.773691930038581, 1.232498224666131 ], [ 103.773559288965004, 1.232478717238424 ], [ 103.773496743190066, 1.232505946248572 ], [ 103.77346874723915, 1.232498101155355 ], [ 103.773449698413458, 1.232385229669424 ], [ 103.773447424248644, 1.232385567850395 ], [ 103.773382363906521, 1.232395238558837 ], [ 103.773363682555868, 1.232363806033393 ], [ 103.773415918096305, 1.232323209377089 ], [ 103.773436836459993, 1.232247627564047 ], [ 103.773429837379879, 1.232229722791758 ], [ 103.773470071331658, 1.232190813407233 ], [ 103.773751292096321, 1.231916263646191 ], [ 103.773756311104719, 1.231922134895328 ], [ 103.773888655497359, 1.23182648411037 ], [ 103.773916616399177, 1.231793820890394 ], [ 103.773961790892329, 1.231773539714447 ], [ 103.774006092718651, 1.231721773962236 ], [ 103.774073932899626, 1.231678996313311 ], [ 103.774083578798894, 1.231625803600629 ], [ 103.774096403249999, 1.231632102788301 ], [ 103.774275234483113, 1.231777397508771 ], [ 103.774228239104076, 1.231819658331551 ], [ 103.774191248954125, 1.231852920947196 ], [ 103.774150424817861, 1.231967446079508 ], [ 103.774190322309707, 1.232028129848737 ], [ 103.774266148928803, 1.232009027739584 ], [ 103.774386994532478, 1.231931668354991 ], [ 103.774575871923432, 1.231718889080805 ], [ 103.774666571318832, 1.231637327334312 ], [ 103.774704162245186, 1.231577839954225 ], [ 103.774794651934059, 1.231470790484846 ], [ 103.774829428590948, 1.23141573533239 ], [ 103.77486722920905, 1.231381735667623 ], [ 103.774901009033229, 1.231343688881049 ], [ 103.774948665717702, 1.231300841127082 ], [ 103.774990485463363, 1.231223359688763 ], [ 103.774946959167593, 1.231188838220622 ], [ 103.774937813281539, 1.231181585013263 ], [ 103.774894298992692, 1.231173414022084 ], [ 103.774946250856459, 1.231118948892309 ], [ 103.775088013255996, 1.230991460087062 ], [ 103.775214678126801, 1.230848774900356 ], [ 103.775232810641597, 1.230831863675846 ], [ 103.775241140057673, 1.230867437952967 ], [ 103.775270116668679, 1.230857497809924 ], [ 103.775331438469351, 1.230836461818319 ], [ 103.775458399742419, 1.230697927659847 ], [ 103.775483110078241, 1.230650753816989 ], [ 103.775516278625958, 1.230624984665028 ], [ 103.775594259918194, 1.230519129557562 ], [ 103.77559827552416, 1.230513679038223 ], [ 103.775582686947828, 1.230478482628302 ], [ 103.775578463971399, 1.230475202405083 ], [ 103.77564416275267, 1.230398484758516 ], [ 103.775811361909078, 1.230242554189866 ], [ 103.775965560599943, 1.23007505469336 ], [ 103.775966276737421, 1.230074276050737 ], [ 103.77596650496632, 1.230074055390642 ], [ 103.775966280329214, 1.230074382765853 ], [ 103.775966279944583, 1.23009239409593 ], [ 103.775984175777623, 1.230092394483029 ], [ 103.775984412062471, 1.230093614476303 ], [ 103.776003172005872, 1.230190296909146 ], [ 103.776028738742724, 1.230137246516148 ], [ 103.776056106445836, 1.230110756452637 ], [ 103.776073651348909, 1.230092394607906 ], [ 103.776109442116578, 1.230092394476151 ], [ 103.776109441601747, 1.230074382241645 ], [ 103.776109441985412, 1.230056370911537 ], [ 103.776127336919771, 1.230056370393276 ], [ 103.77613422274834, 1.23007668619354 ], [ 103.776212269019538, 1.229997762147547 ], [ 103.776216813506238, 1.229966312958103 ], [ 103.776301238364312, 1.22988758258059 ], [ 103.776618685884898, 1.229535406202382 ], [ 103.776622522826131, 1.229437947406299 ], [ 103.776622618120228, 1.229435532754193 ], [ 103.776594751599134, 1.229426646773742 ], [ 103.776610503955254, 1.229407847174047 ], [ 103.776778829882446, 1.229245074137308 ], [ 103.777122949276034, 1.228876575377367 ], [ 103.777173310658313, 1.228822645549116 ], [ 103.77713858631185, 1.228786271259431 ], [ 103.777129463821865, 1.228777441752144 ], [ 103.777111568750328, 1.228741417807602 ], [ 103.77711242243646, 1.228737014473164 ], [ 103.777123102499289, 1.228681912652552 ], [ 103.777882215817201, 1.227875999334024 ], [ 103.777934748130491, 1.227858849150065 ], [ 103.778027404438134, 1.227900255618141 ], [ 103.778166595698863, 1.227736656191466 ], [ 103.778193564520308, 1.227704958762048 ], [ 103.778176997450302, 1.22766905965399 ], [ 103.778139877984998, 1.227616361541203 ], [ 103.778118522732996, 1.227579082272535 ], [ 103.778113699651897, 1.227570664343942 ], [ 103.778122140910611, 1.227543136556561 ], [ 103.778292631601431, 1.227358902878113 ], [ 103.778354778184834, 1.22729174783634 ], [ 103.778307750737312, 1.227239436589033 ], [ 103.778273321305718, 1.227237370306613 ], [ 103.778265253652847, 1.227185877411284 ], [ 103.778222054309708, 1.22715755813811 ], [ 103.778138904232407, 1.22725391377867 ], [ 103.778095808108247, 1.227318606625639 ], [ 103.778049532127611, 1.22729545934851 ], [ 103.778042123516784, 1.227354630884594 ], [ 103.778024227701309, 1.227354630512214 ], [ 103.77802422822981, 1.227372641843302 ], [ 103.777971293884733, 1.22740942126101 ], [ 103.777934751791335, 1.227462700252322 ], [ 103.777916856873688, 1.227462699879206 ], [ 103.777916856502912, 1.22748071211459 ], [ 103.777916857030661, 1.227498723445645 ], [ 103.777893089138956, 1.22751082516074 ], [ 103.777875054211222, 1.227546707269886 ], [ 103.777845275346891, 1.227552757753632 ], [ 103.777809625305096, 1.227570911229585 ], [ 103.777791590375841, 1.227606793338062 ], [ 103.777773694558775, 1.227606792963918 ], [ 103.777773695085529, 1.227624804294912 ], [ 103.777755799268334, 1.227624803920643 ], [ 103.777755799794946, 1.227642816155975 ], [ 103.777737903977666, 1.22764281578158 ], [ 103.777737904504136, 1.227660828016921 ], [ 103.777728607341743, 1.227669481689892 ], [ 103.777711411084411, 1.227688196256783 ], [ 103.777692816759171, 1.227705504506863 ], [ 103.777621935150648, 1.227796265985003 ], [ 103.777408975548781, 1.227994851897558 ], [ 103.777362106186601, 1.228075094301071 ], [ 103.77731228253964, 1.228109710529189 ], [ 103.777272630225781, 1.228183164015973 ], [ 103.777206187132222, 1.228194808119026 ], [ 103.777121516479937, 1.228301242838161 ], [ 103.777086005475738, 1.228329842625117 ], [ 103.777067831102713, 1.228373288832594 ], [ 103.777060180159282, 1.228375488085806 ], [ 103.777052307280073, 1.228377751544221 ], [ 103.776977048823568, 1.228173887115985 ], [ 103.77695753228231, 1.228121019340517 ], [ 103.776915412063218, 1.228006919252978 ], [ 103.776900271067177, 1.227965905080346 ], [ 103.776853958597684, 1.227840450601967 ], [ 103.776847482628042, 1.227813727386872 ], [ 103.776834368071093, 1.227759609914459 ], [ 103.776816123478184, 1.227723937758658 ], [ 103.776813321145269, 1.227716788694781 ], [ 103.776792952794636, 1.227664818934408 ], [ 103.776765234049293, 1.227594092490114 ], [ 103.776800165610439, 1.227560303449053 ], [ 103.776812803546406, 1.227548079417998 ], [ 103.776853279499377, 1.227532011523688 ], [ 103.776871182652883, 1.227524905405027 ], [ 103.77687366797899, 1.227523918795772 ], [ 103.776898090845364, 1.227514223618827 ], [ 103.776896830169648, 1.227516734108924 ], [ 103.77692348124576, 1.22755558980704 ], [ 103.777032687018988, 1.227527394026492 ], [ 103.777065192312264, 1.227506075217539 ], [ 103.777134570256564, 1.227479955010753 ], [ 103.777140442632145, 1.227453624551686 ], [ 103.777129874249383, 1.227410328764274 ], [ 103.777171249641526, 1.227393072548496 ], [ 103.777184769784, 1.227387434119192 ], [ 103.777183153280035, 1.227390653623994 ], [ 103.777197693825826, 1.227443211095799 ], [ 103.77736210546044, 1.227375491200018 ], [ 103.777390643433534, 1.227327858902827 ], [ 103.777381470935154, 1.227304360597145 ], [ 103.777439606677575, 1.227274228382671 ], [ 103.777490431782979, 1.227257616268205 ], [ 103.777499273451696, 1.227289566760777 ], [ 103.777674329922334, 1.227217451855089 ], [ 103.777690474659565, 1.227210801493773 ], [ 103.777699370355748, 1.227150258068545 ], [ 103.777684218863641, 1.227138491059878 ], [ 103.777684175734024, 1.227138523616106 ], [ 103.777684274577496, 1.227138217942842 ], [ 103.777700669116967, 1.227087383031572 ], [ 103.777701760888107, 1.227083998921032 ], [ 103.777707799146455, 1.227073974162659 ], [ 103.777702114895362, 1.227084455632706 ], [ 103.777759562808413, 1.227119851867201 ], [ 103.777803858360798, 1.227147144716415 ], [ 103.777889663561112, 1.227007642797649 ], [ 103.777864481623055, 1.226921858740978 ], [ 103.777854391315458, 1.226918645321988 ], [ 103.777809485403722, 1.226904340045111 ], [ 103.777800596185841, 1.226912328114478 ], [ 103.777804745813953, 1.22689946722812 ], [ 103.777819273650678, 1.226871625754106 ], [ 103.777854643468501, 1.226803847057179 ], [ 103.777892341440165, 1.22673160627185 ], [ 103.777952643454171, 1.226616048687181 ], [ 103.777953756762287, 1.226613975906038 ], [ 103.777916856638441, 1.226688200885647 ], [ 103.777926759085332, 1.22669478848587 ], [ 103.777957070223025, 1.226714953741237 ], [ 103.777970105764481, 1.226723625967623 ], [ 103.778016922570089, 1.22666283643837 ], [ 103.778031533302894, 1.226623506817501 ], [ 103.778067322464921, 1.226568187561067 ], [ 103.778056025318762, 1.226527424887469 ], [ 103.778050790932468, 1.226508541639691 ], [ 103.778024227485616, 1.226490073051914 ], [ 103.778018814748521, 1.226492829443533 ], [ 103.778070768239971, 1.226395243221034 ], [ 103.778079281139853, 1.226379251513472 ], [ 103.778153211456583, 1.226240382392368 ], [ 103.778197149349026, 1.226269604237646 ], [ 103.778214714263314, 1.226281285378686 ], [ 103.778249560776274, 1.226230557560332 ], [ 103.77826280128815, 1.226145943645866 ], [ 103.778264170810274, 1.226137192135102 ], [ 103.778269057027217, 1.226133797250406 ], [ 103.778317855400147, 1.22609988638502 ], [ 103.778304106926328, 1.226067208683755 ], [ 103.778296920020068, 1.226050125082129 ], [ 103.778259626278967, 1.226040495537292 ], [ 103.778323907908003, 1.225919751491865 ], [ 103.778430098964478, 1.225720286962131 ], [ 103.778462830862338, 1.225688625821922 ], [ 103.778489989416798, 1.225604379364622 ], [ 103.778495650444015, 1.225586817619166 ], [ 103.778557513914279, 1.22547700547989 ], [ 103.778641433220216, 1.22532804112206 ], [ 103.778679443513695, 1.225271578783911 ], [ 103.778703606601681, 1.225221469324487 ], [ 103.778713014489966, 1.225201960557653 ], [ 103.778731258375714, 1.225184300493884 ], [ 103.778758273143154, 1.225100545100127 ], [ 103.778764969325934, 1.225079783732053 ], [ 103.778806946871413, 1.225008606551463 ], [ 103.778820385579948, 1.22498582044823 ], [ 103.778838630362003, 1.22496816128798 ], [ 103.778848955674434, 1.224946755181732 ], [ 103.778856175575598, 1.224931785376993 ], [ 103.778891249943072, 1.224897855227011 ], [ 103.778901108178246, 1.224868854254396 ], [ 103.778910210713974, 1.224842079812703 ], [ 103.778927756288951, 1.224787692569423 ], [ 103.778951035248284, 1.224736438163129 ], [ 103.77897266894594, 1.224688804800144 ], [ 103.778978340475746, 1.224684861884841 ], [ 103.778991316166767, 1.224675841109542 ], [ 103.779023017436685, 1.224599907659997 ], [ 103.779024687035516, 1.224592404178288 ], [ 103.779038894799257, 1.224528578913638 ], [ 103.779039164379213, 1.224527368878852 ], [ 103.779029228851044, 1.224512876228467 ], [ 103.779019049831547, 1.224498029062031 ], [ 103.779008543599474, 1.224490727005408 ], [ 103.779033575781639, 1.22447333386525 ], [ 103.77901540128984, 1.224391719082381 ], [ 103.779019420726286, 1.224373706928188 ], [ 103.779015138773332, 1.224354481851369 ], [ 103.779026358732438, 1.224346690071933 ], [ 103.779066936836387, 1.224341541444918 ], [ 103.779083469621582, 1.224339442750633 ], [ 103.779097939045513, 1.224310666153365 ], [ 103.779135016631074, 1.224299998114881 ], [ 103.77914543860885, 1.224296999452791 ], [ 103.77914196729742, 1.224268881772311 ], [ 103.779141591777602, 1.22426584490726 ], [ 103.779138046799815, 1.224237124918246 ], [ 103.779172325091452, 1.224157196034412 ], [ 103.779183133877055, 1.224131992507983 ], [ 103.77917344941055, 1.224054053237444 ], [ 103.779168506559699, 1.224014270123857 ], [ 103.779157585033758, 1.223926371057152 ], [ 103.779113806722677, 1.223871369405122 ], [ 103.779074958475377, 1.223866496800652 ], [ 103.779018407078553, 1.223888395749808 ], [ 103.778990568119113, 1.223896398811894 ], [ 103.778925925072841, 1.223853393132145 ], [ 103.778854711564875, 1.22383501136476 ], [ 103.778829511931036, 1.223824352004569 ], [ 103.778815600665411, 1.223799797308038 ], [ 103.778747096175351, 1.223826726084566 ], [ 103.778740035471188, 1.223878387786084 ], [ 103.778668576837319, 1.223896046759522 ], [ 103.778614699688745, 1.223860744673634 ], [ 103.778561083469569, 1.223896399063592 ], [ 103.778532597887263, 1.223889046895589 ], [ 103.778491792213813, 1.223862292228875 ], [ 103.778412678779162, 1.223895730396943 ], [ 103.778364236370209, 1.223968445763604 ], [ 103.778343055892989, 1.223953740353126 ], [ 103.778314571007598, 1.223912194145403 ], [ 103.778247323187642, 1.223956273310872 ], [ 103.778238970311278, 1.223968444985575 ], [ 103.778185283830638, 1.223968445683869 ], [ 103.77816737142615, 1.223945913061358 ], [ 103.777916891676668, 1.223977451208266 ], [ 103.777847932194518, 1.224064114158012 ], [ 103.777714941946542, 1.224089373010455 ], [ 103.777655121432488, 1.224081879097962 ], [ 103.777569176703892, 1.224151147130446 ], [ 103.777551000572728, 1.224194593344196 ], [ 103.777523161760101, 1.224238619957669 ], [ 103.777473041181651, 1.224297175630184 ], [ 103.777298808612585, 1.224337015575646 ], [ 103.777245786622046, 1.224356610238467 ], [ 103.777218943584572, 1.224346689694684 ], [ 103.777183153267302, 1.224328678513734 ], [ 103.777170047077448, 1.224304597713431 ], [ 103.777123123895478, 1.224340304667304 ], [ 103.777046335330155, 1.224353074487064 ], [ 103.777039992069078, 1.224382712199273 ], [ 103.777031970403982, 1.224410961675874 ], [ 103.776966576388716, 1.224402782121317 ], [ 103.776906773663384, 1.224446756502418 ], [ 103.776851096620675, 1.224462762581016 ], [ 103.776763280608122, 1.224514739993836 ], [ 103.776753668900994, 1.224526805825996 ], [ 103.77672518315228, 1.224570181273809 ], [ 103.776717879390887, 1.22459885219853 ], [ 103.776656695292274, 1.224573541341696 ], [ 103.776565769313933, 1.224591623085623 ], [ 103.776531097420005, 1.224584728372967 ], [ 103.776521031017822, 1.224598852529002 ], [ 103.776477132448306, 1.224581861289298 ], [ 103.776342079340608, 1.224598852323564 ], [ 103.776279900525125, 1.22457640827362 ], [ 103.776033370048481, 1.224591183016826 ], [ 103.776019965917314, 1.224634875308597 ], [ 103.776019966050669, 1.22467089887462 ], [ 103.776013150549389, 1.224682050451213 ], [ 103.775955707829866, 1.224701732715799 ], [ 103.775930490025374, 1.22474294498398 ], [ 103.775902004442671, 1.224735592787816 ], [ 103.775858909399886, 1.224706921683037 ], [ 103.775850170697396, 1.224651110425172 ], [ 103.775787328646132, 1.224634875718756 ], [ 103.775774413684829, 1.224618640281551 ], [ 103.775670014365787, 1.224554826038321 ], [ 103.775598362125024, 1.224464767832675 ], [ 103.775528337200228, 1.224496164957902 ], [ 103.77547515814156, 1.22459084899611 ], [ 103.775419481088718, 1.224606855948589 ], [ 103.775403577776999, 1.224626871910303 ], [ 103.775393633698897, 1.224634875323052 ], [ 103.775295542109134, 1.224607295485336 ], [ 103.775031255977481, 1.224623161316829 ], [ 103.774964149467422, 1.224652887224307 ], [ 103.774892568468303, 1.224634876132937 ], [ 103.774884721943238, 1.224623864414271 ], [ 103.774777718685428, 1.224645359720989 ], [ 103.774767301995041, 1.224652887425002 ], [ 103.774757673389786, 1.224615140833013 ], [ 103.774677826099634, 1.224634875934386 ], [ 103.774570455814128, 1.224634875376456 ], [ 103.774521068353778, 1.224611164553135 ], [ 103.774474635732673, 1.224646502488331 ], [ 103.774427293543027, 1.22465288716192 ], [ 103.774414187300906, 1.224632289962616 ], [ 103.774371213215758, 1.224620136156839 ], [ 103.774283450456522, 1.224658867254598 ], [ 103.774219716226568, 1.22464083823201 ], [ 103.774165855903746, 1.224659922751745 ], [ 103.774158865187772, 1.224670898872549 ], [ 103.77407812761686, 1.224683510254006 ], [ 103.774017643939615, 1.224678620815717 ], [ 103.774049240455085, 1.224591992410982 ], [ 103.773935839609237, 1.224578642363918 ], [ 103.773971717831188, 1.22464338935579 ], [ 103.773969865473816, 1.224666588985769 ], [ 103.773944123321129, 1.224688910849242 ], [ 103.77384821581343, 1.224712621154997 ], [ 103.773774118940977, 1.224695894175746 ], [ 103.773720730492073, 1.2247079427384 ], [ 103.773675695359643, 1.224688911180789 ], [ 103.773648345537723, 1.224680414964772 ], [ 103.773571400026768, 1.224638323195627 ], [ 103.77345200560741, 1.2246454993621 ], [ 103.773415883408902, 1.224643319030515 ], [ 103.773291455720511, 1.224680414178171 ], [ 103.773183070629514, 1.224697406556441 ], [ 103.773063535624345, 1.224723121276699 ], [ 103.772926719390796, 1.224829837747968 ], [ 103.772845578263357, 1.225007773302038 ], [ 103.77275421566813, 1.225341550574174 ], [ 103.772744137247628, 1.225409705086012 ], [ 103.77271880954045, 1.225580995726981 ], [ 103.77269990049713, 1.225688045863532 ], [ 103.772691460177271, 1.225751596290932 ], [ 103.772691459860241, 1.225805632088422 ], [ 103.772685713839095, 1.22596501721174 ], [ 103.772685338922699, 1.225975413781047 ], [ 103.772679297102599, 1.226143015051667 ], [ 103.772646442034883, 1.226174781924992 ], [ 103.772655669216263, 1.226201886853143 ], [ 103.772655669303646, 1.226237910416551 ], [ 103.772637774395832, 1.226237910008293 ], [ 103.77262143001272, 1.226252086458012 ], [ 103.772597317779244, 1.226273001152468 ], [ 103.772590855724204, 1.226308650161219 ], [ 103.77257580455408, 1.226391676837182 ], [ 103.772558108770298, 1.226407027121089 ], [ 103.772546969609436, 1.226416690004479 ], [ 103.77252211918551, 1.226499747204396 ], [ 103.772485001148212, 1.226588468160036 ], [ 103.772445418065089, 1.226734848645174 ], [ 103.772414748206486, 1.227004072821707 ], [ 103.772379902100354, 1.227230132473903 ], [ 103.77236106269919, 1.22743482054345 ], [ 103.772404636865133, 1.227533613448723 ], [ 103.772405136416381, 1.227534746629278 ], [ 103.772405136499543, 1.227570770192158 ], [ 103.77240461984168, 1.227571171718271 ], [ 103.772347239369367, 1.227615746542583 ], [ 103.77233355577296, 1.227696851471836 ], [ 103.772289971539607, 1.227725029573373 ], [ 103.772187126016959, 1.227767384942043 ], [ 103.772123182181872, 1.22775788673493 ], [ 103.772077535129384, 1.227817409164439 ], [ 103.772010585242271, 1.227869420351838 ], [ 103.771993547006474, 1.227931001774176 ], [ 103.771975652087619, 1.227931002265257 ], [ 103.771975651676939, 1.227949013594299 ], [ 103.771957756757971, 1.227949014085253 ], [ 103.771957756347192, 1.22796702450994 ], [ 103.771924622548809, 1.228005721513243 ], [ 103.771770713844461, 1.228139191339812 ], [ 103.771660109692178, 1.22829424121054 ], [ 103.771608136073453, 1.2283175834666 ], [ 103.771519988691722, 1.228390966095867 ], [ 103.77142918444342, 1.22846167535769 ], [ 103.771420900765833, 1.228471350058886 ], [ 103.771375009579984, 1.228479194352811 ], [ 103.771310506421983, 1.228527337609738 ], [ 103.771295634783741, 1.228615443191189 ], [ 103.771216749178791, 1.228734171779482 ], [ 103.771118954364724, 1.228768664674562 ], [ 103.771062997029631, 1.228777546937587 ], [ 103.771023362227595, 1.228785602993217 ], [ 103.771009311422276, 1.22881357014364 ], [ 103.770991416497864, 1.228813570627788 ], [ 103.770991416080292, 1.228831581956375 ], [ 103.770973521155796, 1.228831582440413 ], [ 103.77097352073811, 1.228849593768991 ], [ 103.770955625813471, 1.228849594252886 ], [ 103.770955625395672, 1.228867604677092 ], [ 103.770937730470948, 1.22886760516086 ], [ 103.770937730052992, 1.228885616489438 ], [ 103.770913963917366, 1.228897719044231 ], [ 103.770901940265446, 1.228921640113727 ], [ 103.770878173230841, 1.228933741763788 ], [ 103.77086614957841, 1.228957663737437 ], [ 103.770840461195036, 1.229021864891291 ], [ 103.770799409813606, 1.229090375885264 ], [ 103.77073078309688, 1.229109601062009 ], [ 103.770697299271717, 1.229129934913434 ], [ 103.770651408073036, 1.229137779194126 ], [ 103.770651407653062, 1.229155791426931 ], [ 103.770561284922508, 1.229167136361211 ], [ 103.770558635867516, 1.229176459394775 ], [ 103.770544036411152, 1.229227836915301 ], [ 103.770508245658661, 1.229227836972534 ], [ 103.770508245460306, 1.229236324435719 ], [ 103.770508246136231, 1.229245849205282 ], [ 103.770490350310624, 1.229245848781519 ], [ 103.770490298197871, 1.229245788187849 ], [ 103.770478397623748, 1.229231883297949 ], [ 103.770375185746957, 1.229260324931223 ], [ 103.770372005918404, 1.229220500249711 ], [ 103.770369715363955, 1.229191814649894 ], [ 103.770462844358505, 1.229149986370786 ], [ 103.770424711373863, 1.229141068430659 ], [ 103.77032298524837, 1.229186748193767 ], [ 103.770248801019164, 1.229251090174219 ], [ 103.770228838318033, 1.229339534762942 ], [ 103.770225365176344, 1.229354920637755 ], [ 103.770179114138799, 1.229380894701459 ], [ 103.770177849005719, 1.229381604597677 ], [ 103.770140730745098, 1.229398279295395 ], [ 103.770088232923271, 1.229435744971413 ], [ 103.770066073660431, 1.229433951087802 ], [ 103.769981665556514, 1.229481335977298 ], [ 103.769925988161674, 1.229506348471496 ], [ 103.769828228129697, 1.229588069052639 ], [ 103.769689610608282, 1.229592642720566 ], [ 103.769662628307188, 1.229619519792978 ], [ 103.769631381258591, 1.229624092415253 ], [ 103.769620791473244, 1.229616739675644 ], [ 103.769584249918609, 1.229563461767014 ], [ 103.76948014548968, 1.229491116415364 ], [ 103.769463020074312, 1.229588562207207 ], [ 103.769490587118568, 1.229607719124513 ], [ 103.769498810240108, 1.229613433098768 ], [ 103.769506114999444, 1.229660115677572 ], [ 103.76950010361476, 1.22967207666084 ], [ 103.769480765427687, 1.229681922918588 ], [ 103.769464452594818, 1.229690229115905 ], [ 103.769452429824952, 1.229714150177839 ], [ 103.769434534895083, 1.229714150651176 ], [ 103.769434534466782, 1.229732161979115 ], [ 103.7694166395368, 1.229732162452325 ], [ 103.769416639108371, 1.229750173780238 ], [ 103.769398744178289, 1.229750174253321 ], [ 103.769398743749761, 1.229768184676862 ], [ 103.769385305031051, 1.22978705844477 ], [ 103.769263062552881, 1.229811736512422 ], [ 103.769230207657657, 1.229832702510328 ], [ 103.76919148107271, 1.229847760151075 ], [ 103.769184001109252, 1.229876254693862 ], [ 103.769148211247611, 1.229876254732317 ], [ 103.76910231913439, 1.229884099889608 ], [ 103.769050940824613, 1.229922444613331 ], [ 103.768994948722607, 1.229956145311212 ], [ 103.768933538250479, 1.230001984259498 ], [ 103.768826097237053, 1.23002034748683 ], [ 103.768744415257331, 1.230028192671255 ], [ 103.768664394291264, 1.230087908636111 ], [ 103.768647145752169, 1.23011040519199 ], [ 103.768639631130824, 1.230122665481056 ], [ 103.768639428965145, 1.230122606692433 ], [ 103.768647038833564, 1.230110183620033 ], [ 103.768663617067702, 1.230088050602428 ], [ 103.768744473666914, 1.230027953016031 ], [ 103.76882600558929, 1.230020293222708 ], [ 103.768833110222531, 1.230018931422265 ], [ 103.768832266497043, 1.229944701145826 ], [ 103.768833112948883, 1.229905372153616 ], [ 103.768685525636073, 1.229940951694181 ], [ 103.768548171703472, 1.229970913562718 ], [ 103.76843517673727, 1.229997470182733 ], [ 103.768356688577953, 1.230022665670272 ], [ 103.768135434522222, 1.230084632735445 ], [ 103.768019055620897, 1.230115275173744 ], [ 103.76791214880592, 1.230187460737284 ], [ 103.767849897902835, 1.230282119957805 ], [ 103.76779509259886, 1.230284161563468 ], [ 103.767736903533432, 1.230283479137812 ], [ 103.767609699362083, 1.230309355287595 ], [ 103.767532563908347, 1.230352938326186 ], [ 103.767471667609726, 1.230425124107895 ], [ 103.767452044616874, 1.230470070545296 ], [ 103.767471750266878, 1.230498673376965 ], [ 103.767473127709636, 1.230498232081212 ], [ 103.767448167516449, 1.230542683698449 ], [ 103.767376586423225, 1.230524672399945 ], [ 103.767365838996668, 1.23049716226312 ], [ 103.767303133421322, 1.230116490996275 ], [ 103.767301086897263, 1.230104068591958 ], [ 103.767294905101238, 1.230066537303482 ], [ 103.767287111117028, 1.230002335355798 ], [ 103.76727765574077, 1.229975828191285 ], [ 103.767277604529255, 1.229975659978177 ], [ 103.767299220532834, 1.230000006918283 ], [ 103.767316154476859, 1.230019080391189 ], [ 103.767292205035673, 1.230030471172484 ], [ 103.767299646173981, 1.230083590122092 ], [ 103.767875451584786, 1.229812560871828 ], [ 103.768269922862942, 1.229618481250444 ], [ 103.768322699574867, 1.229604861907492 ], [ 103.768373445251996, 1.229606906110503 ], [ 103.768428251835587, 1.229588519908698 ], [ 103.768471556039373, 1.229550383907941 ], [ 103.768605527173477, 1.229476837910895 ], [ 103.768835752641593, 1.229163236059256 ], [ 103.768738319312291, 1.229184345179405 ], [ 103.768575931750917, 1.229214305537797 ], [ 103.768556309508085, 1.22922928766913 ], [ 103.768553433053953, 1.22924137533771 ], [ 103.768526875745266, 1.229268275017701 ], [ 103.768522138882247, 1.229299942136893 ], [ 103.768539700488105, 1.229335970647322 ], [ 103.768521879211335, 1.229299884251206 ], [ 103.768526422887291, 1.229268434174829 ], [ 103.768553125762466, 1.22924127585009 ], [ 103.768557275317974, 1.22919611559489 ], [ 103.768590597393455, 1.229177099426819 ], [ 103.768607934576636, 1.229167206099727 ], [ 103.768613939399259, 1.229166669053542 ], [ 103.768676796405316, 1.229161042724122 ], [ 103.768767387191559, 1.229152933682601 ], [ 103.768844137144441, 1.229146063281314 ], [ 103.768943019345343, 1.229068262280842 ], [ 103.768959162460717, 1.229055561774266 ], [ 103.768951363961648, 1.229065732975156 ], [ 103.768964924794162, 1.229087895666044 ], [ 103.769065550852105, 1.229054581308243 ], [ 103.769112421415912, 1.229047721027656 ], [ 103.769169997839256, 1.229041137740687 ], [ 103.769188719454036, 1.229038997561926 ], [ 103.769203754912937, 1.229017072506781 ], [ 103.76921979225628, 1.228993686022339 ], [ 103.769236558640088, 1.228993686427306 ], [ 103.769237686282736, 1.228993686454539 ], [ 103.769237686301892, 1.228992882474295 ], [ 103.769237686712117, 1.228975674222224 ], [ 103.769255581636969, 1.228975674654318 ], [ 103.769255582066208, 1.22895766332634 ], [ 103.769432891315489, 1.22889043712676 ], [ 103.769452430175349, 1.228867605100623 ], [ 103.769577695499052, 1.228831582743062 ], [ 103.769612035363878, 1.228821960222451 ], [ 103.769721171563063, 1.228777001442662 ], [ 103.769827354234678, 1.228697761737594 ], [ 103.769864018583462, 1.228687489030941 ], [ 103.769881914405133, 1.228687489458734 ], [ 103.769881913931584, 1.228669477226129 ], [ 103.769923856199128, 1.228658643034244 ], [ 103.769960800115271, 1.228604783569617 ], [ 103.769999875295653, 1.228590078626909 ], [ 103.770075301241903, 1.228526756805463 ], [ 103.770075842154156, 1.22852661754618 ], [ 103.770187361728219, 1.228497817087862 ], [ 103.770214041640813, 1.228490927367204 ], [ 103.770229253204235, 1.228468748183264 ], [ 103.770257555750931, 1.228427481787755 ], [ 103.770304094099146, 1.228409963538854 ], [ 103.770333331136385, 1.22836734333058 ], [ 103.77038626559802, 1.228330564071347 ], [ 103.770415484663076, 1.22828792667867 ], [ 103.770495749842311, 1.228232168161303 ], [ 103.770508245802986, 1.228183163643805 ], [ 103.770560830070849, 1.228174826644116 ], [ 103.770587131537638, 1.228136482199845 ], [ 103.770597579694666, 1.228129228536914 ], [ 103.770618901913821, 1.22811442458935 ], [ 103.770633512282842, 1.228057083686642 ], [ 103.770651407202081, 1.22805708320463 ], [ 103.770664392053916, 1.228080934322901 ], [ 103.770687197459907, 1.228039071816053 ], [ 103.770705092379046, 1.228039071333689 ], [ 103.770705092798252, 1.228021060005094 ], [ 103.770722987717292, 1.228021059522604 ], [ 103.77072298813637, 1.228003048193984 ], [ 103.770740883055268, 1.228003048615729 ], [ 103.770740883474247, 1.227985036382754 ], [ 103.770758778393031, 1.227985036804373 ] ] ], [ [ [ 103.769882367665588, 1.235809414992739 ], [ 103.769983884870427, 1.235794428490716 ], [ 103.770006393449918, 1.235693412398464 ], [ 103.769978694818604, 1.235650617196315 ], [ 103.769971390511799, 1.235621946851353 ], [ 103.769925009516598, 1.235629299127062 ], [ 103.769903094698535, 1.235661276031893 ], [ 103.76983881874547, 1.235705936537097 ], [ 103.769882367665588, 1.235809414992739 ] ] ], [ [ [ 103.770651408073036, 1.229137779194126 ], [ 103.770644154387611, 1.229096356403956 ], [ 103.770628689220274, 1.229127999761329 ], [ 103.770651408073036, 1.229137779194126 ] ] ], [ [ [ 103.752744451256348, 1.22913383933475 ], [ 103.752738317302445, 1.229155790785517 ], [ 103.75276012635905, 1.229149617352023 ], [ 103.752744451256348, 1.22913383933475 ] ] ], [ [ [ 103.751434565124413, 1.229893893065524 ], [ 103.751558741119084, 1.229846832871197 ], [ 103.751673564392362, 1.229830102050679 ], [ 103.751714610365696, 1.229807617198404 ], [ 103.751789427194694, 1.229785656106501 ], [ 103.751795663071945, 1.229751142136269 ], [ 103.751871519391287, 1.229732318313872 ], [ 103.7519343856126, 1.229749577324872 ], [ 103.751966078805523, 1.229759514548703 ], [ 103.752180657919396, 1.229700951772119 ], [ 103.752221185363254, 1.229651273563049 ], [ 103.752358350228462, 1.229607874593685 ], [ 103.75238848573396, 1.229576498590975 ], [ 103.752384850100569, 1.229524204513672 ], [ 103.752398358731796, 1.229514792301275 ], [ 103.752370305174765, 1.229454130299604 ], [ 103.752299125851138, 1.229436871949623 ], [ 103.752263274120224, 1.229492824783269 ], [ 103.752232098773405, 1.22956237487779 ], [ 103.75216663276926, 1.229616758636462 ], [ 103.752067394992991, 1.229671141358913 ], [ 103.751970236799679, 1.229711927022724 ], [ 103.751859570149122, 1.229726566189442 ], [ 103.751742667873941, 1.229767351238003 ], [ 103.751685515772493, 1.229795065534191 ], [ 103.751540557699911, 1.229819638978356 ], [ 103.751413265537664, 1.229840552997528 ], [ 103.751233498390917, 1.229819629491322 ], [ 103.751192972621652, 1.229813876479242 ], [ 103.751109322968929, 1.229847864421687 ], [ 103.75099813624476, 1.22988603600049 ], [ 103.750865646892535, 1.229940940365647 ], [ 103.750774722252018, 1.229993231500783 ], [ 103.750644311988225, 1.230021466214371 ], [ 103.750248405187662, 1.230109307408844 ], [ 103.749767809700174, 1.230211788437403 ], [ 103.749494519815727, 1.230257274761391 ], [ 103.749380736284309, 1.230268252856856 ], [ 103.749277862777575, 1.230301718311879 ], [ 103.749180184446061, 1.230337274817919 ], [ 103.749007688301745, 1.23039636140501 ], [ 103.748888189491311, 1.230400541190512 ], [ 103.748772847086585, 1.230409427414984 ], [ 103.7486284097685, 1.230416220910302 ], [ 103.748549956253754, 1.23042040199162 ], [ 103.748145216528755, 1.230519746998503 ], [ 103.747725409527064, 1.230618046009738 ], [ 103.747470304512419, 1.230670331717453 ], [ 103.74706608451892, 1.23075555763599 ], [ 103.746769413619063, 1.230817777266628 ], [ 103.746484173326252, 1.230890979837045 ], [ 103.746249850075486, 1.230945357899147 ], [ 103.746045662439315, 1.230995029716897 ], [ 103.745772371806652, 1.231059865423677 ], [ 103.745780682903074, 1.231121572277994 ], [ 103.745983311888764, 1.231091248398664 ], [ 103.745998899149043, 1.231071900944195 ], [ 103.746070598878958, 1.231056214395885 ], [ 103.746131907255574, 1.231039482962911 ], [ 103.746292971619582, 1.231008111341539 ], [ 103.746376621784137, 1.230988766119513 ], [ 103.746461310654027, 1.230968896397549 ], [ 103.746481573352668, 1.230963668027731 ], [ 103.74659899424509, 1.230949029312284 ], [ 103.746692515549313, 1.230929684403063 ], [ 103.746787075508081, 1.230911384065067 ], [ 103.746911771540951, 1.230874259460318 ], [ 103.747004253169095, 1.230857529022881 ], [ 103.747036466604968, 1.230839226643937 ], [ 103.747113881895345, 1.230820926639896 ], [ 103.747200128890682, 1.230797919704611 ], [ 103.747254163617924, 1.230784847970473 ], [ 103.747335735577238, 1.230762887228198 ], [ 103.74750147564724, 1.230736745621388 ], [ 103.747538364543075, 1.230732040504158 ], [ 103.747629288263468, 1.230711126404739 ], [ 103.747769569341941, 1.230694919303275 ], [ 103.747850101690901, 1.230673481233658 ], [ 103.747991941749177, 1.230655706002809 ], [ 103.748212237684342, 1.230587731119182 ], [ 103.748330178695298, 1.230547991711066 ], [ 103.74850267259184, 1.230532309229604 ], [ 103.748587880830215, 1.230510871286427 ], [ 103.748666854920501, 1.230496232152072 ], [ 103.748732320419236, 1.230460673733655 ], [ 103.748780119974029, 1.23045806074152 ], [ 103.748796745209191, 1.230460675788922 ], [ 103.748950016242532, 1.230442378147499 ], [ 103.749183818577592, 1.23040682597482 ], [ 103.749223306495367, 1.230385909281467 ], [ 103.749381771769734, 1.230370749019161 ], [ 103.749436846313444, 1.230349833720364 ], [ 103.749455549842153, 1.23035192610684 ], [ 103.749548033401311, 1.230301203236677 ], [ 103.749686236339514, 1.230279767835623 ], [ 103.749741310863129, 1.230259374348415 ], [ 103.749824959958119, 1.230244211699043 ], [ 103.749919521232016, 1.230211269587601 ], [ 103.750149686824287, 1.230188790703804 ], [ 103.750312830643978, 1.230116630256013 ], [ 103.750468179095961, 1.230096240795033 ], [ 103.750607422476691, 1.23004656569621 ], [ 103.750673406288556, 1.230043430513902 ], [ 103.750722245231088, 1.230047091998345 ], [ 103.750805375437253, 1.230016764015249 ], [ 103.750900975141704, 1.229991666356096 ], [ 103.750999691586074, 1.229973889619573 ], [ 103.751083861903297, 1.229926304579024 ], [ 103.751204919723946, 1.229918987501182 ], [ 103.751275059862778, 1.229923173261858 ], [ 103.751434565124413, 1.229893893065524 ] ] ], [ [ [ 103.770368999271824, 1.235351544987268 ], [ 103.770416620385134, 1.235413653368707 ], [ 103.770499944582539, 1.235386443018881 ], [ 103.770508245839963, 1.235279727276341 ], [ 103.770616141798399, 1.235295927917576 ], [ 103.770661770649539, 1.235253377736858 ], [ 103.77064210961727, 1.235235049414887 ], [ 103.770622169873647, 1.235108969648145 ], [ 103.770464014995582, 1.235134984460611 ], [ 103.770490350397196, 1.235261716427324 ], [ 103.770397903776313, 1.235277528851253 ], [ 103.770368999271824, 1.235351544987268 ] ] ], [ [ [ 103.764912090600589, 1.239857218597792 ], [ 103.764958044257753, 1.239874129601393 ], [ 103.765014420411674, 1.239800623408699 ], [ 103.765014420873342, 1.239782612083761 ], [ 103.764968529478963, 1.239790457158775 ], [ 103.764952941370211, 1.239810791391216 ], [ 103.764913010185765, 1.239841810962411 ], [ 103.764899256210754, 1.239852494767794 ], [ 103.764912090600589, 1.239857218597792 ] ] ], [ [ [ 103.759127117398805, 1.2325777759567 ], [ 103.759179073479402, 1.232577777413083 ], [ 103.75917965930978, 1.232545486190177 ], [ 103.759188493138183, 1.232496068343209 ], [ 103.759201873493282, 1.232446259033679 ], [ 103.759203692242224, 1.23240860767678 ], [ 103.759222918292025, 1.232329252037683 ], [ 103.75924097479772, 1.232270421822665 ], [ 103.759234350839918, 1.232272644565225 ], [ 103.75922369860929, 1.232314740626517 ], [ 103.75918797729264, 1.232369516984807 ], [ 103.75917342825484, 1.232408737057458 ], [ 103.759134196526446, 1.23245946085909 ], [ 103.759126988507532, 1.232559865013909 ], [ 103.759127117398805, 1.2325777759567 ] ] ], [ [ [ 103.771010044097295, 1.234290130835797 ], [ 103.77099141655205, 1.234263956272555 ], [ 103.770966041465854, 1.234299574982878 ], [ 103.770942099948883, 1.234316847783975 ], [ 103.770952232862541, 1.234343271751697 ], [ 103.770955855482583, 1.234352717022378 ], [ 103.770963105215003, 1.234371621129332 ], [ 103.771009312005816, 1.234397160574977 ], [ 103.771024969117605, 1.234458548317354 ], [ 103.771106092537579, 1.234403951017472 ], [ 103.771067715440992, 1.234340821838142 ], [ 103.771045101808411, 1.234325114298661 ], [ 103.771040559285012, 1.234307791085268 ], [ 103.771037482120761, 1.234296056880406 ], [ 103.771017140390668, 1.234300101624229 ], [ 103.771010044097295, 1.234290130835797 ] ] ], [ [ [ 103.758961945430471, 1.234373738837629 ], [ 103.758993121557367, 1.234272289914273 ], [ 103.75903573143016, 1.234071482401664 ], [ 103.759077303011296, 1.233823610825425 ], [ 103.75910328546955, 1.233664637840812 ], [ 103.759142777047245, 1.23347847280266 ], [ 103.759176033258484, 1.23331113374444 ], [ 103.75919759758419, 1.233220403979655 ], [ 103.75912979539109, 1.233212427392127 ], [ 103.759114207207503, 1.233267859072877 ], [ 103.759091865997902, 1.233281454661864 ], [ 103.759080174678203, 1.233305248163812 ], [ 103.75907419858396, 1.233371138185197 ], [ 103.759074197562086, 1.233408005508601 ], [ 103.75906536393083, 1.233417679247642 ], [ 103.759056788963647, 1.233528542338334 ], [ 103.758986639751328, 1.233814587241418 ], [ 103.758993911735061, 1.233902703296666 ], [ 103.758958446087348, 1.234100634226422 ], [ 103.758935583201861, 1.234165478326177 ], [ 103.758895057151648, 1.234198945001998 ], [ 103.75893817882006, 1.234270065440228 ], [ 103.758858943307828, 1.234344844204199 ], [ 103.758813478890801, 1.234446031361285 ], [ 103.75874229800003, 1.234478451724265 ], [ 103.758679170477237, 1.234513748191845 ], [ 103.75858383113281, 1.234542507000159 ], [ 103.758563306121758, 1.234609704318224 ], [ 103.758527456054921, 1.234640032975173 ], [ 103.758510309388924, 1.234678468884596 ], [ 103.758455755195811, 1.234694416710991 ], [ 103.7584035383627, 1.234731543914316 ], [ 103.758376260797831, 1.234740171682 ], [ 103.758387688893947, 1.234811553494783 ], [ 103.758381453800126, 1.234852603326053 ], [ 103.758329496569658, 1.234892084595734 ], [ 103.758322481546116, 1.234901497022031 ], [ 103.758341962865188, 1.234980983978053 ], [ 103.758294680509124, 1.235089231445721 ], [ 103.758270257664819, 1.235189634200266 ], [ 103.758317537124583, 1.235216828879215 ], [ 103.758258825792012, 1.235252909544593 ], [ 103.758220371548404, 1.235484047732107 ], [ 103.758227125226995, 1.235534250100537 ], [ 103.758327396514417, 1.235668647842776 ], [ 103.758340383305509, 1.235748658241163 ], [ 103.75834038282153, 1.235765915324039 ], [ 103.758378309392128, 1.235799645578775 ], [ 103.758427016685957, 1.235856385884334 ], [ 103.758388437609511, 1.235925150855032 ], [ 103.758320109726426, 1.236108961897145 ], [ 103.758258671648647, 1.236134715545666 ], [ 103.758240875839604, 1.236155240495301 ], [ 103.758213468449839, 1.236178902411516 ], [ 103.758188139172447, 1.236208578410317 ], [ 103.758150080445219, 1.236241261057995 ], [ 103.75811137173595, 1.236286363323728 ], [ 103.75808071486459, 1.23638885859613 ], [ 103.758062269542322, 1.236405068802949 ], [ 103.758026938061363, 1.236461283994034 ], [ 103.757979656659387, 1.236502333555554 ], [ 103.757884836560564, 1.236531876432206 ], [ 103.757849505202302, 1.236551747021664 ], [ 103.75780378367098, 1.236559590170241 ], [ 103.757804303427648, 1.236576847267695 ], [ 103.757788195939369, 1.236597241129294 ], [ 103.757736758872881, 1.236638029205696 ], [ 103.757639597091057, 1.236767192272217 ], [ 103.757461387096313, 1.236790195991865 ], [ 103.757417224882886, 1.236784442058776 ], [ 103.757374620276394, 1.236793854361588 ], [ 103.757366306849605, 1.236804313096968 ], [ 103.757330976129793, 1.236833073581505 ], [ 103.757312268076518, 1.236956486231907 ], [ 103.7573055122906, 1.237012440874011 ], [ 103.757380849444147, 1.23699361689044 ], [ 103.75753152330995, 1.236939758183849 ], [ 103.757631799544015, 1.236900017864211 ], [ 103.757742987125212, 1.236839360807883 ], [ 103.757824040718603, 1.236787069159523 ], [ 103.757964324657991, 1.236679870713545 ], [ 103.758039143896667, 1.236609799074477 ], [ 103.758198134225083, 1.236436187335354 ], [ 103.758276071364534, 1.236332647961538 ], [ 103.758358164984656, 1.236199823572786 ], [ 103.758441299524534, 1.236051312104202 ], [ 103.758492219448542, 1.235931037595362 ], [ 103.758542100939451, 1.235801349525862 ], [ 103.758598219666482, 1.235585900747924 ], [ 103.758644984032941, 1.235429020155953 ], [ 103.758676162894602, 1.235262726496462 ], [ 103.758709419367733, 1.235088066618995 ], [ 103.758756183280056, 1.234946874034299 ], [ 103.758795672837536, 1.234834966373965 ], [ 103.758834124049699, 1.234710507913061 ], [ 103.758907907399873, 1.234504472247585 ], [ 103.758961945430471, 1.234373738837629 ] ] ], [ [ [ 103.765976771091871, 1.230467479544741 ], [ 103.766107866625944, 1.230411640163255 ], [ 103.766231857251796, 1.230367887428926 ], [ 103.766350772886142, 1.230329924302941 ], [ 103.766440086690181, 1.230294854391667 ], [ 103.766502335849637, 1.230272211574515 ], [ 103.766549022613546, 1.230250420275397 ], [ 103.766627510802167, 1.230224884801576 ], [ 103.766698725521792, 1.230197134353461 ], [ 103.76677721262773, 1.230178919707069 ], [ 103.766824237982632, 1.230163087270245 ], [ 103.766886149170418, 1.230145382266391 ], [ 103.76692894510883, 1.23013278463411 ], [ 103.766955164345575, 1.230116100666593 ], [ 103.76699694565616, 1.230111504826478 ], [ 103.766982569774612, 1.230020758705864 ], [ 103.766882431209325, 1.229995388769167 ], [ 103.766875665608197, 1.229985002875623 ], [ 103.766714967952254, 1.230020922017393 ], [ 103.766707187432473, 1.230030286518152 ], [ 103.76655477786467, 1.230096681138944 ], [ 103.766324897873616, 1.2301266405588 ], [ 103.766241841945188, 1.230174649370117 ], [ 103.766213593154731, 1.230182991419238 ], [ 103.766206319385503, 1.230192865992903 ], [ 103.766171979963872, 1.230219595429765 ], [ 103.766059239436984, 1.23020282203328 ], [ 103.765899177255051, 1.230229122317822 ], [ 103.76589122786271, 1.230200604784775 ], [ 103.765737973781583, 1.230226394266627 ], [ 103.76571243128663, 1.230236565908992 ], [ 103.765704058183502, 1.230263976988186 ], [ 103.76566735010951, 1.230332204938725 ], [ 103.765413450186358, 1.230317130826842 ], [ 103.765389939272637, 1.230290655853649 ], [ 103.765372855512311, 1.230262734061561 ], [ 103.7652987668055, 1.230239492703038 ], [ 103.765265273175942, 1.230254644473072 ], [ 103.765277113271438, 1.230278565221996 ], [ 103.765283579770241, 1.230426430816743 ], [ 103.765301168960363, 1.230542544454075 ], [ 103.765402492285773, 1.23054782492475 ], [ 103.765514641231718, 1.230543400931471 ], [ 103.765636601333028, 1.230530635324446 ], [ 103.765742830214052, 1.23051480441887 ], [ 103.765867327923573, 1.230494547108972 ], [ 103.765976771091871, 1.230467479544741 ] ] ] ] } },
{ "type": "Feature", "properties": { "OBJECTID": 1, "ISLAND": "Terumbu Pempang Laut" }, "geometry": { "type": "MultiPolygon", "coordinates": [ [ [ [ 103.728447486007269, 1.232194103342006 ], [ 103.728421892298783, 1.232154823096939 ], [ 103.728448437682999, 1.232190449750156 ], [ 103.728552320025088, 1.232927797006908 ], [ 103.728571791122178, 1.233245482676464 ], [ 103.728347068830942, 1.233579631646957 ], [ 103.728409935469259, 1.23358355636784 ], [ 103.728455657591837, 1.233560548454967 ], [ 103.728542948305872, 1.233437138821283 ], [ 103.728588675822195, 1.233276075257769 ], [ 103.7286468751239, 1.233060627367754 ], [ 103.728638575004368, 1.232728038225013 ], [ 103.728584554008577, 1.232387080099025 ], [ 103.728486889368398, 1.232064946384531 ], [ 103.728183480252468, 1.231732345539432 ], [ 103.727915397155755, 1.231475048822785 ], [ 103.728367875206857, 1.23208232625298 ], [ 103.728236168686877, 1.231912742876901 ], [ 103.727765450195363, 1.231273630193654 ], [ 103.727153230073569, 1.230823534649411 ], [ 103.726469472455662, 1.230425660388497 ], [ 103.725727040284383, 1.230243486988152 ], [ 103.724693703694655, 1.229948148410102 ], [ 103.724404621941147, 1.229865525645845 ], [ 103.724308033736179, 1.22986751127712 ], [ 103.724293388758653, 1.229867811828146 ], [ 103.724206219926188, 1.229776504593805 ], [ 103.72366916316993, 1.229603846661514 ], [ 103.723444002915841, 1.229590233906284 ], [ 103.723670546045994, 1.229602496503769 ], [ 103.724208802285489, 1.229776133910963 ], [ 103.72429452545569, 1.229866082731593 ], [ 103.724406230331411, 1.22986451915517 ], [ 103.725159582439559, 1.230080000163717 ], [ 103.724788623808763, 1.229912645170769 ], [ 103.724339733521361, 1.229711818238734 ], [ 103.723745363996443, 1.229557003774412 ], [ 103.723329720560145, 1.229473316658531 ], [ 103.722868353434379, 1.229452379558408 ], [ 103.722261508589384, 1.22946072139403 ], [ 103.721625566373802, 1.229527631163192 ], [ 103.721403974220024, 1.229534419924136 ], [ 103.721400597873881, 1.229505919668453 ], [ 103.721367347795734, 1.229471926856633 ], [ 103.721298247620879, 1.229440025228109 ], [ 103.721223432299865, 1.229421718653767 ], [ 103.72116316360983, 1.229412826212682 ], [ 103.721022883469345, 1.22940706852606 ], [ 103.720848311265314, 1.229403400266963 ], [ 103.720672701098025, 1.229403915538061 ], [ 103.720511116767668, 1.229426918393263 ], [ 103.720376030373345, 1.229456719562939 ], [ 103.720284587435444, 1.229472404566524 ], [ 103.720201457528503, 1.229489658087708 ], [ 103.72010066256091, 1.229511093533552 ], [ 103.72002740360557, 1.229532531055984 ], [ 103.719969211804312, 1.229556583735112 ], [ 103.719918294412096, 1.229580636723874 ], [ 103.719843992624916, 1.229700125288142 ], [ 103.719935953002249, 1.229687203153376 ], [ 103.719804360441216, 1.229707343126072 ], [ 103.71932767774733, 1.229927700690198 ], [ 103.719327168277019, 1.22992793580281 ], [ 103.719127681431743, 1.230020154208061 ], [ 103.719119442638558, 1.230174462681521 ], [ 103.719099998466817, 1.23053867343601 ], [ 103.719126353320064, 1.230614170835091 ], [ 103.719299310726242, 1.231109644669437 ], [ 103.719484742380473, 1.231244082659008 ], [ 103.719668816432446, 1.23137753572711 ], [ 103.719821912292318, 1.231488529397853 ], [ 103.720011841852497, 1.231626227778243 ], [ 103.720101808171307, 1.231748381291746 ], [ 103.720342949894587, 1.232075793791717 ], [ 103.720425632358157, 1.232188056866325 ], [ 103.72062509239619, 1.232458876116892 ], [ 103.720677697775344, 1.232465347268865 ], [ 103.720776002545506, 1.232477439174314 ], [ 103.720800837510637, 1.232480494266026 ], [ 103.720892813027419, 1.232708717023429 ], [ 103.720896176431111, 1.232874286231245 ], [ 103.720886412310747, 1.232893362460393 ], [ 103.720794522998659, 1.233072893703184 ], [ 103.72077533172741, 1.233110388702404 ], [ 103.720964612189178, 1.23334640397612 ], [ 103.720984219592296, 1.233648906267301 ], [ 103.721053205932449, 1.233933750245088 ], [ 103.721447327585935, 1.234234740947596 ], [ 103.721650584050167, 1.234291815788307 ], [ 103.721982386782926, 1.234384988278601 ], [ 103.722057179671367, 1.234405990750788 ], [ 103.722555335307106, 1.234568157737801 ], [ 103.722852139688257, 1.234664778803951 ], [ 103.722978590419984, 1.234705942579552 ], [ 103.723176631936056, 1.234697801624614 ], [ 103.723205869853615, 1.234696600040038 ], [ 103.723820660416891, 1.234671326929478 ], [ 103.724622145487515, 1.234694196117437 ], [ 103.724684335639822, 1.23469597032418 ], [ 103.725038154786958, 1.234706065793285 ], [ 103.725614259281841, 1.234575955938801 ], [ 103.725956595243133, 1.234498641354388 ], [ 103.725987700519866, 1.234491615712589 ], [ 103.726768046870006, 1.234247158002821 ], [ 103.727467338828944, 1.234151911390988 ], [ 103.72766609678628, 1.23404394012569 ], [ 103.72816628431265, 1.233772224998837 ], [ 103.72824467113027, 1.233729642531788 ], [ 103.728334686575764, 1.233595986573545 ], [ 103.72838541550847, 1.233520664131372 ], [ 103.72857068144549, 1.233245581208161 ], [ 103.728549632441386, 1.232930589575734 ], [ 103.728545242609698, 1.232898937574926 ], [ 103.728458617330205, 1.232274363353065 ], [ 103.728447486007269, 1.232194103342006 ] ] ], [ [ [ 103.720895705623505, 1.232873881960739 ], [ 103.720892076167686, 1.232710463318077 ], [ 103.720800123170633, 1.232480889442497 ], [ 103.720686340557791, 1.232467288400838 ], [ 103.72072426627291, 1.232508078618234 ], [ 103.72076323073145, 1.232569002724376 ], [ 103.720777257107457, 1.232621819959274 ], [ 103.720772057639266, 1.232701045599833 ], [ 103.720762702306402, 1.23278523782794 ], [ 103.720757504581201, 1.232844329623398 ], [ 103.720767113020301, 1.23291649552782 ], [ 103.72078347703966, 1.232976633684855 ], [ 103.720815167338316, 1.233031544368252 ], [ 103.720895705623505, 1.232873881960739 ] ] ], [ [ [ 103.719032670589598, 1.230433772509357 ], [ 103.719066438054625, 1.230513260280085 ], [ 103.719092932074162, 1.230591179570796 ], [ 103.719121504036707, 1.230676942495352 ], [ 103.719137090282871, 1.230706750987281 ], [ 103.719106954383022, 1.230738648397303 ], [ 103.719078896045659, 1.230787280238308 ], [ 103.719069022143472, 1.230831206555476 ], [ 103.719076293819114, 1.230895528817001 ], [ 103.719105386618608, 1.230946254914359 ], [ 103.719142271997967, 1.231024697374876 ], [ 103.71919422487538, 1.231097910550156 ], [ 103.719241502104381, 1.231165371771558 ], [ 103.719287740392986, 1.231217667676335 ], [ 103.719333459738863, 1.231260550942989 ], [ 103.71938021804138, 1.231297157971103 ], [ 103.719505427699971, 1.23140175118281 ], [ 103.719642067082518, 1.231514712051091 ], [ 103.719728829945353, 1.23159943111984 ], [ 103.719827542205309, 1.231684674324853 ], [ 103.719905993257157, 1.23173906339382 ], [ 103.719939244224761, 1.23175213829659 ], [ 103.71998080952747, 1.231757369105863 ], [ 103.720022374086469, 1.231758939955375 ], [ 103.720065497665686, 1.231758419078141 ], [ 103.720089916825401, 1.23175632832974 ], [ 103.720123165477077, 1.231824311660369 ], [ 103.720150180294354, 1.231868762281497 ], [ 103.72018291112046, 1.231922103944306 ], [ 103.720235383894888, 1.231983289994884 ], [ 103.720320587331187, 1.232080559737251 ], [ 103.720408648573368, 1.232165802468968 ], [ 103.720009390717664, 1.231625590097098 ], [ 103.71929709676148, 1.231109943014095 ], [ 103.719098130347135, 1.230540977673663 ], [ 103.719126208826495, 1.230018563369278 ], [ 103.719734623249209, 1.229738817416592 ], [ 103.719510171382439, 1.229802607021771 ], [ 103.719335597777288, 1.229852800741813 ], [ 103.719176090344689, 1.229928620237685 ], [ 103.71907633075223, 1.230027451113757 ], [ 103.719030085001776, 1.230129945156033 ], [ 103.719009298433235, 1.230240807465895 ], [ 103.719013970298562, 1.230335459253512 ], [ 103.719032670589598, 1.230433772509357 ] ] ], [ [ [ 103.722906845147023, 1.234688561331219 ], [ 103.722913859140817, 1.234685163026083 ], [ 103.722283122206932, 1.234480144501774 ], [ 103.722308058674471, 1.2345494351721 ], [ 103.72233195658481, 1.234593885644913 ], [ 103.722360271365218, 1.234622909669575 ], [ 103.722417681559975, 1.234641999577608 ], [ 103.722511201715406, 1.234656123330436 ], [ 103.722569911855061, 1.234658740307606 ], [ 103.722648884180842, 1.234669986665216 ], [ 103.722723441197815, 1.234680710113522 ], [ 103.722796179034887, 1.234683589034075 ], [ 103.72284683566906, 1.23468777473898 ], [ 103.722906845147023, 1.234688561331219 ] ] ], [ [ [ 103.727264933411021, 1.230862139175217 ], [ 103.727114265890648, 1.230752316253438 ], [ 103.726997888863409, 1.230658182697487 ], [ 103.726879432255558, 1.230574508019951 ], [ 103.726790070747242, 1.230510183368998 ], [ 103.726726686077143, 1.230475143961585 ], [ 103.726651350122893, 1.23046468196451 ], [ 103.726593159594131, 1.230457357893455 ], [ 103.726549517390282, 1.230440099971884 ], [ 103.726527177682641, 1.23041290575955 ], [ 103.726494966004196, 1.230384142982571 ], [ 103.726453402369188, 1.230359563414746 ], [ 103.72635520647485, 1.230344394179211 ], [ 103.726290780623245, 1.230349620609676 ], [ 103.726237786132415, 1.230344912160737 ], [ 103.726201938087272, 1.230317718304651 ], [ 103.726164530672179, 1.230279019070127 ], [ 103.726130761488562, 1.230237182744583 ], [ 103.726081923717771, 1.23020580477538 ], [ 103.725972297578735, 1.23019534137261 ], [ 103.725899039661428, 1.230191154818871 ], [ 103.725786816030393, 1.230177554065669 ], [ 103.725160232079574, 1.230079738829123 ], [ 103.725727583054791, 1.230241872720996 ], [ 103.726469506628405, 1.230424931472735 ], [ 103.727155308374066, 1.230822914339156 ], [ 103.727655109840654, 1.231190559985098 ], [ 103.727614066349958, 1.231145063425519 ], [ 103.727496650112485, 1.231040470880674 ], [ 103.727380272201515, 1.230945290990597 ], [ 103.727264933411021, 1.230862139175217 ] ] ], [ [ [ 103.724769854697357, 1.234727074905046 ], [ 103.724882600234835, 1.234704070716449 ], [ 103.72442175120257, 1.234690978277122 ], [ 103.724452404268433, 1.234712419288933 ], [ 103.7244950079603, 1.234726540873685 ], [ 103.724553198443417, 1.234737002235728 ], [ 103.724607751799525, 1.234745370749416 ], [ 103.724675814007583, 1.234741713590201 ], [ 103.724769854697357, 1.234727074905046 ] ] ], [ [ [ 103.725815734238012, 1.234585401180168 ], [ 103.725881199449034, 1.234566054982884 ], [ 103.725944066972446, 1.23454827774928 ], [ 103.725981995422657, 1.234523701399289 ], [ 103.725986673482069, 1.234492325596349 ], [ 103.725203689847262, 1.23467009246643 ], [ 103.725565304796632, 1.234629841355017 ], [ 103.725661423527697, 1.234620955379319 ], [ 103.725747152057224, 1.234604747248801 ], [ 103.725815734238012, 1.234585401180168 ] ] ], [ [ [ 103.727080737534664, 1.234450011231365 ], [ 103.727209585386618, 1.234519044682001 ], [ 103.727295830808274, 1.234564543969483 ], [ 103.727385193595481, 1.234600107135363 ], [ 103.72748598757552, 1.234630441725465 ], [ 103.727586780969588, 1.234652931861038 ], [ 103.727688614945208, 1.234650321419646 ], [ 103.727779018803574, 1.234625747140403 ], [ 103.727851759111289, 1.234589144115313 ], [ 103.727903196672798, 1.23454521941373 ], [ 103.727953076959125, 1.234481945787019 ], [ 103.727963991136107, 1.234394615434895 ], [ 103.727932300484341, 1.234344412036374 ], [ 103.727815922031283, 1.234259168398199 ], [ 103.72773227775032, 1.234147256377524 ], [ 103.727712537812309, 1.234064631110646 ], [ 103.727710980652716, 1.234019658849385 ], [ 103.727467301946604, 1.234152998434681 ], [ 103.726878637373218, 1.234232983845875 ], [ 103.72692279813684, 1.234294169445743 ], [ 103.726983063802905, 1.234360062001896 ], [ 103.727080737534664, 1.234450011231365 ] ] ] ] } },
{ "type": "Feature", "properties": { "OBJECTID": 0, "ISLAND": "Cyrene" }, "geometry": { "type": "MultiPolygon", "coordinates": [ [ [ [ 103.759583054534815, 1.256045193129421 ], [ 103.75957504392585, 1.255860843653237 ], [ 103.759565560679746, 1.255642609411074 ], [ 103.75956475701463, 1.255624123276324 ], [ 103.759535998506379, 1.255534912341385 ], [ 103.759517223583174, 1.255476672551802 ], [ 103.759107849229025, 1.255386221740129 ], [ 103.759003569328087, 1.255363180981573 ], [ 103.758900234675536, 1.255340349154177 ], [ 103.758716133580904, 1.25529967189616 ], [ 103.758517949482638, 1.255303619174174 ], [ 103.758351124953066, 1.255306941522026 ], [ 103.758277382659827, 1.255308410793825 ], [ 103.757811849279875, 1.255317682413904 ], [ 103.757358621788669, 1.255401757900467 ], [ 103.757299037334164, 1.255412810202561 ], [ 103.757254687515498, 1.255421037715261 ], [ 103.757167000909575, 1.255455057331735 ], [ 103.756973258861223, 1.255530224215009 ], [ 103.756867757816309, 1.255571156257995 ], [ 103.756657788138583, 1.255652618823197 ], [ 103.756605567749943, 1.255672878659118 ], [ 103.756595969556713, 1.255676602547799 ], [ 103.756523488011638, 1.255704723422247 ], [ 103.756065652718064, 1.255882351408207 ], [ 103.75565771239512, 1.256069539028293 ], [ 103.755118343290022, 1.256317035581821 ], [ 103.75478013063875, 1.256649657779415 ], [ 103.754692972550032, 1.256735375305942 ], [ 103.754675169468754, 1.256752884162752 ], [ 103.754409480040081, 1.257014182197733 ], [ 103.754346665600792, 1.257075959216621 ], [ 103.754329388316407, 1.257088080788927 ], [ 103.754277941939449, 1.257124176920687 ], [ 103.75419266521989, 1.257184009772176 ], [ 103.754136291200538, 1.257223563135015 ], [ 103.754032060496471, 1.257296693173795 ], [ 103.754015508337716, 1.257308307417638 ], [ 103.753920804935532, 1.257374753586727 ], [ 103.753737757144535, 1.257503184879919 ], [ 103.753413476389937, 1.25773001568139 ], [ 103.753132189419631, 1.257894690816342 ], [ 103.752697685999649, 1.258149062329551 ], [ 103.7525816940217, 1.258204204134909 ], [ 103.752486258001539, 1.258249573112032 ], [ 103.752105180608467, 1.258430732476545 ], [ 103.752085894284491, 1.258439900316172 ], [ 103.751536123002737, 1.258687610075735 ], [ 103.75081494641347, 1.258988338032555 ], [ 103.750767616633539, 1.259008075176587 ], [ 103.750710233070834, 1.259032003726924 ], [ 103.75069836962588, 1.259036950220444 ], [ 103.750518182061882, 1.259207418012088 ], [ 103.750495870898746, 1.259228526062109 ], [ 103.750398607522072, 1.259320542000979 ], [ 103.749956846703853, 1.259558910967609 ], [ 103.749753314042877, 1.259710758899422 ], [ 103.749710449693552, 1.259794505250378 ], [ 103.749551984926256, 1.260104107373328 ], [ 103.749525735988215, 1.260362634379034 ], [ 103.749538535894715, 1.260380012149873 ], [ 103.749578180025523, 1.260433840280703 ], [ 103.749862862542528, 1.260820371988759 ], [ 103.749893566695064, 1.260862060547485 ], [ 103.749896422999811, 1.260865939457297 ], [ 103.749909823103465, 1.260884133886727 ], [ 103.749524549902588, 1.260363438320318 ], [ 103.749550430503504, 1.26010302932099 ], [ 103.749751925837316, 1.259710026319674 ], [ 103.749956534962621, 1.259557379869114 ], [ 103.750396382778121, 1.259320031868362 ], [ 103.750696161069968, 1.25903598519346 ], [ 103.751536448308045, 1.25868640456856 ], [ 103.752090197434654, 1.258436937753987 ], [ 103.752697923238358, 1.258148186008028 ], [ 103.753121860682043, 1.257899313606705 ], [ 103.753410929044094, 1.257730505768288 ], [ 103.754346240595424, 1.257075993569517 ], [ 103.754651817817475, 1.256775483517585 ], [ 103.754641558326696, 1.256778327432116 ], [ 103.754622524604827, 1.256784312841917 ], [ 103.754294203960512, 1.256870507768199 ], [ 103.754232344788505, 1.256927975517931 ], [ 103.754013460285705, 1.257109955860716 ], [ 103.753875469616958, 1.257167421272568 ], [ 103.753675620330995, 1.257263198168626 ], [ 103.753456738820091, 1.257344606827979 ], [ 103.753204548544801, 1.257464327829227 ], [ 103.753009456195386, 1.257584050573201 ], [ 103.752895256450543, 1.257651094787679 ], [ 103.752500318844213, 1.257761232259582 ], [ 103.75240515143544, 1.257837856069743 ], [ 103.752219575065837, 1.25799589153126 ], [ 103.752086343076641, 1.258048568382483 ], [ 103.751724714165562, 1.258120394289465 ], [ 103.751472524939672, 1.258201801723565 ], [ 103.751058552901057, 1.25833588411915 ], [ 103.750763539565781, 1.258422079634308 ], [ 103.750630301804208, 1.258628008146877 ], [ 103.750473275916562, 1.258762099533324 ], [ 103.75021632267547, 1.259011126056641 ], [ 103.74998792079522, 1.259212262867098 ], [ 103.749683380178936, 1.259609751830173 ], [ 103.749493045370087, 1.259753420193066 ], [ 103.749064791565843, 1.260117381189613 ], [ 103.749060029538995, 1.260251476525998 ], [ 103.749079056511249, 1.260428675534121 ], [ 103.749121877386628, 1.260524459938453 ], [ 103.749202763118873, 1.26066334757319 ], [ 103.749321717555674, 1.260725609671852 ], [ 103.749588174841747, 1.260869292827406 ], [ 103.749751738733309, 1.260900428138472 ], [ 103.749927116371509, 1.260907613545515 ], [ 103.749948274950825, 1.260936342258125 ], [ 103.750256450753909, 1.26114660417084 ], [ 103.750271400291425, 1.261153339450591 ], [ 103.750380145195635, 1.261202334153946 ], [ 103.750830322387046, 1.261405161254248 ], [ 103.750839154817882, 1.261409140738228 ], [ 103.750865657629305, 1.26141702673445 ], [ 103.751085701235283, 1.261482505184388 ], [ 103.751477960138018, 1.261599229442198 ], [ 103.751647776375265, 1.261649761637924 ], [ 103.751682624858148, 1.261654036763693 ], [ 103.75177082429876, 1.261664857551642 ], [ 103.751890354489532, 1.261679522871453 ], [ 103.752147575910982, 1.261711081514042 ], [ 103.752231910790258, 1.26172142827832 ], [ 103.752443587665908, 1.261747399205317 ], [ 103.752632326494776, 1.261726661702931 ], [ 103.752685157881572, 1.261711330761381 ], [ 103.752758794933712, 1.261689962931993 ], [ 103.752809582143442, 1.261675225186994 ], [ 103.753202291201632, 1.261561268509483 ], [ 103.75322534770514, 1.261554577833331 ], [ 103.75362961643053, 1.261437265351047 ], [ 103.753695406692614, 1.261353743918226 ], [ 103.753804788149466, 1.261214882161349 ], [ 103.753886480308594, 1.261111171280862 ], [ 103.75394334600513, 1.261038979441114 ], [ 103.754084475535024, 1.260859811131672 ], [ 103.754198465405082, 1.260754278030476 ], [ 103.754240931142363, 1.260714962094789 ], [ 103.754402045742637, 1.260565800276343 ], [ 103.754472124082525, 1.260500920610722 ], [ 103.754760814381541, 1.26036214475359 ], [ 103.754801753811549, 1.260342465221813 ], [ 103.754893534616627, 1.260298345883012 ], [ 103.755011336230723, 1.260275200439213 ], [ 103.755067032859102, 1.260264258412433 ], [ 103.755539195336297, 1.260171492110335 ], [ 103.755600572613588, 1.26015569199777 ], [ 103.755619063610013, 1.260150931075229 ], [ 103.755721329718185, 1.260124605387103 ], [ 103.75582818734928, 1.260097097828224 ], [ 103.756047283045717, 1.260040696467023 ], [ 103.75633719064237, 1.259966067018839 ], [ 103.756411950704816, 1.259763577559968 ], [ 103.756339561773416, 1.259969143736583 ], [ 103.755540170171557, 1.260173856147783 ], [ 103.754894234428235, 1.260303143556455 ], [ 103.754474907700867, 1.260501880225992 ], [ 103.754079961961409, 1.260868236954734 ], [ 103.753633264402438, 1.261439328318217 ], [ 103.75263223836545, 1.261729041082316 ], [ 103.752443097043638, 1.261748191412978 ], [ 103.751647283037471, 1.261651185995879 ], [ 103.750833629709987, 1.261410506151792 ], [ 103.75025595654688, 1.261147084372324 ], [ 103.750116483361481, 1.261052195814012 ], [ 103.749906232564854, 1.260912704442073 ], [ 103.749938349163955, 1.260955808375753 ], [ 103.750023993989274, 1.261081525886947 ], [ 103.750213129533506, 1.261243165353602 ], [ 103.750470072064459, 1.261340153990169 ], [ 103.750680619868376, 1.2614946107472 ], [ 103.751069597009618, 1.261792746789317 ], [ 103.751174869649006, 1.261911281527252 ], [ 103.751331887116606, 1.262051368901072 ], [ 103.751670907656802, 1.262213013021518 ], [ 103.75190643902134, 1.262288449849988 ], [ 103.752116991559447, 1.262295639840533 ], [ 103.75245601795632, 1.26227050734118 ], [ 103.752784339554282, 1.262177129334139 ], [ 103.753023445097909, 1.262083748513108 ], [ 103.753405300054581, 1.261907759322863 ], [ 103.75402625986257, 1.261627613654172 ], [ 103.7541511654657, 1.261570147850331 ], [ 103.754329606481321, 1.261361825777906 ], [ 103.754499122033053, 1.261254075050452 ], [ 103.754566929796354, 1.261189424118556 ], [ 103.754831018687526, 1.260981104613705 ], [ 103.755098674356177, 1.260844621550854 ], [ 103.7552699737913, 1.260754830591644 ], [ 103.755419862408218, 1.260625528206377 ], [ 103.755719638747436, 1.26039565867622 ], [ 103.756001570854622, 1.260205298440228 ], [ 103.756187145276073, 1.260111915706905 ], [ 103.756297776657348, 1.260025714095703 ], [ 103.756447665499223, 1.259885636144187 ], [ 103.756590415303123, 1.259813804012282 ], [ 103.75667071202362, 1.259767112254859 ], [ 103.756770638076873, 1.259688093669836 ], [ 103.756852720946895, 1.259583932322295 ], [ 103.756920527502473, 1.259526464687043 ], [ 103.757020451177951, 1.259497733267066 ], [ 103.757131082570822, 1.25944026688738 ], [ 103.757231007908047, 1.259354064917191 ], [ 103.757377327181729, 1.259231945666958 ], [ 103.757527215818072, 1.259095459780752 ], [ 103.75765212409722, 1.258969748655844 ], [ 103.757951899955373, 1.258743470071273 ], [ 103.758130337934404, 1.258592617340553 ], [ 103.758319483081863, 1.258430989405178 ], [ 103.75848900103, 1.258258585386923 ], [ 103.758549669494116, 1.258204708728816 ], [ 103.758678146560328, 1.258050263283244 ], [ 103.758810192774689, 1.25788863275817 ], [ 103.758924393650034, 1.257777288892083 ], [ 103.759202757813867, 1.257533050664577 ], [ 103.759390119148847, 1.257342687317511 ], [ 103.75971487910914, 1.256990694433282 ], [ 103.759900457092954, 1.256757228988016 ], [ 103.760021797493977, 1.256552496987166 ], [ 103.76016812137874, 1.256286703905468 ], [ 103.760253776954244, 1.25600654146993 ], [ 103.76027876374134, 1.255794622468908 ], [ 103.760239512302007, 1.255668906577172 ], [ 103.760046809519139, 1.255435430441339 ], [ 103.759846968950583, 1.255263014964587 ], [ 103.759677458728305, 1.255169621883312 ], [ 103.759399105864233, 1.255022348190653 ], [ 103.759110046052143, 1.254910991899018 ], [ 103.758892358155151, 1.254864291533466 ], [ 103.758489099064789, 1.254813994582986 ], [ 103.7583320768113, 1.254810397922118 ], [ 103.758000189301455, 1.254835531462527 ], [ 103.757646886785992, 1.254936092843476 ], [ 103.757161541905376, 1.255097712082437 ], [ 103.756943849972984, 1.255191093969201 ], [ 103.756758274888469, 1.255320395420501 ], [ 103.756669055606267, 1.255377862428156 ], [ 103.756576269414907, 1.255395819459487 ], [ 103.756387130336506, 1.25538503836456 ], [ 103.756262225021146, 1.255413769029375 ], [ 103.756173007045575, 1.255456869287953 ], [ 103.755891073789286, 1.255704698314877 ], [ 103.755277245147468, 1.256236275208519 ], [ 103.756064893518314, 1.255880405193679 ], [ 103.757258630373613, 1.255417091184833 ], [ 103.757807615479877, 1.255315338178516 ], [ 103.758714060773372, 1.255296207216829 ], [ 103.759519387365074, 1.25547223127989 ], [ 103.759568155346756, 1.255620696736244 ], [ 103.759585987351869, 1.256044535739824 ], [ 103.75952649918068, 1.256402523063299 ], [ 103.75930225788467, 1.256717402780164 ], [ 103.759146421821939, 1.256832337612882 ], [ 103.759138990867498, 1.256836502902632 ], [ 103.759295891748252, 1.256719424757267 ], [ 103.759405398015019, 1.256566180626023 ], [ 103.759522535776298, 1.256402255258772 ], [ 103.759560481548675, 1.256178378227449 ], [ 103.759583054534815, 1.256045193129421 ] ] ] ] } },
{ "type": "Feature", "properties": { "OBJECTID": 0, "ISLAND": "Pulau Jong" }, "geometry": { "type": "MultiPolygon", "coordinates": [ [ [ [ 103.789376318050714, 1.214294696487456 ], [ 103.789287511038467, 1.214377439015923 ], [ 103.789224585065639, 1.214447582351382 ], [ 103.789177898734167, 1.214470055057691 ], [ 103.789089261297107, 1.214567098307564 ], [ 103.789004007918848, 1.214593316255378 ], [ 103.78893939133863, 1.214638262134633 ], [ 103.788881201537734, 1.214701595670294 ], [ 103.788824027781033, 1.214720663261818 ], [ 103.788790196281269, 1.214756756817152 ], [ 103.788752305895372, 1.214755734255751 ], [ 103.788718136535635, 1.214792848832744 ], [ 103.788656564206491, 1.214832346859874 ], [ 103.788609538658889, 1.214883081864467 ], [ 103.78853714085821, 1.214931773484114 ], [ 103.788485379387822, 1.214972973685901 ], [ 103.788457976322306, 1.214981145975531 ], [ 103.788440722423104, 1.215017579844444 ], [ 103.788404184889117, 1.215035285797778 ], [ 103.78837982656033, 1.215063546799803 ], [ 103.788300662220792, 1.215100661521555 ], [ 103.788163307953994, 1.215261038418079 ], [ 103.788083466666521, 1.21531960375765 ], [ 103.788019188128828, 1.21535058893484 ], [ 103.787995167243352, 1.215402346248592 ], [ 103.787911605848407, 1.215421753415153 ], [ 103.787893675043563, 1.215476915765553 ], [ 103.787872360626622, 1.215520159430754 ], [ 103.787755982427129, 1.21561141422603 ], [ 103.787682229991177, 1.215692113087702 ], [ 103.787580737320695, 1.215740123197687 ], [ 103.78751984147911, 1.215783026143172 ], [ 103.787443384652178, 1.215801412387641 ], [ 103.787340877145837, 1.215873257012926 ], [ 103.7873029864285, 1.215890962927247 ], [ 103.787248856508469, 1.215927737100087 ], [ 103.787105752851303, 1.215963828753036 ], [ 103.787015424744638, 1.215981192813345 ], [ 103.786877056944391, 1.216029883245657 ], [ 103.786760342570489, 1.215968248741056 ], [ 103.78673158592818, 1.215999575448225 ], [ 103.786683546806401, 1.215997531652481 ], [ 103.786640243686392, 1.215999913901045 ], [ 103.786622990716182, 1.21598050502158 ], [ 103.786568861711487, 1.215963478501391 ], [ 103.786533340103816, 1.215944750289749 ], [ 103.786505260563985, 1.215945770827902 ], [ 103.786436246498724, 1.215943045674625 ], [ 103.786339153765326, 1.215890946216188 ], [ 103.786243751452716, 1.215872897938066 ], [ 103.786176091127913, 1.215837143580496 ], [ 103.786049226385359, 1.215819093837986 ], [ 103.786031973408754, 1.215800365941797 ], [ 103.785958900102557, 1.215783339075495 ], [ 103.785923378834326, 1.215745542318355 ], [ 103.785852334884837, 1.215699572185164 ], [ 103.785854704413495, 1.215639983612165 ], [ 103.785851999094874, 1.215582096964404 ], [ 103.785816139018834, 1.215548386121375 ], [ 103.78579922514372, 1.215457810946203 ], [ 103.785768102509763, 1.215397540792884 ], [ 103.785801595244621, 1.21536553319306 ], [ 103.785855723613096, 1.215366556083693 ], [ 103.785855042295978, 1.215328969754584 ], [ 103.785856556522432, 1.215367401679772 ], [ 103.78584014422232, 1.215368045297324 ], [ 103.78583548092233, 1.215368227896553 ], [ 103.785801472124518, 1.215366873459922 ], [ 103.785768496058296, 1.215397619479621 ], [ 103.785800039203011, 1.215457583060622 ], [ 103.785804904217116, 1.215483259880073 ], [ 103.785817236107363, 1.215548344540011 ], [ 103.785852921879197, 1.215581606814868 ], [ 103.78585514022744, 1.215638050991704 ], [ 103.785854442668636, 1.21565582808369 ], [ 103.785852763493367, 1.21569862984434 ], [ 103.785872562065904, 1.215711495692208 ], [ 103.785925306146936, 1.215745769348047 ], [ 103.785958719522583, 1.21578209285724 ], [ 103.786032676956481, 1.215799805247861 ], [ 103.786049873326789, 1.215818520481926 ], [ 103.786175838667759, 1.215835828629225 ], [ 103.786243644545621, 1.215871957396502 ], [ 103.786339971423217, 1.215890461490825 ], [ 103.786437101900617, 1.215942192873306 ], [ 103.786506549948157, 1.215944971391669 ], [ 103.786533690540026, 1.215943880296647 ], [ 103.786568833872366, 1.215962613927888 ], [ 103.786623218949273, 1.215979921710071 ], [ 103.786633593919362, 1.215991201132064 ], [ 103.78664044946818, 1.215998655028428 ], [ 103.786676332626868, 1.215997224947245 ], [ 103.7866855019887, 1.21599685974322 ], [ 103.786730555346139, 1.21599865478666 ], [ 103.786759791803533, 1.215966887662042 ], [ 103.786820652227874, 1.215999306588943 ], [ 103.786876687666762, 1.216029155225372 ], [ 103.787011875602104, 1.215981452304838 ], [ 103.787016213663335, 1.215979921289654 ], [ 103.787028860317079, 1.215977494192084 ], [ 103.787106389021275, 1.215962614201672 ], [ 103.787177270568733, 1.215943898682278 ], [ 103.787249550182224, 1.215926590377059 ], [ 103.787302536290639, 1.215889863211566 ], [ 103.787339026214866, 1.215872555193892 ], [ 103.787443147460735, 1.215800420295073 ], [ 103.787517978864557, 1.215782496153409 ], [ 103.787580262018793, 1.215739349957422 ], [ 103.787681358444203, 1.215691312709754 ], [ 103.787753289545464, 1.215613180405347 ], [ 103.787870621995722, 1.215520324900102 ], [ 103.787893777484697, 1.215476298085909 ], [ 103.787906334012661, 1.21543632807396 ], [ 103.787910973296533, 1.215421558965943 ], [ 103.787932429939815, 1.215416416204673 ], [ 103.787993895854555, 1.215401683327487 ], [ 103.788018344440445, 1.215349512726127 ], [ 103.788082253677445, 1.215319170546324 ], [ 103.788162205489797, 1.215260157547922 ], [ 103.788300631694071, 1.215099283268612 ], [ 103.788377629703234, 1.215062714747108 ], [ 103.788403440928462, 1.21503465996467 ], [ 103.788439091634856, 1.21501650724015 ], [ 103.788457127233585, 1.214980625047041 ], [ 103.788484319155899, 1.214971969822915 ], [ 103.78855520036366, 1.214917232498677 ], [ 103.78860958540092, 1.214881911616784 ], [ 103.788656035894363, 1.214831429824861 ], [ 103.788716956800954, 1.214791854011515 ], [ 103.788751453226439, 1.214754370459002 ], [ 103.788789777587027, 1.214755900376444 ], [ 103.788823628865615, 1.214719104129724 ], [ 103.788879866350115, 1.21470119682316 ], [ 103.788938706685855, 1.214637277269683 ], [ 103.788955713082032, 1.214625493673219 ], [ 103.789002580182469, 1.214593021408775 ], [ 103.789006415066694, 1.21459180057916 ], [ 103.789087862328486, 1.214565863826111 ], [ 103.789176866354168, 1.214469173284717 ], [ 103.789222688302416, 1.214447396925391 ], [ 103.789288221784361, 1.214376195525515 ], [ 103.789375758277757, 1.214294561727901 ], [ 103.789411566249328, 1.214218205861204 ], [ 103.78947257404154, 1.214138137986567 ], [ 103.789641878432917, 1.213868843416902 ], [ 103.789717619812819, 1.213748371454173 ], [ 103.789719087690131, 1.21371080053266 ], [ 103.789717671308651, 1.213674776933081 ], [ 103.789719104123805, 1.213638454034872 ], [ 103.78968345392299, 1.213570664053999 ], [ 103.789660561306917, 1.213473921030039 ], [ 103.789629611592986, 1.213440272717626 ], [ 103.789592440576683, 1.213405638545656 ], [ 103.789518011244866, 1.213289600051259 ], [ 103.789467855985379, 1.213242847173134 ], [ 103.789447338752368, 1.213220543385243 ], [ 103.789280060786581, 1.213141092172206 ], [ 103.789109951884669, 1.213044719326463 ], [ 103.789062120281571, 1.212992741057564 ], [ 103.789003279566757, 1.212971967725405 ], [ 103.788895209159463, 1.212954660010487 ], [ 103.788656245336099, 1.212909929769068 ], [ 103.788591637779831, 1.212954677585962 ], [ 103.788542565415327, 1.212952725149119 ], [ 103.788440523050667, 1.212995937630849 ], [ 103.78840799298608, 1.213009713281562 ], [ 103.788403335950235, 1.213011685624098 ], [ 103.788399565684259, 1.213017564838796 ], [ 103.78835905239616, 1.2130807422049 ], [ 103.788303392546865, 1.213107167726694 ], [ 103.788258391864346, 1.213128533503118 ], [ 103.788247602825919, 1.213162862118001 ], [ 103.788233785631888, 1.213206823979341 ], [ 103.788166066755807, 1.213290572479119 ], [ 103.788159130076906, 1.213299152074484 ], [ 103.788151301037928, 1.213315839288161 ], [ 103.788125296191993, 1.213371268293675 ], [ 103.788089925595997, 1.213404248990218 ], [ 103.788060548500098, 1.213466920998469 ], [ 103.787887165056688, 1.213662407445192 ], [ 103.787875882188658, 1.213675128054112 ], [ 103.787837068718375, 1.213693561975862 ], [ 103.787754740763461, 1.213782969733576 ], [ 103.787624650120492, 1.213890565267614 ], [ 103.787574459936266, 1.213945111195065 ], [ 103.787464292351572, 1.214035362241451 ], [ 103.787359542593052, 1.214085105053836 ], [ 103.787339026415026, 1.214107409059313 ], [ 103.787302536514915, 1.214124717078124 ], [ 103.787282631883741, 1.214167195670402 ], [ 103.787142179613809, 1.214269514935693 ], [ 103.787087793978756, 1.214286822643643 ], [ 103.787070598771038, 1.214305537278975 ], [ 103.787015881435025, 1.214331517841052 ], [ 103.786945663613565, 1.214368913030597 ], [ 103.786890947173688, 1.214394892685656 ], [ 103.786855855333044, 1.214413607914372 ], [ 103.786783576656532, 1.214430916210656 ], [ 103.786748484814737, 1.214449631437917 ], [ 103.786711995805021, 1.214466939448371 ], [ 103.786644695482138, 1.214502804494603 ], [ 103.786568834406054, 1.214520974582609 ], [ 103.786551637985113, 1.214557701453951 ], [ 103.786479358404605, 1.214575009741773 ], [ 103.786382489455846, 1.214626617452661 ], [ 103.786291126097225, 1.214655728270369 ], [ 103.786265314854688, 1.214683783936246 ], [ 103.78617035086404, 1.214728882956973 ], [ 103.78610355862935, 1.214791150032306 ], [ 103.786090701957704, 1.214832076848111 ], [ 103.786086362786023, 1.214845889139716 ], [ 103.786036480884192, 1.214892405183996 ], [ 103.786017403291368, 1.214910196422158 ], [ 103.786006428414453, 1.21493360029273 ], [ 103.785980773942498, 1.214988311214828 ], [ 103.785944931571464, 1.215021731394022 ], [ 103.78590671157562, 1.215115360540378 ], [ 103.785889515726097, 1.215170099646158 ], [ 103.785854652159614, 1.215236394416289 ], [ 103.785853983366422, 1.215253431738198 ], [ 103.785853770323428, 1.215258858829286 ], [ 103.785853358301395, 1.215236141171188 ], [ 103.785889557974443, 1.215169061435787 ], [ 103.785905797786882, 1.215115261948455 ], [ 103.78594402766069, 1.215021962895538 ], [ 103.785838812078353, 1.215193406950701 ], [ 103.785803626441123, 1.215282619229884 ], [ 103.785773853496124, 1.215369789548014 ], [ 103.785669652779049, 1.215565920066606 ], [ 103.785673709145129, 1.215744345941731 ], [ 103.785754900726857, 1.215853309808836 ], [ 103.78603366323118, 1.215920054167869 ], [ 103.786290774375956, 1.21597726430215 ], [ 103.786485637360698, 1.216027662552289 ], [ 103.786729216665421, 1.216097131077622 ], [ 103.786848299338644, 1.216117563655757 ], [ 103.786964677093422, 1.216108030949079 ], [ 103.787228556378139, 1.216031251284153 ], [ 103.787476198486914, 1.215905948510269 ], [ 103.787694069627307, 1.215752042851227 ], [ 103.787857812168511, 1.215609032047344 ], [ 103.788151465853574, 1.215348889149836 ], [ 103.788367984738215, 1.215135053846609 ], [ 103.788618334119306, 1.214944373548077 ], [ 103.788867329455115, 1.214805450018097 ], [ 103.789085200386154, 1.214654268186366 ], [ 103.789159627877893, 1.214607960491057 ], [ 103.78924894256842, 1.21452487793443 ], [ 103.789480347995308, 1.214249751240731 ], [ 103.789625145898157, 1.214004588351762 ], [ 103.789762162544207, 1.21382105690732 ], [ 103.789792949642745, 1.213741718357006 ], [ 103.789782125839523, 1.213647397419344 ], [ 103.789719877743991, 1.213638543579591 ], [ 103.789718861843596, 1.213674637680171 ], [ 103.789719876598554, 1.213710049922409 ], [ 103.789719199421981, 1.213747165961072 ], [ 103.789573724285816, 1.213978368160758 ], [ 103.789474936245199, 1.214137723825897 ], [ 103.789412179926359, 1.21421876386452 ], [ 103.789376318050714, 1.214294696487456 ] ] ] ] } },
{ "type": "Feature", "properties": { "OBJECTID": 0, "ISLAND": "Pulau Sebarok" }, "geometry": { "type": "MultiPolygon", "coordinates": [ [ [ [ 103.795655000440206, 1.209031473135324 ], [ 103.795642221606741, 1.209043829299059 ], [ 103.795659825659797, 1.209082106803606 ], [ 103.795675583322776, 1.209116368900616 ], [ 103.795723519591249, 1.209141223334811 ], [ 103.795864625380375, 1.209040476297664 ], [ 103.795938418343425, 1.208987789906968 ], [ 103.795905004135932, 1.208942420152618 ], [ 103.79587431776649, 1.208900756524507 ], [ 103.795872517144417, 1.20890079357847 ], [ 103.795787218514917, 1.208902550478887 ], [ 103.795731698292045, 1.208848867489488 ], [ 103.795749243836624, 1.208829447394789 ], [ 103.795890154240126, 1.208822832113328 ], [ 103.795937318154131, 1.208820617072548 ], [ 103.795955213851869, 1.208820617320503 ], [ 103.795955214098143, 1.208802606886718 ], [ 103.795988533682205, 1.208802606443694 ], [ 103.795991003696429, 1.208802606477877 ], [ 103.795991003664952, 1.208804910800508 ], [ 103.795991003450368, 1.208820617816033 ], [ 103.796007834409409, 1.20882061714454 ], [ 103.796008899148163, 1.208820617159268 ], [ 103.796010609882913, 1.208823207284982 ], [ 103.796025553654474, 1.208845823857628 ], [ 103.796032579162173, 1.20884370864446 ], [ 103.796082926687006, 1.208828550369778 ], [ 103.79610499808021, 1.208740391341713 ], [ 103.796016046355348, 1.208723365437379 ], [ 103.795998186683903, 1.208651336116184 ], [ 103.795938471672898, 1.208636190789049 ], [ 103.795925382309377, 1.208688450257552 ], [ 103.795944465117515, 1.208741376689084 ], [ 103.79595521393847, 1.208748571063503 ], [ 103.795955213692196, 1.208766582401658 ], [ 103.795950144275167, 1.208766782196149 ], [ 103.795919220112381, 1.208768002660638 ], [ 103.795803683766962, 1.20877255905707 ], [ 103.79564167986139, 1.208778947948211 ], [ 103.795620626253822, 1.208817583945784 ], [ 103.795582982966195, 1.20888666607118 ], [ 103.795572187948466, 1.208906476040654 ], [ 103.795381814990336, 1.209255836894475 ], [ 103.795187467924023, 1.209407213135864 ], [ 103.795114138692853, 1.209451028593072 ], [ 103.795096243889674, 1.20945102833942 ], [ 103.795080882190504, 1.209437221177623 ], [ 103.794913587326647, 1.209221326019412 ], [ 103.794908749196338, 1.209195244961684 ], [ 103.79489939637638, 1.209144829180039 ], [ 103.794962693862104, 1.209153166519808 ], [ 103.795042558521175, 1.209198864325317 ], [ 103.795060454221229, 1.209198864579286 ], [ 103.795107550493029, 1.20927949483355 ], [ 103.795132034469049, 1.20925289960773 ], [ 103.795217193558173, 1.209206902988056 ], [ 103.79525385773772, 1.209119288602178 ], [ 103.795338825054785, 1.20910080186175 ], [ 103.79536998747821, 1.209088735355143 ], [ 103.795390518628963, 1.209080785369207 ], [ 103.795446196157002, 1.209064778887061 ], [ 103.795457676490216, 1.208998320864586 ], [ 103.795462099329797, 1.208972715633761 ], [ 103.795470152798472, 1.208966233256779 ], [ 103.79548198635662, 1.208956708648166 ], [ 103.795513769827892, 1.208866903817139 ], [ 103.795551714646095, 1.208759687327974 ], [ 103.795703526978102, 1.208668520389406 ], [ 103.795750414795307, 1.208684527403184 ], [ 103.795823900791746, 1.208738562440024 ], [ 103.795839890960906, 1.208722556301838 ], [ 103.795856737369945, 1.208644177009081 ], [ 103.795896814217244, 1.208611863690851 ], [ 103.795924998205848, 1.208589139191828 ], [ 103.795940828475409, 1.208504705158968 ], [ 103.795947261403541, 1.208470391822001 ], [ 103.795952742041379, 1.208426256160889 ], [ 103.795955213225866, 1.208406347498612 ], [ 103.795973108022409, 1.208406347746351 ], [ 103.796032631363119, 1.208376304651744 ], [ 103.796044689742445, 1.20835231291273 ], [ 103.796058687009761, 1.208335954043108 ], [ 103.796288564110952, 1.208233248446252 ], [ 103.796304796638566, 1.20823456452039 ], [ 103.796345202747787, 1.208237838876502 ], [ 103.796340116225849, 1.208174132605498 ], [ 103.796339295123474, 1.208163858100642 ], [ 103.796331011858328, 1.208154183087676 ], [ 103.796337023973962, 1.208142222939636 ], [ 103.796360791616692, 1.208130121049445 ], [ 103.796372814050542, 1.208106198944448 ], [ 103.796432371524958, 1.208076086204946 ], [ 103.796450406971388, 1.208040203046902 ], [ 103.796486057534807, 1.20802205020993 ], [ 103.796492069649474, 1.208010090061503 ], [ 103.796496030307637, 1.208009285230468 ], [ 103.796531704085069, 1.208002033611959 ], [ 103.796537581418974, 1.207990333918772 ], [ 103.796545754516117, 1.207974066307947 ], [ 103.796552954178722, 1.20791658404614 ], [ 103.796567140904372, 1.207909357456584 ], [ 103.796593428891541, 1.20789596778242 ], [ 103.796599440106917, 1.20788400763369 ], [ 103.796735163140042, 1.207892562963117 ], [ 103.796746498775818, 1.207893277565274 ], [ 103.796656631502145, 1.20800927113816 ], [ 103.796650818917968, 1.20801677367334 ], [ 103.796591000013009, 1.208044406644706 ], [ 103.796608868079417, 1.208094384824801 ], [ 103.79661368303239, 1.20810785269764 ], [ 103.796644668245179, 1.208109717015657 ], [ 103.796665987307946, 1.208040220452962 ], [ 103.796747809873139, 1.207948033281828 ], [ 103.796847317255782, 1.207902072072744 ], [ 103.796908866324202, 1.207767089153958 ], [ 103.797054265033069, 1.207603313275431 ], [ 103.797116216467771, 1.207547588928114 ], [ 103.797163645396253, 1.207479253011266 ], [ 103.797198423080147, 1.207424197528166 ], [ 103.797252518200665, 1.207346269096365 ], [ 103.797258032481182, 1.207338325225518 ], [ 103.79729457410933, 1.207270623120692 ], [ 103.797251164884543, 1.207221724415776 ], [ 103.797217519084015, 1.207295500275849 ], [ 103.797186574290677, 1.207363355292165 ], [ 103.797163645687988, 1.207389194509609 ], [ 103.797160576330228, 1.207391952782564 ], [ 103.797144737150219, 1.207406185470946 ], [ 103.797112756789247, 1.207442209528242 ], [ 103.797068559705139, 1.207383038124887 ], [ 103.797092222031623, 1.207316707772187 ], [ 103.797083213986113, 1.207282865398808 ], [ 103.797072964257325, 1.207244361910165 ], [ 103.797110012460621, 1.20719097682121 ], [ 103.797108212240772, 1.207160705882934 ], [ 103.797129323717684, 1.207091930091832 ], [ 103.797234212123712, 1.206919868768134 ], [ 103.797324702362019, 1.206776794867956 ], [ 103.797445704263666, 1.206567602320145 ], [ 103.79746584383112, 1.206544909349656 ], [ 103.797484745229127, 1.206523609989462 ], [ 103.797513108921763, 1.206498122638936 ], [ 103.797538431187448, 1.206469575780097 ], [ 103.797593130417937, 1.206434571237079 ], [ 103.797695500732317, 1.206362588729914 ], [ 103.797698718336562, 1.206360326050405 ], [ 103.797788719611162, 1.206365726295752 ], [ 103.797794242183073, 1.206272466412236 ], [ 103.797735278850141, 1.206289457755832 ], [ 103.797671910546129, 1.206341789826261 ], [ 103.797560800138186, 1.20643355158984 ], [ 103.797538431880284, 1.206416560983397 ], [ 103.797531356984265, 1.206348207153578 ], [ 103.797529989620244, 1.206334997071896 ], [ 103.797552682632954, 1.20632195190321 ], [ 103.797575549958253, 1.206308806352071 ], [ 103.797591802516379, 1.206289141144043 ], [ 103.797611340892843, 1.206272782338757 ], [ 103.797631699114874, 1.206225572931503 ], [ 103.797682921196539, 1.206182723876088 ], [ 103.797707911029931, 1.206152469569432 ], [ 103.797842649839893, 1.206043221302269 ], [ 103.797860230023787, 1.205982941065183 ], [ 103.79788779016404, 1.205909082818415 ], [ 103.797933527527093, 1.205880687251916 ], [ 103.797969243696073, 1.2058585126824 ], [ 103.797985496945657, 1.20578481255053 ], [ 103.798010885195865, 1.205724867933742 ], [ 103.798038098379749, 1.205660611326789 ], [ 103.798050729957183, 1.205638406610737 ], [ 103.798058720611365, 1.20562436011333 ], [ 103.798062094675288, 1.205612798751522 ], [ 103.798074972726781, 1.205568671319677 ], [ 103.798094510428228, 1.205534301171552 ], [ 103.798112808285481, 1.205491856833856 ], [ 103.798160411097854, 1.205452051814996 ], [ 103.79818921190099, 1.205321308099643 ], [ 103.798265562536542, 1.205287975089931 ], [ 103.798307610577638, 1.205190423559447 ], [ 103.798323979148464, 1.205161628780398 ], [ 103.798327147374877, 1.205156053409369 ], [ 103.7983434001505, 1.205118376857162 ], [ 103.798359618427071, 1.205108543902981 ], [ 103.798370382690337, 1.205102018142112 ], [ 103.798400677369358, 1.205138733050982 ], [ 103.798406855446174, 1.205146221275319 ], [ 103.798423981205829, 1.205208100882557 ], [ 103.798436823735017, 1.205201094025916 ], [ 103.798485460556989, 1.205174557861853 ], [ 103.798496330681004, 1.205110197037059 ], [ 103.798540073126205, 1.20509760340865 ], [ 103.798514593255916, 1.205015196411177 ], [ 103.798464105930265, 1.205078659595655 ], [ 103.798448294160153, 1.205058759738028 ], [ 103.798387823441047, 1.204982655714357 ], [ 103.798436179051393, 1.204954054881431 ], [ 103.798504386822145, 1.204962585733313 ], [ 103.798526720925196, 1.204909254694861 ], [ 103.798604193257503, 1.204846808361908 ], [ 103.798610168426222, 1.204841991788987 ], [ 103.798621597770676, 1.204749962818749 ], [ 103.798657387317022, 1.204749962372984 ], [ 103.798736885089909, 1.204814041288714 ], [ 103.798800549079388, 1.204894055821145 ], [ 103.798800549524273, 1.204930080308364 ], [ 103.798818444298675, 1.204930079632218 ], [ 103.798758853033561, 1.205010942694672 ], [ 103.79875680708561, 1.205013719069995 ], [ 103.798767217865915, 1.205036249655557 ], [ 103.798796477128121, 1.205099573687014 ], [ 103.798882073689995, 1.205118201085491 ], [ 103.798939394291892, 1.205190247171422 ], [ 103.798989672787201, 1.205156070940993 ], [ 103.798980777515112, 1.205084182830671 ], [ 103.799033448980367, 1.205103161604413 ], [ 103.799058959291145, 1.205123721768235 ], [ 103.799172259686031, 1.205215031538567 ], [ 103.799170231538923, 1.205231422229623 ], [ 103.799162490073272, 1.205293991549358 ], [ 103.799237339082168, 1.205349012269395 ], [ 103.799283720137453, 1.205362362189558 ], [ 103.799283719690024, 1.205398385772444 ], [ 103.799265824013972, 1.205398385547203 ], [ 103.799265824688646, 1.205416397790849 ], [ 103.799207513153647, 1.20547748964497 ], [ 103.79920731547827, 1.205477697646496 ], [ 103.799164587347462, 1.205498558101535 ], [ 103.799107458266562, 1.205558416414025 ], [ 103.798527454896188, 1.205696722642182 ], [ 103.79804091253429, 1.206217710325267 ], [ 103.79803950456396, 1.206287500175547 ], [ 103.798039094580474, 1.206307804075097 ], [ 103.798129164583727, 1.206278780549949 ], [ 103.798129846091413, 1.206244938305646 ], [ 103.79812921573712, 1.206213674389673 ], [ 103.798128955334192, 1.206200770902455 ], [ 103.798340962958989, 1.205996290332899 ], [ 103.798540893494419, 1.205803456910713 ], [ 103.7985605197034, 1.205803861414358 ], [ 103.798565235161007, 1.205798921831769 ], [ 103.798642078787722, 1.205718427977055 ], [ 103.799004142543168, 1.205649547995756 ], [ 103.799015784869155, 1.205697602497682 ], [ 103.799024064236065, 1.205731779471491 ], [ 103.799060274976583, 1.205749474741811 ], [ 103.799030730222256, 1.205881719704048 ], [ 103.799020691474752, 1.205926653870601 ], [ 103.799026877660481, 1.205932637229851 ], [ 103.79905097975967, 1.205901321174116 ], [ 103.799086793808726, 1.205883104997712 ], [ 103.799104923551283, 1.205847072600824 ], [ 103.799128869967262, 1.205834893816331 ], [ 103.799158875652964, 1.205774734911873 ], [ 103.799216856430789, 1.20572264420276 ], [ 103.799613170754753, 1.205274407745671 ], [ 103.799787494786599, 1.205126739719158 ], [ 103.799806213756057, 1.205105671856959 ], [ 103.799830090078132, 1.205093527430927 ], [ 103.799842177162134, 1.205069506733655 ], [ 103.799880354295709, 1.205050258694603 ], [ 103.79991387620683, 1.205033357425497 ], [ 103.799927163731638, 1.205006948313835 ], [ 103.799932076018436, 1.204997183942254 ], [ 103.799945034518203, 1.204984664973175 ], [ 103.800051814981018, 1.204808670468628 ], [ 103.800053213123078, 1.20480399763027 ], [ 103.800045681042732, 1.204791684603987 ], [ 103.799974816878418, 1.204815149298407 ], [ 103.799927946791698, 1.204822009235709 ], [ 103.799910051119312, 1.204822009014834 ], [ 103.799901277915836, 1.204758792867153 ], [ 103.799832319159435, 1.204736259753133 ], [ 103.799875818478753, 1.204544969845406 ], [ 103.799907901581307, 1.204403886540216 ], [ 103.799954964138749, 1.204380897250108 ], [ 103.799972556095511, 1.204308282358574 ], [ 103.799975009157137, 1.204298156210399 ], [ 103.800107457836319, 1.204159401972816 ], [ 103.800341895209257, 1.203913804540552 ], [ 103.800376311021623, 1.203905362709162 ], [ 103.800437488198284, 1.20389035731892 ], [ 103.800438501420544, 1.203840367633878 ], [ 103.800401995086688, 1.203822532201971 ], [ 103.800384326285567, 1.203785892530656 ], [ 103.800154537586067, 1.204051637474674 ], [ 103.799932315615095, 1.204284418375149 ], [ 103.799877755828106, 1.204311066634387 ], [ 103.799867396228521, 1.204364482843449 ], [ 103.799764303407812, 1.204896043981689 ], [ 103.799743204267358, 1.204918141886196 ], [ 103.799661301106369, 1.205003921726492 ], [ 103.799570042597196, 1.205092186643302 ], [ 103.799552146923091, 1.205092186420011 ], [ 103.799524099068933, 1.205083021231827 ], [ 103.799489549013458, 1.205046822674482 ], [ 103.799425937384584, 1.205090233221568 ], [ 103.799330134937023, 1.205190599385054 ], [ 103.799296948146051, 1.20520908690772 ], [ 103.798943711092548, 1.20487604539994 ], [ 103.798943711318415, 1.204858033156295 ], [ 103.798925815645958, 1.204858032928907 ], [ 103.798925815871939, 1.204840021589643 ], [ 103.798907920199611, 1.204840021362141 ], [ 103.798907920425691, 1.204822009118514 ], [ 103.798890024753476, 1.20482200979526 ], [ 103.79889002497967, 1.204803997551618 ], [ 103.798872129307597, 1.204803997323886 ], [ 103.798811524338092, 1.204756927051161 ], [ 103.798789479698115, 1.204728173379717 ], [ 103.798756964865845, 1.204685760945336 ], [ 103.798746863888454, 1.204677915447375 ], [ 103.798760340914299, 1.204658991775633 ], [ 103.798765177692033, 1.204652200054018 ], [ 103.798825923906676, 1.204613396322633 ], [ 103.798862442237507, 1.204606022593137 ], [ 103.798974974906415, 1.204583300940841 ], [ 103.798995416421832, 1.204554602071696 ], [ 103.799015954977861, 1.204525765740081 ], [ 103.799075801558189, 1.204504358362424 ], [ 103.79913244852095, 1.204484094965125 ], [ 103.799183827661281, 1.204451290666513 ], [ 103.799229562159127, 1.204433524986464 ], [ 103.799255408316313, 1.204397254836937 ], [ 103.799291443474928, 1.204371240317789 ], [ 103.799314739058559, 1.20431043289613 ], [ 103.799403849305762, 1.204286783956789 ], [ 103.799404808920002, 1.204286528937789 ], [ 103.799406462209532, 1.204284349438108 ], [ 103.799463458465624, 1.204209204629361 ], [ 103.799490737276471, 1.204138036846798 ], [ 103.799559707686726, 1.204088280432688 ], [ 103.799572366937511, 1.204079147405215 ], [ 103.79957649483508, 1.204068373752736 ], [ 103.799607650846355, 1.203987048185951 ], [ 103.799634143712467, 1.203967927519871 ], [ 103.799641624176033, 1.203939432870694 ], [ 103.799659518045587, 1.203939433093158 ], [ 103.799701338542775, 1.203927401032167 ], [ 103.799770857112989, 1.203871379176247 ], [ 103.799810632361869, 1.203731294386013 ], [ 103.799923245817496, 1.203711576091158 ], [ 103.799973680349964, 1.203625229720909 ], [ 103.799981632522048, 1.203597208963832 ], [ 103.799981632959657, 1.203561185380192 ], [ 103.800028464409777, 1.203552580920134 ], [ 103.800028921753423, 1.203552496819771 ], [ 103.800036366987015, 1.203539065277575 ], [ 103.80009861456405, 1.203426765573903 ], [ 103.800116528023423, 1.203366890478841 ], [ 103.800241776433225, 1.203264659841894 ], [ 103.80025834364632, 1.203227298903954 ], [ 103.800285850325764, 1.203182939216024 ], [ 103.800378716476274, 1.203145296139944 ], [ 103.800393221782571, 1.203092879302099 ], [ 103.800407691762913, 1.203064103477637 ], [ 103.800464802162963, 1.203056856586881 ], [ 103.80047348794173, 1.203068183867863 ], [ 103.800561496237492, 1.202996576382259 ], [ 103.800641682333648, 1.202979549055536 ], [ 103.800653855402942, 1.202976963621806 ], [ 103.800665508436381, 1.202957349887025 ], [ 103.800687339116791, 1.202920606691089 ], [ 103.800718893209549, 1.202907612245421 ], [ 103.800725436204658, 1.20290491731543 ], [ 103.800729962099169, 1.202897298091956 ], [ 103.800767989675336, 1.202833292092827 ], [ 103.800845809599039, 1.202772836203976 ], [ 103.800871184308789, 1.202710463335397 ], [ 103.800953352164953, 1.202646625168948 ], [ 103.800966566698108, 1.202636358971442 ], [ 103.800967669248934, 1.202629829466897 ], [ 103.800983763614838, 1.202534514074742 ], [ 103.801022804940345, 1.202526578734294 ], [ 103.801023397959483, 1.20252645846077 ], [ 103.801037448315725, 1.202498491130182 ], [ 103.801037448739081, 1.202462467545867 ], [ 103.801073239155016, 1.202462467067385 ], [ 103.801102301404057, 1.20247196596196 ], [ 103.801194381550729, 1.202568427565414 ], [ 103.801296754597757, 1.202704060967545 ], [ 103.801235114082075, 1.202773524539948 ], [ 103.801128322748326, 1.202893869881625 ], [ 103.801154779867289, 1.202933163060642 ], [ 103.801207732742768, 1.203011809106482 ], [ 103.801179998644841, 1.203065686342306 ], [ 103.801153942433501, 1.203011633021734 ], [ 103.801125456904842, 1.20301223137335 ], [ 103.801109279069237, 1.203023268055617 ], [ 103.801043058213423, 1.203068447550903 ], [ 103.800371760616414, 1.20333494869834 ], [ 103.800294623136651, 1.20335387431668 ], [ 103.800248242557601, 1.20337791992046 ], [ 103.800304899233311, 1.203443932949253 ], [ 103.800384099221873, 1.20338989808529 ], [ 103.800881354218163, 1.203196024436963 ], [ 103.800947972741994, 1.20318293906732 ], [ 103.800965868403878, 1.203182939281043 ], [ 103.800979796705917, 1.203219418831537 ], [ 103.8009771703166, 1.203222724255457 ], [ 103.80091474347573, 1.203301281203767 ], [ 103.800777478451693, 1.20347401152698 ], [ 103.800769021521234, 1.203561185912044 ], [ 103.800751125856905, 1.203561185696955 ], [ 103.80075112564316, 1.203579197036726 ], [ 103.800751125900391, 1.203633232864781 ], [ 103.800765337665709, 1.203633233035613 ], [ 103.800829250054193, 1.203529738235276 ], [ 103.800984399489892, 1.203396812858485 ], [ 103.800993214899592, 1.203387594767915 ], [ 103.801329091771933, 1.203112356974916 ], [ 103.801606025684308, 1.202881983108897 ], [ 103.801658477843731, 1.202827081511264 ], [ 103.801706371496678, 1.202802934611405 ], [ 103.801712414126797, 1.202790923805833 ], [ 103.801736290420465, 1.202778780266376 ], [ 103.801748377477281, 1.202754758655091 ], [ 103.801866171538038, 1.202670718257857 ], [ 103.801969984035935, 1.202570435292107 ], [ 103.801994853854922, 1.202499290966894 ], [ 103.80190415978764, 1.202507409309594 ], [ 103.801798168719898, 1.202579720227599 ], [ 103.801732268072527, 1.202597379906932 ], [ 103.801718272426584, 1.20255641380273 ], [ 103.801708692817286, 1.202528375652467 ], [ 103.801982835517848, 1.202013017200551 ], [ 103.802005488142129, 1.201991106498598 ], [ 103.802048701631733, 1.201949308135232 ], [ 103.80206692926663, 1.201911490499629 ], [ 103.802066160572053, 1.201873566834337 ], [ 103.801988270775666, 1.20184123758784 ], [ 103.801949998222412, 1.20195993147963 ], [ 103.801641149491402, 1.202563362045963 ], [ 103.801510430180926, 1.202660896316989 ], [ 103.801461236354541, 1.202687438861919 ], [ 103.801434428165237, 1.202549219870656 ], [ 103.80131464963965, 1.202525684160256 ], [ 103.801258548153086, 1.202466918742316 ], [ 103.801236567232095, 1.202443893340899 ], [ 103.801246689122948, 1.202430465444132 ], [ 103.801297242867136, 1.202363401925775 ], [ 103.801240429956863, 1.202288030542813 ], [ 103.801187452684971, 1.202298951031398 ], [ 103.801180610502399, 1.202300360855871 ], [ 103.801180610713104, 1.202282349515854 ], [ 103.801180610025298, 1.202264338175824 ], [ 103.801219580865265, 1.202213504261824 ], [ 103.801280186920422, 1.202166433667057 ], [ 103.801303570141442, 1.202135933317811 ], [ 103.801343973876854, 1.202104553221595 ], [ 103.801367356198128, 1.202074052871741 ], [ 103.801393675636348, 1.202053604576989 ], [ 103.801403058877156, 1.202046314598421 ], [ 103.801411282293458, 1.202025770227754 ], [ 103.801459226461276, 1.201905983984545 ], [ 103.80150503029428, 1.201870400459048 ], [ 103.801520618805483, 1.201850066891474 ], [ 103.801561568466596, 1.201850066466805 ], [ 103.801574303968437, 1.201850066615866 ], [ 103.801601112225597, 1.201826812983394 ], [ 103.801611470795535, 1.201780909328421 ], [ 103.80162674986525, 1.201713201482435 ], [ 103.801672064203842, 1.201660274029636 ], [ 103.801691287149211, 1.201643599565559 ], [ 103.801714410804706, 1.201603240722766 ], [ 103.801749324962429, 1.201542301374788 ], [ 103.801798658221017, 1.20149950557139 ], [ 103.801815225122624, 1.201408109697457 ], [ 103.801837874851614, 1.201324840520923 ], [ 103.801828454413268, 1.201206849673373 ], [ 103.80185101571557, 1.201155945018284 ], [ 103.801888414820695, 1.201123509483979 ], [ 103.801883170961517, 1.2010578118024 ], [ 103.801907095470185, 1.200992273626771 ], [ 103.801852344334392, 1.200944781150679 ], [ 103.801868911346716, 1.200921791471079 ], [ 103.801902831378726, 1.200892363815278 ], [ 103.801850911176913, 1.200869057718884 ], [ 103.801797330526938, 1.200688974442389 ], [ 103.801779330443679, 1.200550562020603 ], [ 103.801727078233682, 1.200489508612694 ], [ 103.801707853882945, 1.200472832796259 ], [ 103.801633092480756, 1.200385482893147 ], [ 103.80156469356919, 1.200364762179768 ], [ 103.801532956791831, 1.20032768373349 ], [ 103.801449037762112, 1.200319065052708 ], [ 103.801449038179328, 1.200283040563307 ], [ 103.801437731141291, 1.200220669065417 ], [ 103.801364735010566, 1.200238081762558 ], [ 103.80133338284196, 1.200274703668436 ], [ 103.801054155845335, 1.200303375078188 ], [ 103.800993374662085, 1.200346751335029 ], [ 103.800884675301219, 1.200363425631825 ], [ 103.800832317938486, 1.200382773902662 ], [ 103.800759408964339, 1.200399449526593 ], [ 103.800742841989305, 1.200418798224478 ], [ 103.800675262818743, 1.200449157862039 ], [ 103.800635196638183, 1.200506024777288 ], [ 103.800634142666965, 1.200507520584884 ], [ 103.800625858964693, 1.200535205821407 ], [ 103.800590068573996, 1.20053520629468 ], [ 103.800583165348328, 1.200532286015796 ], [ 103.80056366236569, 1.200524037064351 ], [ 103.800455767942012, 1.200550719964632 ], [ 103.800450142834023, 1.200586610539456 ], [ 103.800446907049036, 1.200607252639188 ], [ 103.800429012302487, 1.200607253326879 ], [ 103.800405077800576, 1.200604241500305 ], [ 103.800344429293219, 1.200596611538555 ], [ 103.800313688968686, 1.200635274592089 ], [ 103.800275907284004, 1.200651280494743 ], [ 103.800242108650323, 1.20067129730566 ], [ 103.800186430420723, 1.200687303893345 ], [ 103.800134737720086, 1.200725332728896 ], [ 103.800051238792193, 1.20074936069414 ], [ 103.800027366785699, 1.200779368147747 ], [ 103.799935898158921, 1.200795374291135 ], [ 103.799915422293282, 1.200844291160223 ], [ 103.799913022300345, 1.200850025711272 ], [ 103.799861383887134, 1.200856526557797 ], [ 103.79977484095744, 1.200867422187844 ], [ 103.79974899516202, 1.20087743047954 ], [ 103.799704799055817, 1.200888846640656 ], [ 103.799701348503575, 1.200910887789795 ], [ 103.799695309138286, 1.20094947698368 ], [ 103.799677413491153, 1.200949476761982 ], [ 103.799677413270828, 1.200967489006284 ], [ 103.799623728126136, 1.200967489244859 ], [ 103.799630994065225, 1.20092032758741 ], [ 103.799635943458242, 1.200888195548604 ], [ 103.799567496075895, 1.200937043087504 ], [ 103.799557984353299, 1.200943831135411 ], [ 103.799548173519497, 1.200943039693722 ], [ 103.799498461641093, 1.200939029119029 ], [ 103.799444775545027, 1.200943373925108 ], [ 103.799365367004029, 1.200936936565108 ], [ 103.799307605962397, 1.201029894649723 ], [ 103.799301615468949, 1.201039536917789 ], [ 103.799287660618404, 1.201045439535367 ], [ 103.799251214117433, 1.201060854889581 ], [ 103.799176638346509, 1.201080107890417 ], [ 103.79915903016574, 1.201084653913393 ], [ 103.799140558237454, 1.201111583871512 ], [ 103.799094677813841, 1.201091086757729 ], [ 103.799020114377328, 1.201057776233024 ], [ 103.798956817412687, 1.201093326033398 ], [ 103.798949270296703, 1.201134952969305 ], [ 103.798943710824389, 1.201165618118277 ], [ 103.798928122298548, 1.20118595257508 ], [ 103.798822481264281, 1.201215555633347 ], [ 103.798767937919777, 1.2012248825635 ], [ 103.798693178028032, 1.201237666623356 ], [ 103.798684107427547, 1.201176594717576 ], [ 103.798631646478441, 1.201213990457996 ], [ 103.798625206511204, 1.201240706231578 ], [ 103.798621597901047, 1.201255677953307 ], [ 103.7986142928699, 1.201266337613925 ], [ 103.79851422624715, 1.20129170106665 ], [ 103.798500644073584, 1.201242625508482 ], [ 103.798497100507333, 1.201229820554493 ], [ 103.798444934518301, 1.20124735824133 ], [ 103.798435649149226, 1.201259471191075 ], [ 103.798416956211298, 1.201283856257165 ], [ 103.798371762769179, 1.201293457322191 ], [ 103.798338874472009, 1.201300443120592 ], [ 103.798228199763329, 1.201346036173635 ], [ 103.798220270152228, 1.201365535995997 ], [ 103.798201025232757, 1.201412858470819 ], [ 103.798162003699574, 1.201419529468511 ], [ 103.79806684665003, 1.201435795957361 ], [ 103.798048951000041, 1.201435795724839 ], [ 103.798037871544992, 1.201428935969926 ], [ 103.798007446410367, 1.201339070601891 ], [ 103.798034690402602, 1.201251016523158 ], [ 103.798002080993015, 1.2012308062474 ], [ 103.798000447533866, 1.201228134731001 ], [ 103.797993993487097, 1.201231282742675 ], [ 103.797974606947477, 1.201251573734816 ], [ 103.797944695429621, 1.201257637114574 ], [ 103.79790578964159, 1.201277080461429 ], [ 103.797905789423837, 1.201363748502322 ], [ 103.797905789799273, 1.201543866419415 ], [ 103.797905789103169, 1.201597902246665 ], [ 103.797887894350666, 1.201597902013061 ], [ 103.797862570786918, 1.201591639856885 ], [ 103.797821958202704, 1.201581596349144 ], [ 103.797781262058876, 1.201640925798151 ], [ 103.797770124800294, 1.201657161722645 ], [ 103.797766839361728, 1.201694343754852 ], [ 103.797762627422358, 1.201741995612082 ], [ 103.79771893108628, 1.20173649830673 ], [ 103.797681400325658, 1.201731777027118 ], [ 103.797620304560084, 1.201776700570506 ], [ 103.797593836064564, 1.201787922491164 ], [ 103.797555836907975, 1.2018040341628 ], [ 103.79753993479197, 1.201824052079151 ], [ 103.797517621095565, 1.201828908226469 ], [ 103.797457903159867, 1.201841904975875 ], [ 103.797383298278575, 1.201886055102761 ], [ 103.797359685008956, 1.201915739676533 ], [ 103.797337110435194, 1.201944119264734 ], [ 103.797287408747763, 1.201984153048165 ], [ 103.797236991537289, 1.202047527585147 ], [ 103.797193913138372, 1.202059922242557 ], [ 103.797144247726209, 1.202074211456729 ], [ 103.797082243825315, 1.202098203440456 ], [ 103.797060894837088, 1.202125055569576 ], [ 103.797056763412456, 1.202130251997343 ], [ 103.797014988767984, 1.202141418541196 ], [ 103.796929504975836, 1.20216426980231 ], [ 103.796824125973899, 1.202214646959511 ], [ 103.79682863993898, 1.202226468883379 ], [ 103.796849973455892, 1.202282349901893 ], [ 103.796840117221507, 1.202317053883143 ], [ 103.79675055364072, 1.202380411604972 ], [ 103.796673590801646, 1.202442373153978 ], [ 103.796616673969837, 1.202488194764749 ], [ 103.796611358317719, 1.202492475053718 ], [ 103.79659756428866, 1.202498323397262 ], [ 103.796535811029131, 1.202524505744113 ], [ 103.796466938532092, 1.202575163734935 ], [ 103.79644813506134, 1.202598770126406 ], [ 103.796424385640393, 1.202595797154622 ], [ 103.79639658726478, 1.202612248085149 ], [ 103.796374690360594, 1.202625208245794 ], [ 103.796358851270341, 1.202634581776129 ], [ 103.796313116917204, 1.20264258478505 ], [ 103.796275700784065, 1.202598874491051 ], [ 103.796241536711591, 1.202596112996828 ], [ 103.796187850579869, 1.202600457737327 ], [ 103.796126965697894, 1.202595532633825 ], [ 103.796090091396422, 1.20261623576221 ], [ 103.79605297275387, 1.202632910843742 ], [ 103.796000615071435, 1.20267027126214 ], [ 103.795909811006197, 1.202704957845457 ], [ 103.795893243983542, 1.202724306512001 ], [ 103.795774425648091, 1.202793258199885 ], [ 103.79573085899213, 1.202831040168788 ], [ 103.795716430459649, 1.202847891006936 ], [ 103.795714291967457, 1.202850388834157 ], [ 103.795712612642006, 1.202850897968523 ], [ 103.79565695409967, 1.202867768130044 ], [ 103.795534012448783, 1.20293911089143 ], [ 103.795517444523583, 1.202958459555503 ], [ 103.795498221532611, 1.202975134878672 ], [ 103.795481655403947, 1.202994483542532 ], [ 103.795319269082569, 1.203065193591483 ], [ 103.795141645899079, 1.20319261254449 ], [ 103.795100508174471, 1.203211098999484 ], [ 103.794967430104947, 1.203366556604638 ], [ 103.79476747212324, 1.203526076564866 ], [ 103.794710833164842, 1.203551511935721 ], [ 103.794617949452984, 1.203617788827443 ], [ 103.794512675852644, 1.203641868759613 ], [ 103.794352929282923, 1.20371361699743 ], [ 103.794300571557343, 1.203750977381308 ], [ 103.794263452889126, 1.203767653341705 ], [ 103.794228991082548, 1.203787000834899 ], [ 103.794173977647361, 1.203803675631373 ], [ 103.79415740970741, 1.203823025190895 ], [ 103.794095545856194, 1.203850816344394 ], [ 103.794081038910832, 1.203883543304111 ], [ 103.794066658659361, 1.203915986294888 ], [ 103.794064306357413, 1.203915796344094 ], [ 103.794005266094786, 1.203911025865371 ], [ 103.79389158561186, 1.203962070205141 ], [ 103.793880123281994, 1.204025336718173 ], [ 103.793879370269096, 1.204029491361174 ], [ 103.793853263024445, 1.204034795987396 ], [ 103.79384959259167, 1.204035542035231 ], [ 103.793848067740115, 1.204040858776316 ], [ 103.793837568098894, 1.204077475467916 ], [ 103.793809768915494, 1.20408554833106 ], [ 103.793785473045446, 1.204092603834147 ], [ 103.793769724367294, 1.204124218404607 ], [ 103.793754104179726, 1.204155574328357 ], [ 103.793744196419368, 1.204146334283815 ], [ 103.79369837471333, 1.20410359692953 ], [ 103.79363809987133, 1.204038128142234 ], [ 103.79360248462703, 1.204039552899772 ], [ 103.793494973587741, 1.20394808653282 ], [ 103.793403120652115, 1.203875405867517 ], [ 103.793366963606871, 1.203876849605697 ], [ 103.793325301638021, 1.203922107045218 ], [ 103.793290839636668, 1.203954243155116 ], [ 103.793244440739102, 1.204058988764697 ], [ 103.793316003677717, 1.204056140167887 ], [ 103.793333217454261, 1.204112215589151 ], [ 103.79326163698758, 1.204146215951318 ], [ 103.793190755258266, 1.204200955225627 ], [ 103.793007818890672, 1.204335990517319 ], [ 103.792925578178725, 1.204389446320851 ], [ 103.792887166190738, 1.204307565423114 ], [ 103.792824323311635, 1.204310064149446 ], [ 103.792670588404718, 1.204637934035605 ], [ 103.792672370380956, 1.204683280743934 ], [ 103.792756076391129, 1.204703343533684 ], [ 103.792786260907548, 1.204710578907769 ], [ 103.792797131387573, 1.204813377362423 ], [ 103.792811026736928, 1.204944776412764 ], [ 103.792830457049405, 1.205128525631685 ], [ 103.792808152183838, 1.205141509269449 ], [ 103.792545933422787, 1.205294149520104 ], [ 103.792474247956207, 1.205316980947643 ], [ 103.79245450100025, 1.205400443611842 ], [ 103.792395676762624, 1.205428393034236 ], [ 103.792317158965673, 1.205513685242638 ], [ 103.792257409093381, 1.205552506022186 ], [ 103.792260275156934, 1.205625256821722 ], [ 103.792341733733423, 1.205663950418887 ], [ 103.792367401361901, 1.205676143459615 ], [ 103.792384041950129, 1.205787446652731 ], [ 103.792407141302206, 1.205941956896292 ], [ 103.792406462667074, 1.205959231166138 ], [ 103.79240266770347, 1.206055815505698 ], [ 103.792403523660582, 1.206077608007404 ], [ 103.792416769351533, 1.206089960028022 ], [ 103.792447755032242, 1.206118855869845 ], [ 103.7924409393774, 1.206148019736464 ], [ 103.792432569653144, 1.206153209761907 ], [ 103.792411580199584, 1.206166225068627 ], [ 103.792390863174205, 1.206227385166201 ], [ 103.792379197267266, 1.206261824121498 ], [ 103.79239130863516, 1.206300978797098 ], [ 103.792364587761512, 1.206361047234623 ], [ 103.792322488690019, 1.206371020840407 ], [ 103.792234682785207, 1.206346528392694 ], [ 103.792193465477112, 1.206335031475241 ], [ 103.79213780489458, 1.206421783669911 ], [ 103.792117043023197, 1.206596519374228 ], [ 103.792072846652147, 1.206617503590451 ], [ 103.792030521068156, 1.20675208243586 ], [ 103.791903139906935, 1.206684238625693 ], [ 103.791875790519512, 1.206713930324992 ], [ 103.79184255135911, 1.206744923315119 ], [ 103.791678663153249, 1.207121252479573 ], [ 103.791708722040283, 1.207178417867485 ], [ 103.791850275654383, 1.207233895614989 ], [ 103.791854470925969, 1.207226394874372 ], [ 103.791874359154662, 1.207190835539638 ], [ 103.79200269904814, 1.206961362972986 ], [ 103.792029507425269, 1.206938742495814 ], [ 103.792054060689594, 1.206965408079228 ], [ 103.792042613726949, 1.207078333275184 ], [ 103.792003858004136, 1.207148248252731 ], [ 103.79197657390938, 1.2071974679118 ], [ 103.791968516313673, 1.20729850256521 ], [ 103.791996291076018, 1.207303599088265 ], [ 103.79201827044453, 1.207307631988938 ], [ 103.792018270172647, 1.207325643326429 ], [ 103.79203616585977, 1.207325643600037 ], [ 103.792024071689468, 1.207397286322615 ], [ 103.792000374922452, 1.207415702453256 ], [ 103.791980033327974, 1.207425879868009 ], [ 103.791976468000584, 1.207427663221622 ], [ 103.791928794594668, 1.20743371359896 ], [ 103.791947389283976, 1.207317639513836 ], [ 103.79190095477891, 1.207333646066316 ], [ 103.791887017378997, 1.207430080123277 ], [ 103.791884038495553, 1.207450687847549 ], [ 103.791827470545996, 1.207585810897426 ], [ 103.791813803324814, 1.207581581875687 ], [ 103.791775462146845, 1.207569716918934 ], [ 103.791784217438121, 1.20749881301284 ], [ 103.791756552268126, 1.207495347059702 ], [ 103.791718594861223, 1.207594782333767 ], [ 103.791716352794637, 1.207612927482671 ], [ 103.791688834233625, 1.20783558358009 ], [ 103.791731946512641, 1.207847983995869 ], [ 103.791749842554069, 1.207884007850601 ], [ 103.791758475033163, 1.208090139943889 ], [ 103.791788271014667, 1.208065285733696 ], [ 103.791835369290908, 1.208006097564254 ], [ 103.791920847729941, 1.207995332408847 ], [ 103.791922768846547, 1.208107761311613 ], [ 103.791919497343343, 1.208108802185782 ], [ 103.791902300411081, 1.2081275177598 ], [ 103.791865252814603, 1.208133453444223 ], [ 103.791775723818034, 1.208147798917168 ], [ 103.791777087237904, 1.208182257061026 ], [ 103.791860624780838, 1.20817892485546 ], [ 103.791901462242478, 1.208177296720754 ], [ 103.79190988525643, 1.208213597164846 ], [ 103.791919496926283, 1.208255024473455 ], [ 103.791909196373851, 1.208254613733623 ], [ 103.791853149831837, 1.208252376377884 ], [ 103.791680993853731, 1.208245503264753 ], [ 103.791526903377886, 1.208239352103927 ], [ 103.791510035078232, 1.208448694298276 ], [ 103.791508607069147, 1.208466416216534 ], [ 103.791658915367421, 1.208495315722611 ], [ 103.791866475721221, 1.208487031316737 ], [ 103.791883706162309, 1.208510355159893 ], [ 103.791857213233541, 1.208586466128036 ], [ 103.791803528632556, 1.208600325603505 ], [ 103.791804134189405, 1.208603045943333 ], [ 103.791818486965255, 1.20866751745475 ], [ 103.7918000149607, 1.208750452885301 ], [ 103.791839561635541, 1.208724528960925 ], [ 103.791846623124499, 1.208719899624047 ], [ 103.791875108814025, 1.208712546668409 ], [ 103.7918930045102, 1.208712546943281 ], [ 103.791893004122869, 1.208856641258954 ], [ 103.791847504109896, 1.208868393689865 ], [ 103.791801343686373, 1.208880317034864 ], [ 103.791792238425856, 1.208921195105905 ], [ 103.79181565811578, 1.208925795972133 ], [ 103.791867804102026, 1.208936040518617 ], [ 103.791882413611717, 1.208957359343883 ], [ 103.791893004281476, 1.208964711995611 ], [ 103.791886188612636, 1.208993875859768 ], [ 103.791844860359859, 1.20900804843589 ], [ 103.791831052827348, 1.209012784384059 ], [ 103.791803929858588, 1.209100415145336 ], [ 103.791839317695931, 1.209108805485787 ], [ 103.791859333651274, 1.209124350926929 ], [ 103.791880036961771, 1.209140431762669 ], [ 103.791874086389086, 1.209180932762126 ], [ 103.79186065671324, 1.20927233584151 ], [ 103.791815621770041, 1.209307339507879 ], [ 103.791813673616673, 1.209318880082125 ], [ 103.79180352848195, 1.209378982227928 ], [ 103.791761725699388, 1.209400264914352 ], [ 103.791773748931817, 1.209444977819109 ], [ 103.791821423986349, 1.209451028756489 ], [ 103.791813139422217, 1.209586784696654 ], [ 103.791775915881971, 1.209639624372622 ], [ 103.791782032697952, 1.209716244094556 ], [ 103.791706048160677, 1.209710105900368 ], [ 103.791696157299398, 1.209829275757323 ], [ 103.791669611463362, 1.209897241104198 ], [ 103.791660366389436, 1.209973368614045 ], [ 103.791651925676973, 1.210036920033957 ], [ 103.791626201165343, 1.21015809462294 ], [ 103.791572708104937, 1.210512032483504 ], [ 103.791554236167798, 1.210823930565215 ], [ 103.791696978354651, 1.210901993055855 ], [ 103.791778707295308, 1.210897096276065 ], [ 103.791796502388394, 1.210896030303982 ], [ 103.791854892104709, 1.210911769870991 ], [ 103.791883549204471, 1.210919494495144 ], [ 103.791904479138452, 1.210923425188212 ], [ 103.791974039227355, 1.210936486194785 ], [ 103.792009006421623, 1.210955608628919 ], [ 103.792009322696074, 1.210955781367531 ], [ 103.792012578040627, 1.21095400162678 ], [ 103.792075695603444, 1.210919494731909 ], [ 103.792128251331448, 1.210931047897256 ], [ 103.792152990944132, 1.210936486223465 ], [ 103.792182734858457, 1.210970011495495 ], [ 103.792273958246298, 1.210975481583891 ], [ 103.792296152750453, 1.21095551806061 ], [ 103.792313033426268, 1.210936485952359 ], [ 103.792326396224794, 1.210930316576495 ], [ 103.792353070606012, 1.210917999528577 ], [ 103.792376174496752, 1.210891966823644 ], [ 103.792383413001758, 1.210887082457298 ], [ 103.7924404503717, 1.210848590828202 ], [ 103.792445766491596, 1.210814617526157 ], [ 103.792461896715679, 1.210808295353877 ], [ 103.792606248380864, 1.210751715027449 ], [ 103.79260948574688, 1.210750446252022 ], [ 103.7926218315298, 1.210797528594913 ], [ 103.792695560243686, 1.21078264566576 ], [ 103.792741558025924, 1.210773360337426 ], [ 103.79273849416694, 1.210768326594583 ], [ 103.792708702856004, 1.210719378283754 ], [ 103.792700352153901, 1.210713341520146 ], [ 103.792699013381991, 1.210712373829207 ], [ 103.792716178876745, 1.210693731503938 ], [ 103.792734074586079, 1.210693731773673 ], [ 103.792734530132833, 1.210693731780538 ], [ 103.792751969396903, 1.210693732043277 ], [ 103.792751969573644, 1.210681845067155 ], [ 103.792751969663087, 1.210675829229875 ], [ 103.792751969664707, 1.210675720706051 ], [ 103.792752389270888, 1.210675720712371 ], [ 103.79276095660471, 1.210675719937038 ], [ 103.792769864475432, 1.210675720071168 ], [ 103.792787759286156, 1.210675720340529 ], [ 103.792787759464943, 1.210663685048508 ], [ 103.792787759553718, 1.21065770900331 ], [ 103.792796872285663, 1.210657708236068 ], [ 103.792823550073464, 1.210657708637318 ], [ 103.792823550289214, 1.2106431709668 ], [ 103.792823550340771, 1.210639697300072 ], [ 103.792856684106411, 1.210629388939187 ], [ 103.792856772161414, 1.210629348244077 ], [ 103.792888313822644, 1.210614779394411 ], [ 103.792974384890186, 1.210575022077871 ], [ 103.793008244732818, 1.210559381588732 ], [ 103.793002505798498, 1.210567755924566 ], [ 103.793024000983564, 1.210626681065085 ], [ 103.792790548787437, 1.210762165938406 ], [ 103.79277212369378, 1.210772858875113 ], [ 103.792747255298096, 1.210787291264699 ], [ 103.792759616898934, 1.210798009987188 ], [ 103.792805658876233, 1.21083793207302 ], [ 103.792805659507266, 1.21085594341025 ], [ 103.792823554319199, 1.210855942775033 ], [ 103.79282355421357, 1.210863057416025 ], [ 103.792823554950331, 1.210873955016629 ], [ 103.792811422310905, 1.210873954834147 ], [ 103.792751008002256, 1.210873954829029 ], [ 103.792590917003139, 1.210873955125547 ], [ 103.792587783105716, 1.210865873670793 ], [ 103.792581969043241, 1.210850878303604 ], [ 103.792574016884899, 1.210871388281469 ], [ 103.792573021292654, 1.210873954854821 ], [ 103.792565686708443, 1.210874724358613 ], [ 103.792457208899378, 1.21088610957682 ], [ 103.792474282990071, 1.210911337102836 ], [ 103.792492755138525, 1.210938631124418 ], [ 103.792662497242802, 1.210927990218736 ], [ 103.792662497102739, 1.21093738747745 ], [ 103.792662496974359, 1.210946002460271 ], [ 103.792680392685327, 1.21094600273042 ], [ 103.792769868544781, 1.210946002270594 ], [ 103.792785017497309, 1.210946002498682 ], [ 103.792823554779304, 1.210946002174166 ], [ 103.792823554594477, 1.210958452569793 ], [ 103.792823554511926, 1.210964013511372 ], [ 103.792805658800788, 1.21096401324217 ], [ 103.792805659431792, 1.21098202548373 ], [ 103.792792790775863, 1.210990958609453 ], [ 103.792697847371727, 1.21105687093141 ], [ 103.792616746619956, 1.211113173674632 ], [ 103.792626706820414, 1.211162142487149 ], [ 103.792626706551673, 1.211180154728646 ], [ 103.792644602264176, 1.211180154999084 ], [ 103.792669015343108, 1.211210848618014 ], [ 103.792769868390053, 1.211198165512825 ], [ 103.792778815454085, 1.211221243238527 ], [ 103.792787764102712, 1.211198165782316 ], [ 103.792817541860572, 1.211192115122962 ], [ 103.793080097822113, 1.211060123342455 ], [ 103.793109877374945, 1.211054072679833 ], [ 103.793127772188228, 1.21105407294702 ], [ 103.79312777245363, 1.211036060705411 ], [ 103.793223260083366, 1.210988075607343 ], [ 103.793253038736623, 1.210982024943068 ], [ 103.793270934447975, 1.210982025209301 ], [ 103.79327093471241, 1.210964012967651 ], [ 103.793491582768638, 1.210849453065399 ], [ 103.793540340969429, 1.2107659546513 ], [ 103.793512519442885, 1.210699484302143 ], [ 103.79334976675473, 1.210719852717839 ], [ 103.793345592314211, 1.210715962076776 ], [ 103.793320005671688, 1.210692113586531 ], [ 103.793451213525969, 1.210473035774641 ], [ 103.793479510767838, 1.210450225389743 ], [ 103.793529418428804, 1.21040999544125 ], [ 103.793513515199237, 1.210377629784336 ], [ 103.793491548454995, 1.210368648208823 ], [ 103.793449886397283, 1.21035161477829 ], [ 103.793454999992818, 1.210341260776735 ], [ 103.793461769598949, 1.210327552509112 ], [ 103.793470975546938, 1.210281654302406 ], [ 103.793473792593943, 1.21026760774369 ], [ 103.793485676430663, 1.210261556811833 ], [ 103.793521466309613, 1.210243545098946 ], [ 103.79353936201619, 1.210243544458871 ], [ 103.793543919280026, 1.210243544526155 ], [ 103.793557256824258, 1.210243544723027 ], [ 103.79365271107703, 1.210325863259987 ], [ 103.793692239815385, 1.21035995207947 ], [ 103.793763383753273, 1.21032670775562 ], [ 103.79378169844496, 1.210245567473559 ], [ 103.793786389709965, 1.210237106301506 ], [ 103.793822941321565, 1.210171181326888 ], [ 103.793810757675828, 1.210156947344212 ], [ 103.793776507795087, 1.210116935011805 ], [ 103.793703193765424, 1.210162983306973 ], [ 103.793660119503116, 1.210190037662865 ], [ 103.793632268733276, 1.210157495479505 ], [ 103.7936288373661, 1.210153486377999 ], [ 103.793646707531906, 1.21011793333173 ], [ 103.793646872863292, 1.210117604145232 ], [ 103.793647625823695, 1.210117220705464 ], [ 103.79368252347173, 1.21009945044269 ], [ 103.793725618421632, 1.210070779986041 ], [ 103.79378258982014, 1.210056074939875 ], [ 103.793802442009849, 1.210027121978857 ], [ 103.793871314687522, 1.210042671739056 ], [ 103.793914689712025, 1.210031945697905 ], [ 103.793933056304184, 1.210027404244323 ], [ 103.793976231546779, 1.21010062318701 ], [ 103.793980747368394, 1.210108280513191 ], [ 103.793998974766353, 1.210098529913526 ], [ 103.794013759031557, 1.210090620551071 ], [ 103.794089237741332, 1.210032980125398 ], [ 103.794536128382887, 1.209950237176832 ], [ 103.794603951997559, 1.20993767923225 ], [ 103.794568510371548, 1.20998255061195 ], [ 103.794469665462628, 1.210064850945427 ], [ 103.794379352040878, 1.210140047609563 ], [ 103.794335872912427, 1.210267924222318 ], [ 103.794368989301262, 1.21034127233771 ], [ 103.794509197010754, 1.210344156573159 ], [ 103.79457607822583, 1.21032231078529 ], [ 103.794740402523757, 1.210228541322609 ], [ 103.794890274330029, 1.210126292315057 ], [ 103.794992262919308, 1.210058994525283 ], [ 103.795204995593323, 1.20989652019055 ], [ 103.795248178491576, 1.209874128717908 ], [ 103.795349327601727, 1.209824736429213 ], [ 103.795755552667089, 1.209521633261134 ], [ 103.795856614183279, 1.209371576056843 ], [ 103.795839069421035, 1.209333776963547 ], [ 103.795785033781044, 1.209262081753327 ], [ 103.795776527254304, 1.209218241625663 ], [ 103.795764063054705, 1.209154011624207 ], [ 103.795731348821775, 1.209171670708389 ], [ 103.795684024313815, 1.209221238306921 ], [ 103.795631147227027, 1.209253513459275 ], [ 103.795411121782251, 1.209387811325082 ], [ 103.795407596469346, 1.209354985530676 ], [ 103.795406071888223, 1.209340795114374 ], [ 103.795637520737159, 1.208902321395942 ], [ 103.795713086663099, 1.208900756090018 ], [ 103.795732152352869, 1.20895686679265 ], [ 103.795655000440206, 1.209031473135324 ] ] ], [ [ [ 103.796796646418159, 1.201566861484372 ], [ 103.796806056702366, 1.201553699478438 ], [ 103.796832014596092, 1.201493466385559 ], [ 103.796837477713183, 1.201480789970607 ], [ 103.796853543158605, 1.20147604407743 ], [ 103.796895532554061, 1.201463640366865 ], [ 103.796902418260316, 1.201432384690118 ], [ 103.796919963646559, 1.201352737473422 ], [ 103.796984193638437, 1.201359335678968 ], [ 103.796987944019463, 1.20135972098878 ], [ 103.797038694026355, 1.201337557482832 ], [ 103.797061509389252, 1.201309915862242 ], [ 103.797063055751863, 1.20130804203799 ], [ 103.7970923789902, 1.201283522373057 ], [ 103.79710418561632, 1.201269237176287 ], [ 103.797108631520871, 1.201263857166403 ], [ 103.797163960498892, 1.201229487500579 ], [ 103.797180213028753, 1.201209821389099 ], [ 103.797191714099014, 1.20120020090407 ], [ 103.797209379922435, 1.201185425618779 ], [ 103.797251391682039, 1.201111583845733 ], [ 103.797216002837871, 1.201049368468424 ], [ 103.79718603211397, 1.200979818760149 ], [ 103.797054002036646, 1.200923163035155 ], [ 103.796957344828755, 1.200913454285177 ], [ 103.796973212225254, 1.200868934402394 ], [ 103.796695120074773, 1.200888617793778 ], [ 103.796454217054418, 1.200926399820128 ], [ 103.795923703936694, 1.201109683896431 ], [ 103.795685526553129, 1.201243681314333 ], [ 103.795497872393796, 1.201380739787148 ], [ 103.795337759384196, 1.201517851989411 ], [ 103.795302528405784, 1.201478151668866 ], [ 103.795268606777626, 1.201552519863794 ], [ 103.795229950775763, 1.201570374205268 ], [ 103.795186329421867, 1.201601052376095 ], [ 103.795177278628771, 1.201607417171746 ], [ 103.795169677163429, 1.201611692903936 ], [ 103.795011661023537, 1.201700572601821 ], [ 103.79485903030654, 1.201871131020819 ], [ 103.794842181156582, 1.201889960571325 ], [ 103.794765689423144, 1.202057712008946 ], [ 103.794746780655984, 1.202092716102425 ], [ 103.794738340045157, 1.202156267538895 ], [ 103.79472044528967, 1.202156267284293 ], [ 103.794720445429121, 1.202210302204994 ], [ 103.794738339286454, 1.202210302459595 ], [ 103.794750223560811, 1.202234365075436 ], [ 103.7947562348281, 1.202282349877934 ], [ 103.79479192076154, 1.202300202555632 ], [ 103.794818886178135, 1.202286940421836 ], [ 103.794845711053028, 1.202300360678808 ], [ 103.794873203536724, 1.202312749064227 ], [ 103.794907820274119, 1.202328347142638 ], [ 103.794979925033118, 1.202320958594296 ], [ 103.795117038603138, 1.202335024313677 ], [ 103.795167684933531, 1.202340219700809 ], [ 103.795195366743755, 1.202306693460548 ], [ 103.795261303023764, 1.202313448186558 ], [ 103.795356545545133, 1.202292181563203 ], [ 103.795444378266424, 1.20225450512497 ], [ 103.795535497447489, 1.202238147332392 ], [ 103.795623331063297, 1.202200469079502 ], [ 103.795678658932914, 1.20218411168868 ], [ 103.795730701888971, 1.202164446082986 ], [ 103.795786030655776, 1.202148088689939 ], [ 103.795873863366992, 1.202110410428719 ], [ 103.795938524109886, 1.202091308412661 ], [ 103.795999129185958, 1.202056375424886 ], [ 103.796054458847678, 1.202040018026262 ], [ 103.796088606145105, 1.202020352167606 ], [ 103.796126039253821, 1.202003993617409 ], [ 103.796142291795633, 1.20198432841699 ], [ 103.796281345851, 1.201953282554368 ], [ 103.79632124276543, 1.201930293228721 ], [ 103.796358676770112, 1.201913934675251 ], [ 103.796392824063886, 1.201894269716978 ], [ 103.796451630186084, 1.201868588351211 ], [ 103.796518512510218, 1.201814361707526 ], [ 103.796521750780556, 1.201811736378996 ], [ 103.796540337589647, 1.201796666287756 ], [ 103.796591733898453, 1.201754994735574 ], [ 103.796639336904164, 1.201697318578431 ], [ 103.796694151705907, 1.201681129371348 ], [ 103.796720512336663, 1.201673344046202 ], [ 103.796796646418159, 1.201566861484372 ] ] ], [ [ [ 103.794528383665167, 1.203067808663923 ], [ 103.794551261843239, 1.203048677144072 ], [ 103.794564562050539, 1.20301782491325 ], [ 103.794569558838276, 1.203006232830714 ], [ 103.794593740771447, 1.202986015186433 ], [ 103.794621672238122, 1.202962663969807 ], [ 103.794644303249214, 1.202885040813188 ], [ 103.794728571172612, 1.202686136821265 ], [ 103.794706690853317, 1.202541409126825 ], [ 103.794648863754958, 1.202462467162639 ], [ 103.794640580512521, 1.202452793049211 ], [ 103.794552607124089, 1.202397333401497 ], [ 103.794513986426836, 1.202268207575887 ], [ 103.794258891404439, 1.202233397607806 ], [ 103.794065523210321, 1.202263054379264 ], [ 103.793833216828702, 1.20231267352897 ], [ 103.793764646632695, 1.202457350171149 ], [ 103.793656729404987, 1.202685046062259 ], [ 103.793626653482761, 1.202936525182211 ], [ 103.79371067659325, 1.203083205412275 ], [ 103.793716612986557, 1.203088354050442 ], [ 103.793835296830864, 1.203191276165814 ], [ 103.793864603998529, 1.203225505008889 ], [ 103.793974421481948, 1.203255759432153 ], [ 103.793995217312471, 1.203208865682276 ], [ 103.794058323060852, 1.203232190177299 ], [ 103.794094112774573, 1.203218961640572 ], [ 103.794122344943972, 1.203216990532806 ], [ 103.794211252781324, 1.203210782445452 ], [ 103.794245401004517, 1.20319111751544 ], [ 103.794328707779272, 1.203166510032162 ], [ 103.794442247358916, 1.203101058227378 ], [ 103.794513968669705, 1.203079862742174 ], [ 103.794528383665167, 1.203067808663923 ] ] ], [ [ [ 103.798621597247603, 1.205146221324819 ], [ 103.798561899978267, 1.205153802757159 ], [ 103.798590088346955, 1.205206307854923 ], [ 103.798643861817993, 1.20519130331576 ], [ 103.798621597247603, 1.205146221324819 ] ] ], [ [ [ 103.7947562348281, 1.202282349877934 ], [ 103.794732974918432, 1.202292375340504 ], [ 103.794749070420778, 1.20232328044393 ], [ 103.7947562348281, 1.202282349877934 ] ] ] ] } },
{ "type": "Feature", "properties": { "OBJECTID": 0, "ISLAND": "Terumbu Pempang Darat" }, "geometry": { "type": "MultiPolygon", "coordinates": [ [ [ [ 103.732702964043952, 1.225638720036462 ], [ 103.732721689566162, 1.225073947284117 ], [ 103.733941619401321, 1.224868478202108 ], [ 103.734441951212133, 1.22493595605085 ], [ 103.734919949400251, 1.224784321867119 ], [ 103.735755922245616, 1.224687609192297 ], [ 103.735764754354619, 1.224696499414083 ], [ 103.73640121037441, 1.224774962667418 ], [ 103.737098969321792, 1.224962723095403 ], [ 103.738021821125272, 1.225339925843528 ], [ 103.738618905060406, 1.225858179425339 ], [ 103.738713975604895, 1.226110761747107 ], [ 103.738709821390486, 1.226044348718871 ], [ 103.738675535311984, 1.225902630935016 ], [ 103.738639168059706, 1.225869161839545 ], [ 103.738621505800324, 1.225769279624663 ], [ 103.738553966223876, 1.225685607264278 ], [ 103.738489023529027, 1.225648476283419 ], [ 103.738414207844087, 1.225613436743122 ], [ 103.738378359316314, 1.225597747460755 ], [ 103.738363812844511, 1.225556957408944 ], [ 103.738308741700351, 1.225507799638516 ], [ 103.738247434915891, 1.225456548945894 ], [ 103.738154955898835, 1.2254037289703 ], [ 103.738045851131034, 1.225338881258954 ], [ 103.737988180854387, 1.225307502282756 ], [ 103.737934147872878, 1.225273509823604 ], [ 103.737828161010896, 1.225207615866603 ], [ 103.737721653078168, 1.225165253439877 ], [ 103.737575139691373, 1.225093082635679 ], [ 103.737376672050374, 1.224999992916071 ], [ 103.737141315694529, 1.2249089927401 ], [ 103.737052990909817, 1.224896962410705 ], [ 103.736951159526129, 1.224836820327017 ], [ 103.736862317197833, 1.224799688444556 ], [ 103.73671476417762, 1.224755233603145 ], [ 103.736551103506017, 1.224733786998331 ], [ 103.736495511380951, 1.224731693183574 ], [ 103.736476808079246, 1.224699793775431 ], [ 103.736302758100592, 1.224646447145701 ], [ 103.736212356258221, 1.224626049537785 ], [ 103.736091819122109, 1.224603035406137 ], [ 103.735957254158421, 1.224584727971132 ], [ 103.735795671864153, 1.224585768408293 ], [ 103.735694878140734, 1.224580012056018 ], [ 103.735583692699677, 1.224584191565959 ], [ 103.735490171967072, 1.224592555308052 ], [ 103.73542418825464, 1.224572157666471 ], [ 103.735327551304877, 1.224560126975762 ], [ 103.735178958045154, 1.224559598781965 ], [ 103.735091671248796, 1.22456743911299 ], [ 103.734999709425978, 1.224576325617674 ], [ 103.734921255804849, 1.22458835076128 ], [ 103.734825656685715, 1.224599851641728 ], [ 103.734735772770236, 1.224618674461039 ], [ 103.734463523423941, 1.224650040372902 ], [ 103.734330514989637, 1.224673044260393 ], [ 103.734079047353035, 1.224731604224543 ], [ 103.73386291084357, 1.224727412573263 ], [ 103.733607288507386, 1.224735770189182 ], [ 103.733301787496245, 1.224748309495076 ], [ 103.73302330355024, 1.22477339964172 ], [ 103.732748974741, 1.224836142203443 ], [ 103.732597261219922, 1.224923989997688 ], [ 103.732547380391779, 1.225009749845076 ], [ 103.732543219705533, 1.22512061294728 ], [ 103.732568154318884, 1.225221018182058 ], [ 103.73262634214629, 1.225298414943701 ], [ 103.732638805686264, 1.2254615726142 ], [ 103.732607628165312, 1.225553608550421 ], [ 103.732526576093179, 1.225587073277145 ], [ 103.732408118913469, 1.225543142023828 ], [ 103.732364477624756, 1.225478295667483 ], [ 103.732352011161865, 1.225417634985243 ], [ 103.73232084146764, 1.225300495162708 ], [ 103.732260576667983, 1.225212639347661 ], [ 103.732094319333697, 1.225166614473177 ], [ 103.732002876458893, 1.225185437137764 ], [ 103.731909351849879, 1.225296295929472 ], [ 103.731919740692746, 1.225363232819287 ], [ 103.731942597090409, 1.225461546185108 ], [ 103.731967531952449, 1.225578684868877 ], [ 103.732011170840352, 1.225683274406883 ], [ 103.732085985040015, 1.225731387605079 ], [ 103.73220236571062, 1.225752309063197 ], [ 103.732285494730618, 1.225754404014822 ], [ 103.732327059515015, 1.225748131116018 ], [ 103.732493311568405, 1.225936395239301 ], [ 103.732605531369117, 1.226049353638557 ], [ 103.732757241171413, 1.226087010761155 ], [ 103.732807118661128, 1.22609119623382 ], [ 103.732842444342324, 1.226199969034503 ], [ 103.732952583989245, 1.226388231013089 ], [ 103.733037786398654, 1.226522106314524 ], [ 103.733093894279961, 1.2266455224528 ], [ 103.733191563154719, 1.22686515995562 ], [ 103.73322481050829, 1.22697602446817 ], [ 103.73324974737919, 1.227040869204909 ], [ 103.733287152915878, 1.227107807108907 ], [ 103.733326898152612, 1.227127549060299 ], [ 103.733104026873661, 1.226621336525967 ], [ 103.733044282257055, 1.226485370392581 ], [ 103.732972070660139, 1.22630233888062 ], [ 103.732843751521017, 1.225987524955424 ], [ 103.732702964043952, 1.225638720036462 ] ] ], [ [ [ 103.733432346053092, 1.22774488179027 ], [ 103.733462473546055, 1.227910131916873 ], [ 103.733520657107348, 1.228104667305989 ], [ 103.733570529090883, 1.22825841285587 ], [ 103.733633908290471, 1.228442489469655 ], [ 103.733690015574325, 1.228583684489515 ], [ 103.73376690498381, 1.228717560366439 ], [ 103.733850030317285, 1.228846205634394 ], [ 103.733857300657348, 1.228931968547001 ], [ 103.733894706000271, 1.229005180921837 ], [ 103.73394146530805, 1.229043880405927 ], [ 103.734000953321299, 1.229074997274191 ], [ 103.73387482802049, 1.22881189047435 ], [ 103.733931443883435, 1.228928834086285 ], [ 103.733991580779204, 1.229053051628206 ], [ 103.733993275257191, 1.22905655158005 ], [ 103.734036475448875, 1.229146170236268 ], [ 103.734629550734709, 1.229428004828686 ], [ 103.734768520565808, 1.229419076687995 ], [ 103.735275399914713, 1.229386511236531 ], [ 103.735320026782645, 1.229383644242966 ], [ 103.735459640039736, 1.229347628579858 ], [ 103.736091608779645, 1.229184602224258 ], [ 103.736588077922519, 1.229074914686666 ], [ 103.737369307137314, 1.228901851393996 ], [ 103.737871131157277, 1.228722180494702 ], [ 103.738052105114733, 1.228657384790854 ], [ 103.738099568198109, 1.228640391684748 ], [ 103.738182367794266, 1.22861074598271 ], [ 103.738338492475606, 1.22846439743465 ], [ 103.738478414507497, 1.228333236187183 ], [ 103.738499330927212, 1.228313629417105 ], [ 103.738620087797344, 1.22820043357284 ], [ 103.738624006368454, 1.228196760185773 ], [ 103.738626716933538, 1.228178820412534 ], [ 103.738676065208239, 1.227852193906944 ], [ 103.738742911699759, 1.227409756063186 ], [ 103.738778273823513, 1.226283133113737 ], [ 103.738616797144175, 1.225857959589838 ], [ 103.738021293693066, 1.225339984608309 ], [ 103.737375117593913, 1.225076336560108 ], [ 103.737098449954473, 1.224963394114759 ], [ 103.73706013572, 1.224953049518232 ], [ 103.736402564421439, 1.224775503526395 ], [ 103.735764550333471, 1.22469809199162 ], [ 103.735755777537179, 1.224688910566801 ], [ 103.735675073242746, 1.224697740532116 ], [ 103.735420168050027, 1.224727226100797 ], [ 103.734919316813063, 1.224785161093528 ], [ 103.734442428272317, 1.224937396720369 ], [ 103.734290318036926, 1.224916753481335 ], [ 103.733941109909125, 1.224869361746678 ], [ 103.733585654877018, 1.224930648053337 ], [ 103.732841069007051, 1.225059028883341 ], [ 103.732722829581434, 1.22507941511147 ], [ 103.732720272142174, 1.225158574893395 ], [ 103.732704821350865, 1.225636843551562 ], [ 103.732776401458622, 1.225814460618053 ], [ 103.733044480084729, 1.226481242883101 ], [ 103.733111907267343, 1.226635083154618 ], [ 103.7332025268461, 1.226841836822918 ], [ 103.733429463527187, 1.227359608179401 ], [ 103.733581563341218, 1.228028500446747 ], [ 103.733599231596514, 1.228228369155591 ], [ 103.73363503269394, 1.228311660608801 ], [ 103.733595469469407, 1.228229128680009 ], [ 103.733579889290866, 1.228031457653934 ], [ 103.733429242244227, 1.22736627423759 ], [ 103.733327417486649, 1.227127810441023 ], [ 103.733349232579016, 1.227298289288014 ], [ 103.733397024636773, 1.227495962430771 ], [ 103.733432346053092, 1.22774488179027 ] ] ] ] } },
{ "type": "Feature", "properties": { "OBJECTID": 0, "ISLAND": "Pulau Ubin" }, "geometry": { "type": "MultiPolygon", "coordinates": [ [ [ [ 103.926464870825043, 1.422268704446418 ], [ 103.926443724439352, 1.422226633448626 ], [ 103.926418443731379, 1.422231542451005 ], [ 103.926380952191437, 1.42223882318745 ], [ 103.926375482930865, 1.42225008724654 ], [ 103.926361204629501, 1.422279494987086 ], [ 103.926387278621888, 1.422292765451763 ], [ 103.926389152329449, 1.422296493158723 ], [ 103.926326494140909, 1.422307204258579 ], [ 103.926252605837547, 1.422351693758072 ], [ 103.926199544993452, 1.422440218544411 ], [ 103.926200666127528, 1.422432584773571 ], [ 103.926201819601928, 1.422424728528209 ], [ 103.9256027044256, 1.422612504737792 ], [ 103.925203299543725, 1.423091079675798 ], [ 103.925241354827094, 1.423454783890501 ], [ 103.925355499990516, 1.424067335817887 ], [ 103.925374537908382, 1.424507609560397 ], [ 103.925317491730809, 1.424890459328076 ], [ 103.925545748983737, 1.425254155877179 ], [ 103.926363621678647, 1.425368976838589 ], [ 103.926915195475232, 1.425062675662887 ], [ 103.927542856918606, 1.424947795863457 ], [ 103.928170527799168, 1.425043482260867 ], [ 103.928455843508246, 1.425368890836907 ], [ 103.929597121784028, 1.426957660739308 ], [ 103.931366007015797, 1.427091582251282 ], [ 103.932647410069052, 1.42767787577564 ], [ 103.932699423233444, 1.427741153565221 ], [ 103.932984139171708, 1.427888773815829 ], [ 103.933320827389835, 1.428004758059747 ], [ 103.933828918792415, 1.427987107931969 ], [ 103.934312927345005, 1.427935267526159 ], [ 103.934730738562948, 1.427926684708203 ], [ 103.93514278199207, 1.427965211212975 ], [ 103.935396599755322, 1.42788232411753 ], [ 103.935548045203674, 1.427649813915153 ], [ 103.935729443590787, 1.427788342354507 ], [ 103.935938489287324, 1.427792637741176 ], [ 103.936068334136266, 1.427656621230979 ], [ 103.936327569741508, 1.427479755168604 ], [ 103.936620708678163, 1.427373207147581 ], [ 103.936692883070577, 1.427303444989409 ], [ 103.936792634553342, 1.427198927839988 ], [ 103.937003986545434, 1.427175820849212 ], [ 103.937258993348323, 1.426981060263569 ], [ 103.937389712361082, 1.426924150029794 ], [ 103.937600855328, 1.426889553976401 ], [ 103.937694280117697, 1.426852470857837 ], [ 103.937843628885688, 1.426720256210441 ], [ 103.938306247450228, 1.426678854111698 ], [ 103.93835640206467, 1.426654358059541 ], [ 103.938481319025001, 1.426581957210886 ], [ 103.938524685414095, 1.426571319011211 ], [ 103.938535492897032, 1.426594097592035 ], [ 103.939910560573551, 1.426294877206534 ], [ 103.942240489972278, 1.425337648364621 ], [ 103.944023600714047, 1.424667579677879 ], [ 103.944903276982856, 1.424523969494849 ], [ 103.945307459680379, 1.424595733511234 ], [ 103.945996928278618, 1.424332492336663 ], [ 103.946686388524071, 1.423901754968676 ], [ 103.947589820004865, 1.423351366888004 ], [ 103.949230276455324, 1.422681301486207 ], [ 103.950133697482457, 1.421963417409599 ], [ 103.951916777315191, 1.420790855948091 ], [ 103.955466354826029, 1.41968998375343 ], [ 103.956773955810874, 1.419067787122713 ], [ 103.958889921423804, 1.418636969350455 ], [ 103.960363979664365, 1.41861296079108 ], [ 103.963050621368751, 1.419498144616976 ], [ 103.965028332748162, 1.419686983999911 ], [ 103.966003118480558, 1.419758711616273 ], [ 103.969331645987936, 1.41985422919299 ], [ 103.971590293117572, 1.419973734145626 ], [ 103.974348199547237, 1.419782142201015 ], [ 103.97508523214097, 1.419829952925973 ], [ 103.976392846030109, 1.419518808750416 ], [ 103.979222076232489, 1.419327207513815 ], [ 103.981171627351316, 1.419159587166628 ], [ 103.984742655197621, 1.419207210779337 ], [ 103.985827910935683, 1.419266457862733 ], [ 103.985839940123441, 1.419277399828894 ], [ 103.986075408174173, 1.419330709820398 ], [ 103.986287948582202, 1.419079595425162 ], [ 103.986594613950302, 1.418841360977403 ], [ 103.987820224928555, 1.419062667332504 ], [ 103.988131958135384, 1.419094730362664 ], [ 103.988619601947264, 1.41889565494688 ], [ 103.988960868395495, 1.418811923354269 ], [ 103.989285778517882, 1.418657480872287 ], [ 103.989774380776225, 1.418429689911646 ], [ 103.989912179219587, 1.418568869756854 ], [ 103.990611141033114, 1.418166832918147 ], [ 103.993278579950697, 1.416285914918971 ], [ 103.995774818741651, 1.414195397345193 ], [ 103.997786020404021, 1.41178332163769 ], [ 103.998513528043361, 1.41166841600191 ], [ 103.998952210011637, 1.410720161156129 ], [ 103.999275363400784, 1.408078496508199 ], [ 103.999427462766477, 1.407217080732488 ], [ 103.999902875132705, 1.40599193794438 ], [ 103.999997925252188, 1.405283664272394 ], [ 103.999997800500893, 1.403522570251675 ], [ 103.999883626783244, 1.402756885602678 ], [ 103.99944612255608, 1.40212521947576 ], [ 103.998894529578436, 1.401914693884461 ], [ 103.998457070921518, 1.401914724968754 ], [ 103.995832338098637, 1.402221186763873 ], [ 103.994196630700557, 1.402355296818095 ], [ 103.993302741284438, 1.403082767257043 ], [ 103.992484906364794, 1.403427385647566 ], [ 103.991470390626574, 1.403419407889444 ], [ 103.990904098718218, 1.403300711940521 ], [ 103.989739093544827, 1.402822231903325 ], [ 103.989415763308529, 1.40296103591029 ], [ 103.988902217583174, 1.402860573245633 ], [ 103.988559838978404, 1.402573460700105 ], [ 103.987889375164812, 1.402415581358347 ], [ 103.9867496344241, 1.402433602039778 ], [ 103.986179048355297, 1.402644205545805 ], [ 103.986094834978445, 1.403304535543774 ], [ 103.98587479236302, 1.40362048482373 ], [ 103.985285186572227, 1.403831089396991 ], [ 103.985179396870322, 1.403972271560024 ], [ 103.98625528410625, 1.40422542925429 ], [ 103.986256625023529, 1.404159921792569 ], [ 103.986227405855644, 1.404131661536792 ], [ 103.986256236265461, 1.404109644784674 ], [ 103.986309716197994, 1.404068804852741 ], [ 103.986315509351357, 1.404068923846917 ], [ 103.98626218486551, 1.404109644393118 ], [ 103.986233354455777, 1.404131661145304 ], [ 103.986262573623719, 1.404159921400998 ], [ 103.986260721239603, 1.404250390158373 ], [ 103.986283717581429, 1.404234707932769 ], [ 103.986317090373717, 1.404296531455749 ], [ 103.986331798098902, 1.404292923896315 ], [ 103.986470284160148, 1.404258951502166 ], [ 103.9864615988091, 1.404236320446278 ], [ 103.986452493749994, 1.404212593332746 ], [ 103.986437847327537, 1.404205441708685 ], [ 103.986380808144162, 1.404177592963843 ], [ 103.986338777681269, 1.404090403596336 ], [ 103.986343346774817, 1.404087541897922 ], [ 103.986386756744366, 1.404177592571949 ], [ 103.986443795927855, 1.404205442220996 ], [ 103.986458442350269, 1.404212592940659 ], [ 103.986467547409418, 1.404236320054161 ], [ 103.986476232760523, 1.40425895111002 ], [ 103.986337746699405, 1.404292923504514 ], [ 103.986321187928723, 1.404296986079367 ], [ 103.986300094298869, 1.404319099089591 ], [ 103.986283650504191, 1.404336339097595 ], [ 103.98631819696962, 1.404344817013704 ], [ 103.98639274886267, 1.404363111842875 ], [ 103.986395459922321, 1.404363777273764 ], [ 103.986398391682371, 1.404372870428193 ], [ 103.98642286226341, 1.404448772719855 ], [ 103.986460854826831, 1.40448549178469 ], [ 103.98645831990801, 1.404609370386175 ], [ 103.986458301991277, 1.404610213251597 ], [ 103.986458836645824, 1.404610202364018 ], [ 103.986486110317415, 1.40460964438376 ], [ 103.986605224319391, 1.404830304170099 ], [ 103.986595900142319, 1.404753562539684 ], [ 103.986542248823952, 1.404701694659371 ], [ 103.986541864726533, 1.404681701076842 ], [ 103.986543298675286, 1.404609871223798 ], [ 103.986509229858001, 1.404609171687088 ], [ 103.986512197864627, 1.404609110899164 ], [ 103.986549247276528, 1.404609870831367 ], [ 103.986547813328016, 1.404681701588753 ], [ 103.986548197425435, 1.404701694266917 ], [ 103.986601848743916, 1.404753562147078 ], [ 103.986614479673392, 1.404857521200742 ], [ 103.986619953166496, 1.404902569762157 ], [ 103.986641266235736, 1.404897072554709 ], [ 103.98711717610901, 1.405778702368806 ], [ 103.990959035917285, 1.405538212955048 ], [ 103.991724250859363, 1.405552236326627 ], [ 103.992903485419035, 1.405494728658657 ], [ 103.995832472837236, 1.404173704419437 ], [ 103.997677317387584, 1.402852753731733 ], [ 103.998438088259149, 1.402450710800136 ], [ 103.998837506131451, 1.40243154072565 ], [ 103.999008701560768, 1.402661236038035 ], [ 103.999065800387584, 1.403216359930958 ], [ 103.998457209149507, 1.40388638496532 ], [ 103.99760137589368, 1.404824419173272 ], [ 103.99691670018484, 1.40545616499235 ], [ 103.994272996153541, 1.406528320775118 ], [ 103.993379080720118, 1.406894758045713 ], [ 103.992879025917475, 1.407014460199103 ], [ 103.992837385316562, 1.407062049608175 ], [ 103.992833084812602, 1.407063585508134 ], [ 103.992754104160284, 1.407091793422035 ], [ 103.992752563192951, 1.407093251357094 ], [ 103.992748649069213, 1.407094647958827 ], [ 103.992621198032012, 1.407215176319369 ], [ 103.992618444057982, 1.407217781066807 ], [ 103.992593461206241, 1.407236860267757 ], [ 103.992522397013232, 1.407291133108862 ], [ 103.992518768422897, 1.407289360811485 ], [ 103.992516448406889, 1.40729113351737 ], [ 103.992486046607354, 1.407276286005652 ], [ 103.992481450213319, 1.407274041698475 ], [ 103.992419632083937, 1.407243852057987 ], [ 103.992401619135151, 1.407190884899883 ], [ 103.992386219781366, 1.407145603722055 ], [ 103.992419497533874, 1.40710145598545 ], [ 103.992465831391101, 1.407039988848926 ], [ 103.992497075834947, 1.406998538958417 ], [ 103.992498948309247, 1.406996055455966 ], [ 103.992525305810005, 1.406961089261038 ], [ 103.992532350949247, 1.40695174311598 ], [ 103.992476016709929, 1.406905968255088 ], [ 103.992457843708294, 1.406891200391081 ], [ 103.992438004646331, 1.406875079717913 ], [ 103.992410377155721, 1.406852630864117 ], [ 103.992338475050133, 1.406794205968162 ], [ 103.991937506818928, 1.406968800330348 ], [ 103.991906054715571, 1.40698249540428 ], [ 103.991627499917485, 1.407021013066668 ], [ 103.991442762377645, 1.407046557579004 ], [ 103.991247147610423, 1.407073606769595 ], [ 103.991221630641149, 1.407074130323549 ], [ 103.99120137485636, 1.407074546804409 ], [ 103.991049476238132, 1.407077667238753 ], [ 103.99097779832735, 1.407079138986613 ], [ 103.990967822294763, 1.407079344050431 ], [ 103.990924149520808, 1.40708024143207 ], [ 103.990885462067297, 1.407081036281365 ], [ 103.99086415045079, 1.407081473631352 ], [ 103.990830434839054, 1.407082166853501 ], [ 103.990693093209629, 1.407084987836654 ], [ 103.990677219797703, 1.407085313579459 ], [ 103.990508508746302, 1.407088779680858 ], [ 103.990353017599077, 1.407091973566535 ], [ 103.990313465822624, 1.4070810235339 ], [ 103.990300367863085, 1.407077397934793 ], [ 103.99026395219289, 1.407067316779459 ], [ 103.990254906010264, 1.407064812312927 ], [ 103.99010423365047, 1.407023100734514 ], [ 103.990049748980681, 1.407008017874486 ], [ 103.989967443729441, 1.406985232644789 ], [ 103.989916236246486, 1.40697105663372 ], [ 103.989855587199131, 1.406954265847977 ], [ 103.989748933983464, 1.406944722997331 ], [ 103.989749017516573, 1.406944198462555 ], [ 103.989750935188212, 1.40693220470272 ], [ 103.989755768439579, 1.40690198064495 ], [ 103.989729564888549, 1.406874531450446 ], [ 103.989706201950625, 1.406850056506074 ], [ 103.989700509043146, 1.406844093536071 ], [ 103.989647518508363, 1.406825840781092 ], [ 103.989627670197009, 1.406819004248379 ], [ 103.989626972181938, 1.4068217445081 ], [ 103.989621728533919, 1.406842319065639 ], [ 103.9896035190513, 1.406913764781915 ], [ 103.989602581535308, 1.406922821112364 ], [ 103.989600737933657, 1.406940632619027 ], [ 103.989501359712122, 1.406932321005669 ], [ 103.989166236154446, 1.406925368219684 ], [ 103.989064641545014, 1.406923260650324 ], [ 103.988796083160651, 1.406917688819294 ], [ 103.98869764886399, 1.406915647040215 ], [ 103.988648008487274, 1.406955440426284 ], [ 103.988525406899143, 1.406954130982241 ], [ 103.988525407602822, 1.406923985023738 ], [ 103.988524087856746, 1.406914464907334 ], [ 103.988515131922469, 1.40684984170218 ], [ 103.988058734924593, 1.406896788625122 ], [ 103.987675210377816, 1.406879138456018 ], [ 103.987675559617159, 1.406860767249434 ], [ 103.987181799777431, 1.406732391692334 ], [ 103.986707891676105, 1.40653893058131 ], [ 103.985661337853159, 1.406415910624333 ], [ 103.985456556021092, 1.406392500214923 ], [ 103.985046260672121, 1.406355780194342 ], [ 103.984740713695587, 1.40608017810766 ], [ 103.984420417137883, 1.405617441159377 ], [ 103.983896423922161, 1.405389266077056 ], [ 103.983889757391069, 1.405389872431257 ], [ 103.983890475318219, 1.405389266462906 ], [ 103.983891523887479, 1.405388105195531 ], [ 103.980894917508849, 1.404678177998015 ], [ 103.980673862323513, 1.404966900242798 ], [ 103.980610243560548, 1.404935762607525 ], [ 103.980379254095382, 1.404801143213171 ], [ 103.980109879237432, 1.404308784506147 ], [ 103.979158889909101, 1.404481125185212 ], [ 103.978112757340341, 1.403945205637575 ], [ 103.976705263401229, 1.40369644165447 ], [ 103.974289668718285, 1.402758614844608 ], [ 103.973395695927636, 1.402203540228292 ], [ 103.969287264474914, 1.400193836925396 ], [ 103.968279219935098, 1.400423603360752 ], [ 103.966852706373402, 1.400155692478599 ], [ 103.965026771358836, 1.399830376333141 ], [ 103.963541544805608, 1.399457983047693 ], [ 103.963023412315337, 1.399359004219072 ], [ 103.96235871286288, 1.399231705159722 ], [ 103.961163349403975, 1.399003478437395 ], [ 103.959672613986982, 1.398855268758793 ], [ 103.958322211128134, 1.399123334706974 ], [ 103.95819030795974, 1.399347627143604 ], [ 103.958196021935066, 1.399345913071769 ], [ 103.958194578933927, 1.399348130644432 ], [ 103.958147173738908, 1.399420975012536 ], [ 103.957991621604108, 1.399659997144698 ], [ 103.957779115999017, 1.40041646744765 ], [ 103.95777885549937, 1.400418145052903 ], [ 103.957777372446515, 1.400427668967395 ], [ 103.957767618972184, 1.400490329107583 ], [ 103.957711209963449, 1.400852705415227 ], [ 103.957677861478246, 1.401066936966569 ], [ 103.957596423946711, 1.401149846883592 ], [ 103.957594259962988, 1.401145994417368 ], [ 103.957671912878624, 1.401066937284247 ], [ 103.957705261364396, 1.400852705732942 ], [ 103.95776167037404, 1.40049032942536 ], [ 103.957771423848541, 1.400427669285182 ], [ 103.957772906901425, 1.400418145370692 ], [ 103.957773167401029, 1.400416466861079 ], [ 103.957985673008068, 1.399659996558498 ], [ 103.957648826043624, 1.399897440301572 ], [ 103.957363564367583, 1.400624865450003 ], [ 103.957461369109097, 1.401114663557244 ], [ 103.957561714493878, 1.401098640147106 ], [ 103.957562204265898, 1.401099511925856 ], [ 103.95746731770889, 1.401114663240093 ], [ 103.957391752384694, 1.401214581172158 ], [ 103.957272427869796, 1.401260733498938 ], [ 103.957113328298789, 1.401284037422508 ], [ 103.957058069924727, 1.40143453161055 ], [ 103.956986105089172, 1.401566908698523 ], [ 103.956926827070703, 1.401592060343546 ], [ 103.956794080730987, 1.401798316171099 ], [ 103.956858881320855, 1.401891094839997 ], [ 103.956864156210614, 1.401895352295943 ], [ 103.956179663008783, 1.40259221750158 ], [ 103.956175680716854, 1.402596387724842 ], [ 103.956170890645026, 1.402601403569193 ], [ 103.956058555801008, 1.402676469732624 ], [ 103.955999243451274, 1.402698810601976 ], [ 103.955956148115305, 1.402727475722395 ], [ 103.955887364190659, 1.402756865685567 ], [ 103.955839640058628, 1.40278160430835 ], [ 103.955804388788493, 1.40279987789409 ], [ 103.955750178789046, 1.402826352327359 ], [ 103.955697017488205, 1.402853908321185 ], [ 103.955642807486143, 1.402880382752138 ], [ 103.955596829244598, 1.402904224151448 ], [ 103.95557281262397, 1.402916677574009 ], [ 103.955572450505684, 1.402916865700335 ], [ 103.955565336362255, 1.403019219952658 ], [ 103.955562101191546, 1.403065770346065 ], [ 103.955556242377696, 1.403064483746986 ], [ 103.955559387757248, 1.403019220265374 ], [ 103.955566501900933, 1.402916866013046 ], [ 103.955566864019218, 1.402916677886721 ], [ 103.955590880639889, 1.402904224464219 ], [ 103.955636858881505, 1.402880383065021 ], [ 103.955691068883652, 1.402853908634201 ], [ 103.95574423018455, 1.402826352640505 ], [ 103.955798440184026, 1.402799877303009 ], [ 103.955833691454259, 1.402781604621715 ], [ 103.955881415586333, 1.402756865094688 ], [ 103.955950199511108, 1.402727476036046 ], [ 103.955993294847175, 1.402698810915731 ], [ 103.956052607196966, 1.402676470046525 ], [ 103.956164942041198, 1.402601403883365 ], [ 103.956169732113054, 1.402596388039025 ], [ 103.956173714404983, 1.402592217815772 ], [ 103.956858207608732, 1.401895352611729 ], [ 103.956852932718974, 1.401891095155769 ], [ 103.956788132129347, 1.401798316486684 ], [ 103.95678897492914, 1.401797007830258 ], [ 103.956505971977847, 1.40142680870011 ], [ 103.955012693843273, 1.403731467460014 ], [ 103.955165811590177, 1.403583414478576 ], [ 103.955305972428903, 1.403447888486147 ], [ 103.95540926212712, 1.403336391511822 ], [ 103.955387378900909, 1.403317428190473 ], [ 103.955440854010291, 1.403241543987036 ], [ 103.955457421904782, 1.403204186637032 ], [ 103.955476750369286, 1.40316933603328 ], [ 103.95546818672473, 1.403062126180838 ], [ 103.955520334746126, 1.403057905496682 ], [ 103.955521936035424, 1.403058257209325 ], [ 103.955474135329908, 1.403062126772706 ], [ 103.955482698974677, 1.403169335720742 ], [ 103.95546337051033, 1.403204187228895 ], [ 103.955446803514462, 1.403241543674526 ], [ 103.955393327506769, 1.403317428782491 ], [ 103.955415211631589, 1.403336392103733 ], [ 103.955311921035104, 1.403447889078345 ], [ 103.955171760196748, 1.403583415071119 ], [ 103.955018642450256, 1.403731468052899 ], [ 103.955011432212913, 1.403835328977231 ], [ 103.95499893057584, 1.404015394431672 ], [ 103.954942462559089, 1.404079643262713 ], [ 103.954864541273494, 1.404168301944768 ], [ 103.954840774423374, 1.404180401742498 ], [ 103.954828750843618, 1.404204321841315 ], [ 103.954690539757905, 1.404337962113846 ], [ 103.954669047662208, 1.404358743666233 ], [ 103.954463927024108, 1.404557079147246 ], [ 103.954450548799812, 1.404763714802548 ], [ 103.95444414431104, 1.404862630633292 ], [ 103.954285557941986, 1.405015960813881 ], [ 103.95422548715166, 1.405074041165281 ], [ 103.954181169693413, 1.405120468895462 ], [ 103.954041362396708, 1.405266930359344 ], [ 103.954035413785689, 1.405266930668656 ], [ 103.954175221082721, 1.405120468300739 ], [ 103.954219538541111, 1.405074040570661 ], [ 103.954279609331635, 1.405015961123763 ], [ 103.954438195701115, 1.404862630943547 ], [ 103.954444600190129, 1.404763715112797 ], [ 103.954447070223594, 1.404725565377872 ], [ 103.953905961157147, 1.405104361143259 ], [ 103.953088115488129, 1.405391538417665 ], [ 103.952783814935486, 1.405774401295759 ], [ 103.95219418452082, 1.40558300796916 ], [ 103.951433371525397, 1.405353338840196 ], [ 103.950596499382641, 1.405525662249776 ], [ 103.949930834511036, 1.406253105898128 ], [ 103.949301471058035, 1.407562575145515 ], [ 103.949338588890754, 1.407545901371976 ], [ 103.949424764048047, 1.407494881989165 ], [ 103.949462527678506, 1.407472524265461 ], [ 103.949485846449022, 1.40746545641128 ], [ 103.949493133692229, 1.40746014834474 ], [ 103.949507300732392, 1.407441687794898 ], [ 103.949563233642294, 1.407399946869804 ], [ 103.949570881755676, 1.40735107385253 ], [ 103.949625895586664, 1.407312854558389 ], [ 103.949651288596982, 1.407275832316314 ], [ 103.949673569141254, 1.407243350128114 ], [ 103.94974951844894, 1.407211247790336 ], [ 103.949752491921117, 1.407212504704347 ], [ 103.949679517758241, 1.40724334982956 ], [ 103.949657237214097, 1.407275832922172 ], [ 103.949631844203878, 1.407312855164304 ], [ 103.949576830372948, 1.407351073554217 ], [ 103.949569182259751, 1.407399947475861 ], [ 103.949513249349906, 1.407441687496729 ], [ 103.949499082309785, 1.407460148046604 ], [ 103.949495983297851, 1.407464187083188 ], [ 103.949491795066592, 1.407465456113161 ], [ 103.949468476296104, 1.4074725239674 ], [ 103.949430712665702, 1.407494881691196 ], [ 103.949344537508608, 1.407545901978579 ], [ 103.949307419675932, 1.40756257575221 ], [ 103.94918529707887, 1.407639294378482 ], [ 103.949153772177297, 1.40765909967634 ], [ 103.949112298680006, 1.407707537576228 ], [ 103.949045107423629, 1.407786011530905 ], [ 103.949012812439378, 1.407842402836 ], [ 103.949008546156975, 1.407846239353176 ], [ 103.948941022441261, 1.407906951649478 ], [ 103.94879939891058, 1.408297035427443 ], [ 103.94879168302748, 1.408338628331464 ], [ 103.948770983366984, 1.408450219512628 ], [ 103.948767016528961, 1.408641090767063 ], [ 103.948762280529493, 1.408868989358738 ], [ 103.948762280126559, 1.409043368466822 ], [ 103.948762280396252, 1.409067102546832 ], [ 103.948757632280405, 1.409163576514221 ], [ 103.948752183345917, 1.409165104253553 ], [ 103.948716113181504, 1.409253796846795 ], [ 103.948654912104104, 1.409301342214404 ], [ 103.948649908755357, 1.409300608121611 ], [ 103.948710164559216, 1.409253797143299 ], [ 103.948746234723828, 1.409165103645771 ], [ 103.948751683658372, 1.409163576810813 ], [ 103.948756331774447, 1.409067102843415 ], [ 103.948756331504782, 1.40904336785904 ], [ 103.9487563319082, 1.408868989655281 ], [ 103.948761067908265, 1.408641091063569 ], [ 103.948765034746756, 1.408450219809104 ], [ 103.948783348403751, 1.408351489680963 ], [ 103.948720656424811, 1.408358920331162 ], [ 103.946792685045182, 1.409469179865514 ], [ 103.945822693506244, 1.41012006776873 ], [ 103.945252120207115, 1.410713509005214 ], [ 103.943761207185332, 1.411185173960824 ], [ 103.943639784479828, 1.411057984820166 ], [ 103.943367546427623, 1.411052397077866 ], [ 103.94307147242678, 1.411178881696802 ], [ 103.942865642564314, 1.411291296458603 ], [ 103.942532275329739, 1.41160782638103 ], [ 103.94232267048146, 1.411759559333663 ], [ 103.941663099575578, 1.411780532668296 ], [ 103.941469816685299, 1.411993697213199 ], [ 103.941452942013569, 1.41234049563917 ], [ 103.941452271406888, 1.412354261874113 ], [ 103.94138837987164, 1.412385468077922 ], [ 103.941450593899773, 1.412415856262939 ], [ 103.941452016882636, 1.412485501140164 ], [ 103.941452271759061, 1.412497983137253 ], [ 103.941455890535579, 1.412501772246039 ], [ 103.941393746194777, 1.412521086003662 ], [ 103.941362721198971, 1.41253072795769 ], [ 103.941353681006646, 1.412540916022348 ], [ 103.941340599189516, 1.412555657740374 ], [ 103.941335774039487, 1.412561094088074 ], [ 103.941320411057248, 1.412563784380119 ], [ 103.941280562732203, 1.41257076339856 ], [ 103.941280379374248, 1.41256975323439 ], [ 103.941314462425055, 1.412563784658269 ], [ 103.941334649658728, 1.412555657114256 ], [ 103.94134773237451, 1.412540916300579 ], [ 103.941356772566877, 1.412530728235943 ], [ 103.941387797562669, 1.412521085377633 ], [ 103.941449941903528, 1.412501771620165 ], [ 103.941446323127067, 1.41249798341573 ], [ 103.94144606825067, 1.412485501418638 ], [ 103.941444645267936, 1.412415855637035 ], [ 103.941382431239873, 1.412385467451851 ], [ 103.941446322775263, 1.412354262152561 ], [ 103.941446993381973, 1.412340495917617 ], [ 103.941463868054555, 1.41199369658726 ], [ 103.941657150945446, 1.411780532947174 ], [ 103.942316721851469, 1.411759558709875 ], [ 103.942526326700232, 1.411607826662112 ], [ 103.942713022714457, 1.41143056010739 ], [ 103.941458125367774, 1.411666681240815 ], [ 103.940502391520894, 1.412212283267526 ], [ 103.939560897471992, 1.412212326755562 ], [ 103.939009429365413, 1.412862218739864 ], [ 103.9374925124214, 1.413303536057497 ], [ 103.937221492313597, 1.413676824779895 ], [ 103.93680781338935, 1.413863482075146 ], [ 103.936736503408099, 1.414208047371657 ], [ 103.936294291085886, 1.414322922091332 ], [ 103.935849825901954, 1.414641227744807 ], [ 103.935822049064924, 1.414626440844108 ], [ 103.935818287496559, 1.414624437848373 ], [ 103.935795183415507, 1.414612137736479 ], [ 103.93577380225706, 1.414627925237989 ], [ 103.935723592700398, 1.414664998190745 ], [ 103.935709083703514, 1.414675711008628 ], [ 103.935690189749167, 1.414689661638799 ], [ 103.935694243703892, 1.414699557897581 ], [ 103.935724477166261, 1.414773355247518 ], [ 103.935820307772872, 1.414937415006051 ], [ 103.935796550640333, 1.41493021462353 ], [ 103.935703510347466, 1.414852775483574 ], [ 103.935485272577765, 1.414914583869642 ], [ 103.93538108143045, 1.414891715347367 ], [ 103.935152673041969, 1.414820508707119 ], [ 103.935067267540546, 1.414896217566834 ], [ 103.935058227259333, 1.414884600524945 ], [ 103.935139850758546, 1.414812245208727 ], [ 103.933598243831113, 1.41554480301379 ], [ 103.933156026764976, 1.415559178966783 ], [ 103.932685277738329, 1.415530485798255 ], [ 103.932300119062702, 1.41550178885881 ], [ 103.930631152768413, 1.41667911577403 ], [ 103.930278810985911, 1.416818391626683 ], [ 103.930121913130733, 1.417249101832534 ], [ 103.929579859749154, 1.417737255199545 ], [ 103.928738224540851, 1.417880857821858 ], [ 103.928281753564661, 1.418182369513585 ], [ 103.927925139760433, 1.418526947289153 ], [ 103.927268998236784, 1.419862155355518 ], [ 103.927211973810003, 1.420752278460007 ], [ 103.927349660849003, 1.420817035141518 ], [ 103.927357323651691, 1.420741452717611 ], [ 103.927377689225466, 1.420540570325438 ], [ 103.927423720018112, 1.420466608756391 ], [ 103.927437425538571, 1.420450597358113 ], [ 103.927505122881712, 1.420371509876515 ], [ 103.927514734743426, 1.420363173067294 ], [ 103.927519008203745, 1.420357598400561 ], [ 103.927537696954857, 1.420333220538364 ], [ 103.927600736765228, 1.420294957080493 ], [ 103.927611480022534, 1.420288437089082 ], [ 103.927693686019822, 1.420255112470911 ], [ 103.927700370457515, 1.420251157418374 ], [ 103.927792870708615, 1.420196428822736 ], [ 103.92781723983623, 1.420182011375268 ], [ 103.92783427289811, 1.420145688756979 ], [ 103.927908717175256, 1.419986934776031 ], [ 103.927960016718899, 1.419877535529984 ], [ 103.927970908092291, 1.419867376375618 ], [ 103.927982695070085, 1.419850139642107 ], [ 103.927999022948626, 1.419796964253709 ], [ 103.928124027818242, 1.419566162132098 ], [ 103.928141066460981, 1.419534704078488 ], [ 103.928152949306877, 1.419510643924055 ], [ 103.928156909478375, 1.419490900619451 ], [ 103.928158961436694, 1.419480674001842 ], [ 103.928205083185205, 1.419390628325893 ], [ 103.928217206867302, 1.419366959750275 ], [ 103.928274610382672, 1.41925488785489 ], [ 103.928355808157733, 1.419156489842571 ], [ 103.928435357848386, 1.419056436007941 ], [ 103.928445284220558, 1.419048428370315 ], [ 103.928454977608013, 1.419034290972237 ], [ 103.928465415922702, 1.419042100616174 ], [ 103.928451233458176, 1.41906278578567 ], [ 103.928441307085933, 1.419070792518946 ], [ 103.928361757395095, 1.419170846353802 ], [ 103.928280559619878, 1.419269245270697 ], [ 103.928223156104465, 1.41938131626186 ], [ 103.928211032422354, 1.419404984837508 ], [ 103.928164910673829, 1.419495030513551 ], [ 103.928162858715538, 1.41950525713118 ], [ 103.928158898544083, 1.419525000435791 ], [ 103.928147015698173, 1.419549060590251 ], [ 103.92812997705542, 1.419580518643904 ], [ 103.928004972185775, 1.419811321670183 ], [ 103.927988644307277, 1.419864496154253 ], [ 103.927985958783211, 1.419873244164903 ], [ 103.927976857329469, 1.419881732887778 ], [ 103.927965965956034, 1.41989189204219 ], [ 103.927914666412406, 1.420001291288359 ], [ 103.927840222135288, 1.420160045269484 ], [ 103.927823189073408, 1.420196367887813 ], [ 103.927798819945679, 1.42021078533535 ], [ 103.927706319694209, 1.420265513931232 ], [ 103.927699635256474, 1.420269468983806 ], [ 103.927617429258788, 1.420302793602213 ], [ 103.927606686001468, 1.420309314498017 ], [ 103.927543646190799, 1.420347577051688 ], [ 103.927524957439644, 1.42037195491395 ], [ 103.92752068397931, 1.420377529580694 ], [ 103.927511072117568, 1.420385866389942 ], [ 103.927443374774271, 1.42046495387172 ], [ 103.927429669253783, 1.420480965270017 ], [ 103.927383638461109, 1.420554927743559 ], [ 103.927363272887774, 1.420755809231372 ], [ 103.927351343491381, 1.420873478155534 ], [ 103.927344190804348, 1.420919851453004 ], [ 103.927324116206435, 1.421050019002614 ], [ 103.927318808335883, 1.421074531065699 ], [ 103.927305941151829, 1.421133957263421 ], [ 103.927297972360094, 1.421197990988348 ], [ 103.927270150626256, 1.421296049458145 ], [ 103.927248970244747, 1.421346781453124 ], [ 103.927247773514267, 1.421351476048713 ], [ 103.927219789091495, 1.42135952873448 ], [ 103.927126992951102, 1.421476256809804 ], [ 103.927055412269496, 1.421476257021111 ], [ 103.927055412306018, 1.421566308029778 ], [ 103.927037517808884, 1.421566308760545 ], [ 103.927037517082809, 1.421548298377952 ], [ 103.927001727190117, 1.421548298030365 ], [ 103.92699106690975, 1.421540316560512 ], [ 103.926991952709344, 1.42153513090879 ], [ 103.926997042912731, 1.421505334664057 ], [ 103.926930250687604, 1.421546938976565 ], [ 103.926951230452985, 1.421579503316311 ], [ 103.926965935879537, 1.421602327925853 ], [ 103.926965936056135, 1.421651323582392 ], [ 103.926965936258981, 1.421656359073734 ], [ 103.926983831655505, 1.421656359247819 ], [ 103.926983831482616, 1.421674369630443 ], [ 103.926940910689552, 1.421704194549654 ], [ 103.926937921556743, 1.421715920638025 ], [ 103.926922841124949, 1.421775073806911 ], [ 103.926860053479501, 1.421850845680733 ], [ 103.926853854415683, 1.4218583259171 ], [ 103.92685126031553, 1.421861457830784 ], [ 103.926851859739884, 1.421863086563522 ], [ 103.926865870272806, 1.421901145191155 ], [ 103.926876392144734, 1.421908453821294 ], [ 103.926749938412627, 1.422025062975385 ], [ 103.92672107770295, 1.422051676830933 ], [ 103.926671011077744, 1.422097844774539 ], [ 103.926641076531496, 1.42212393866433 ], [ 103.926520509869263, 1.422229029604524 ], [ 103.926500657307116, 1.422250588608569 ], [ 103.92647689011136, 1.422262689042173 ], [ 103.926475482134578, 1.422265489910564 ], [ 103.926464867049859, 1.422286609018937 ], [ 103.926455865883014, 1.422286609384409 ], [ 103.926464870825043, 1.422268704446418 ] ] ], [ [ [ 103.947098973456491, 1.407781349141079 ], [ 103.947786865855889, 1.407288415267553 ], [ 103.948325111728622, 1.406063271802513 ], [ 103.948378104255667, 1.405998794482746 ], [ 103.94837150198704, 1.405990924146096 ], [ 103.948428632235604, 1.405921412940351 ], [ 103.948592695098128, 1.405696055830615 ], [ 103.948601222949677, 1.405519075347368 ], [ 103.948614190289987, 1.40542547954894 ], [ 103.948950004794682, 1.404969580209446 ], [ 103.949119936179486, 1.404744165803276 ], [ 103.949142552902089, 1.404714164269489 ], [ 103.949153230916764, 1.404681088499631 ], [ 103.949155974766725, 1.404672590071552 ], [ 103.949203648730162, 1.40464852985123 ], [ 103.949209659652212, 1.404636569361752 ], [ 103.94923575961856, 1.404631776748617 ], [ 103.949243915970314, 1.404630278717817 ], [ 103.94926362438305, 1.40462665847674 ], [ 103.949368590990531, 1.404565761626383 ], [ 103.949421046886087, 1.40453532721856 ], [ 103.949434925577251, 1.404519112215773 ], [ 103.949442297115496, 1.404510497797753 ], [ 103.949446508730958, 1.404509759627698 ], [ 103.949458312396686, 1.404507692570045 ], [ 103.949490180317071, 1.404502110157688 ], [ 103.949510802586076, 1.404498498008173 ], [ 103.949646099854647, 1.404418454282284 ], [ 103.949721665383592, 1.404386417085553 ], [ 103.94977237984034, 1.404356411425374 ], [ 103.949815509948962, 1.404338115825549 ], [ 103.949835822019082, 1.404312597324697 ], [ 103.94983599184043, 1.404312383886706 ], [ 103.949836380021367, 1.40431225725655 ], [ 103.949874403781322, 1.404299843883192 ], [ 103.950084916240513, 1.404190695794322 ], [ 103.950626561124636, 1.403969572772648 ], [ 103.950730890916304, 1.403933639909833 ], [ 103.951070410429352, 1.403834749726255 ], [ 103.951266803356702, 1.403778994887424 ], [ 103.95136585585152, 1.403744879128846 ], [ 103.951553475636786, 1.403683601773262 ], [ 103.951670423646689, 1.403637176723969 ], [ 103.951705864562015, 1.403618806420746 ], [ 103.951796090513412, 1.40358933680247 ], [ 103.951858497745889, 1.403568952012453 ], [ 103.95192972940724, 1.403537940516133 ], [ 103.951956222702492, 1.403528592582029 ], [ 103.952010607553632, 1.403511267654496 ], [ 103.95205503041413, 1.403487607273925 ], [ 103.952107472471809, 1.40346910767715 ], [ 103.952183281713886, 1.403442364528652 ], [ 103.952275778205887, 1.403409734935625 ], [ 103.952338697528205, 1.403387539574376 ], [ 103.952596850046518, 1.403317828063892 ], [ 103.952609746669765, 1.403303806172814 ], [ 103.952704919404894, 1.403294453801311 ], [ 103.952880831142295, 1.403243839374151 ], [ 103.952977576693627, 1.403169726448969 ], [ 103.952985545699946, 1.403159723794579 ], [ 103.953002143696324, 1.403148091939974 ], [ 103.95302909926626, 1.403129202950961 ], [ 103.953030833465704, 1.403127987399094 ], [ 103.953030150594756, 1.403128982232499 ], [ 103.953021339762429, 1.403141819201019 ], [ 103.953029204704293, 1.403152863769796 ], [ 103.953082087448323, 1.403142199522353 ], [ 103.953122369520401, 1.403134075371659 ], [ 103.953151604551437, 1.403128179233364 ], [ 103.953228603328569, 1.403098279767824 ], [ 103.9532793522947, 1.403059286485229 ], [ 103.953338036921295, 1.403043703107809 ], [ 103.953371765125084, 1.402990217395843 ], [ 103.953386723610564, 1.402951225054322 ], [ 103.953407554644087, 1.402936186246759 ], [ 103.953415034775205, 1.402907684890902 ], [ 103.953415034755494, 1.402889673616573 ], [ 103.953444009144533, 1.402882806203548 ], [ 103.953469104524686, 1.402808698768906 ], [ 103.953516778793883, 1.402792349961716 ], [ 103.9535090542186, 1.402767392681858 ], [ 103.95354288745952, 1.402712157022007 ], [ 103.953576090764756, 1.402691560268926 ], [ 103.95362977724416, 1.402583498890858 ], [ 103.953659241316942, 1.402575883542777 ], [ 103.9536940522826, 1.402522116514553 ], [ 103.953701358076046, 1.402493446955754 ], [ 103.953737148544548, 1.402493446912065 ], [ 103.953737148435508, 1.402403395967353 ], [ 103.953801249154296, 1.402377409423083 ], [ 103.953798382580217, 1.402357841890345 ], [ 103.953808728381773, 1.402331353495122 ], [ 103.9538385078651, 1.402271273374464 ], [ 103.953844519588699, 1.40220528267027 ], [ 103.95385413127859, 1.40219694485884 ], [ 103.953900966362042, 1.401989421190936 ], [ 103.953938224361309, 1.401922243248723 ], [ 103.953946402491823, 1.401819809355506 ], [ 103.953940026780955, 1.401814282225248 ], [ 103.953958611191041, 1.401743457054191 ], [ 103.953969781961007, 1.401700887250171 ], [ 103.953980245762978, 1.401697635526273 ], [ 103.954008508361895, 1.40168885632312 ], [ 103.954032904006752, 1.401620346017154 ], [ 103.954049820557472, 1.401565303858197 ], [ 103.954069044797194, 1.401548000606779 ], [ 103.954160464946355, 1.401345118521429 ], [ 103.954185541200957, 1.401354381504274 ], [ 103.954280645203525, 1.401285637816519 ], [ 103.954335973762639, 1.401151008898114 ], [ 103.954355650893362, 1.401133939850977 ], [ 103.954337300685182, 1.400952894763227 ], [ 103.954298771904575, 1.40094582103665 ], [ 103.954275468397455, 1.400758281076835 ], [ 103.954246106130157, 1.400577752045147 ], [ 103.954263273662448, 1.400563395311054 ], [ 103.954243526352755, 1.400368227775768 ], [ 103.954258380436087, 1.400221312488842 ], [ 103.954216228737636, 1.400076702665779 ], [ 103.95417520076316, 1.40006458362968 ], [ 103.954163972532939, 1.400002624560341 ], [ 103.954148969247953, 1.399990941885192 ], [ 103.954145243588016, 1.399988041789309 ], [ 103.954148737366666, 1.399990009499957 ], [ 103.954165479108681, 1.399978383962248 ], [ 103.954131017802254, 1.399928133968178 ], [ 103.954084462390881, 1.39991061617538 ], [ 103.954047937793618, 1.399857342100053 ], [ 103.953994985309677, 1.399820565342624 ], [ 103.953972589239044, 1.399787918128057 ], [ 103.953983345963451, 1.399784543396421 ], [ 103.954008056947799, 1.399820563761412 ], [ 103.954061008533344, 1.399857340518573 ], [ 103.954097533130934, 1.39991061549803 ], [ 103.954144088542378, 1.399928133290559 ], [ 103.954178550747656, 1.399978383284364 ], [ 103.954161809005697, 1.399990008822162 ], [ 103.954162040886999, 1.399990941207395 ], [ 103.954177043273461, 1.400002623882501 ], [ 103.954188272402547, 1.40006458204734 ], [ 103.954229300377122, 1.400076701987563 ], [ 103.954271452076341, 1.400221311810319 ], [ 103.95425659709521, 1.400368226192944 ], [ 103.954276345304606, 1.400563394632338 ], [ 103.954259176873791, 1.400577750462206 ], [ 103.95428853914207, 1.400758279493643 ], [ 103.954311842650199, 1.400945819453236 ], [ 103.954324182966545, 1.400948085143279 ], [ 103.954818628803423, 1.399419030130126 ], [ 103.956825882016417, 1.398270736772985 ], [ 103.957386243489793, 1.397868363651756 ], [ 103.957443292188245, 1.397657794410507 ], [ 103.957253076675087, 1.397351526065029 ], [ 103.956568348897562, 1.397160138725188 ], [ 103.955446187444707, 1.397466476158261 ], [ 103.954818549070524, 1.397868498733611 ], [ 103.953430123933174, 1.398481125779408 ], [ 103.952751033982167, 1.399183750508084 ], [ 103.952365061640677, 1.399591437688118 ], [ 103.952022719230271, 1.399936018013312 ], [ 103.951538781207617, 1.399706732552807 ], [ 103.951233895534031, 1.399845081941309 ], [ 103.951299976336031, 1.400261474956225 ], [ 103.950995680839128, 1.400740049847023 ], [ 103.950139814667338, 1.401410076070439 ], [ 103.949017690550178, 1.402539532164536 ], [ 103.948275935437806, 1.403037270209087 ], [ 103.947096749714802, 1.404166728321808 ], [ 103.9457871626702, 1.405169638496534 ], [ 103.945127073921938, 1.405616463328219 ], [ 103.944784725023183, 1.405865331357028 ], [ 103.94442334489267, 1.405865348686492 ], [ 103.944217622394788, 1.405937825078175 ], [ 103.944042949880171, 1.405999363517751 ], [ 103.943852764959956, 1.406324792894689 ], [ 103.942939847144757, 1.407262811890275 ], [ 103.94218242193692, 1.408002757972091 ], [ 103.941646542789798, 1.40852626962511 ], [ 103.941608516314389, 1.408813407358467 ], [ 103.941912840427705, 1.408889962755637 ], [ 103.942527333553542, 1.408724874166017 ], [ 103.943204426499932, 1.408542966738003 ], [ 103.943675493866593, 1.408416410490672 ], [ 103.944548258021186, 1.408186750261192 ], [ 103.945499261830577, 1.408224988776753 ], [ 103.946374176057802, 1.408052665244284 ], [ 103.947098973456491, 1.407781349141079 ] ] ], [ [ [ 103.99600314645177, 1.415438675866199 ], [ 103.995646501064684, 1.415165922435004 ], [ 103.995061648284562, 1.415366958526612 ], [ 103.994633710637828, 1.415567982598997 ], [ 103.994476831168612, 1.416099193131203 ], [ 103.994590983037511, 1.416544244373725 ], [ 103.995161589055854, 1.416601631226164 ], [ 103.995632320907475, 1.416386247306171 ], [ 103.995960398407874, 1.416113445594079 ], [ 103.996060226552459, 1.415725806221551 ], [ 103.99600314645177, 1.415438675866199 ] ] ], [ [ [ 103.953597901431763, 1.402697725985838 ], [ 103.953576090764756, 1.402691560268926 ], [ 103.953582207626383, 1.402713519671537 ], [ 103.953597901431763, 1.402697725985838 ] ] ], [ [ [ 103.989972040912491, 1.402113949911042 ], [ 103.990057610528112, 1.401812452016077 ], [ 103.989957735901939, 1.401510967510051 ], [ 103.989729490188438, 1.401410484875268 ], [ 103.989301526843732, 1.401195162703616 ], [ 103.988759463937456, 1.40128133931193 ], [ 103.988402858425701, 1.401568498524534 ], [ 103.988516995916783, 1.401841268715708 ], [ 103.988702456268669, 1.402085321588069 ], [ 103.989258810851595, 1.402386776512193 ], [ 103.989315871586541, 1.402401129412198 ], [ 103.989672492326392, 1.402343677665055 ], [ 103.989972040912491, 1.402113949911042 ] ] ], [ [ [ 103.948678645548725, 1.408370695410031 ], [ 103.948720656424811, 1.408358920331162 ], [ 103.948726493961217, 1.408292765949286 ], [ 103.948689200428859, 1.40830009585329 ], [ 103.94861328594213, 1.408383552363133 ], [ 103.94863596906319, 1.408405660175555 ], [ 103.948678645548725, 1.408370695410031 ] ] ], [ [ [ 103.953538518285953, 1.403604573560186 ], [ 103.953420383006048, 1.403592454885478 ], [ 103.953425834759628, 1.403646512844151 ], [ 103.953502588600472, 1.403694158807604 ], [ 103.953538658080149, 1.403737821349559 ], [ 103.95363362239857, 1.403817232986523 ], [ 103.953724530937237, 1.403834381312854 ], [ 103.953745256462568, 1.403759235894519 ], [ 103.953642533763471, 1.403714394806531 ], [ 103.953603772820188, 1.40361382452085 ], [ 103.953649314558263, 1.403575729530863 ], [ 103.953665567087583, 1.403556057006744 ], [ 103.953602095331135, 1.403564226681119 ], [ 103.953585877846265, 1.403583907342309 ], [ 103.953538518285953, 1.403604573560186 ] ] ], [ [ [ 103.983110083789541, 1.404354960488221 ], [ 103.983127734772836, 1.404301180623882 ], [ 103.983168068492247, 1.404287778106998 ], [ 103.983173927178484, 1.404230437629736 ], [ 103.982961533102909, 1.404297072875677 ], [ 103.982966677130719, 1.404305788774896 ], [ 103.983060697337208, 1.404319190771642 ], [ 103.983110083789541, 1.404354960488221 ] ] ], [ [ [ 103.986392443081627, 1.404372869915812 ], [ 103.986389511321647, 1.404363777665733 ], [ 103.986386800261997, 1.404363112234836 ], [ 103.986347874945182, 1.404353560227656 ], [ 103.986453597560612, 1.404549414291343 ], [ 103.986454906225873, 1.40448549217686 ], [ 103.986416913662467, 1.404448772207558 ], [ 103.986392443081627, 1.404372869915812 ] ] ], [ [ [ 103.935019537184601, 1.4140667492294 ], [ 103.935138415110501, 1.414138527760692 ], [ 103.935316722394646, 1.413994952336849 ], [ 103.93588732764772, 1.414030819381186 ], [ 103.936106475204241, 1.413960230467551 ], [ 103.936117258977376, 1.413956756330835 ], [ 103.936481696754868, 1.413839369191042 ], [ 103.936885865763287, 1.413647927397566 ], [ 103.937432669682579, 1.41310952316715 ], [ 103.937682298201196, 1.412882195874072 ], [ 103.937646624481729, 1.412642917651642 ], [ 103.937301887510898, 1.412678825535596 ], [ 103.937123582578138, 1.412870257246474 ], [ 103.936945280266997, 1.413121508905098 ], [ 103.936790741572736, 1.413121515836116 ], [ 103.936755069894815, 1.412906166120507 ], [ 103.937135457748965, 1.412595085441111 ], [ 103.937706048410419, 1.412331851362572 ], [ 103.938110220801633, 1.412224157862807 ], [ 103.938383630362495, 1.412140396961936 ], [ 103.938692705090176, 1.412104491454632 ], [ 103.938716474280511, 1.411960921931219 ], [ 103.938098318424252, 1.411889166275525 ], [ 103.937694145022022, 1.411972933051808 ], [ 103.937171093875563, 1.412008848052602 ], [ 103.936636165731471, 1.412260115688067 ], [ 103.935519119264967, 1.413201044234934 ], [ 103.934960082167365, 1.413671940635452 ], [ 103.935019537184601, 1.4140667492294 ] ] ], [ [ [ 103.953194909794973, 1.404626672338154 ], [ 103.953225247885442, 1.404594970169969 ], [ 103.953182397500072, 1.404582644118407 ], [ 103.953194909794973, 1.404626672338154 ] ] ], [ [ [ 103.950444431912203, 1.421872481536043 ], [ 103.950438315014168, 1.42185052303489 ], [ 103.950422622865176, 1.421866315804788 ], [ 103.950444431912203, 1.421872481536043 ] ] ], [ [ [ 103.980268488091411, 1.403581585909763 ], [ 103.980374635455178, 1.403536692141059 ], [ 103.980381753035331, 1.403492367147757 ], [ 103.980309143088206, 1.403475032426162 ], [ 103.980304033180403, 1.403494506355496 ], [ 103.980268488091411, 1.403581585909763 ] ] ], [ [ [ 103.953547221064341, 1.40395686100646 ], [ 103.95356647992584, 1.403983616464789 ], [ 103.953517687326226, 1.40402590786177 ], [ 103.953557426550873, 1.404050671759816 ], [ 103.953602270162392, 1.403978630673392 ], [ 103.953631105255141, 1.403953624475125 ], [ 103.953668713127257, 1.403909702186229 ], [ 103.953596153479552, 1.40388991578867 ], [ 103.95351905113256, 1.403933226962201 ], [ 103.953496227606308, 1.403906589254796 ], [ 103.953474207797328, 1.403887496597954 ], [ 103.953478437420614, 1.403834715098281 ], [ 103.953459108957475, 1.40379986379371 ], [ 103.953450824423399, 1.403772180795896 ], [ 103.953423318380302, 1.403780517722331 ], [ 103.953406751367794, 1.403835885430611 ], [ 103.953351737482308, 1.40385255837799 ], [ 103.953332758779368, 1.403874710801745 ], [ 103.953214867133141, 1.403865177676181 ], [ 103.953174113757257, 1.403900046552319 ], [ 103.953284420382005, 1.403925268039567 ], [ 103.953278758433171, 1.403996021095484 ], [ 103.953292005369249, 1.404014651173803 ], [ 103.953325559026524, 1.40393893353887 ], [ 103.953547221064341, 1.40395686100646 ] ] ], [ [ [ 103.981322242635756, 1.403860253057884 ], [ 103.981329479067043, 1.403805714202974 ], [ 103.980685382744682, 1.403570553442288 ], [ 103.980678853137377, 1.403619602780615 ], [ 103.980607273414606, 1.403652658999947 ], [ 103.980643412974956, 1.403674442766531 ], [ 103.981322242635756, 1.403860253057884 ] ] ], [ [ [ 103.94881457151223, 1.408188032806078 ], [ 103.948833724664311, 1.408148578148279 ], [ 103.948815969592459, 1.408112663195165 ], [ 103.948783009718071, 1.40811570439909 ], [ 103.94873837640489, 1.408119822375059 ], [ 103.948784786666224, 1.408161369172779 ], [ 103.94881457151223, 1.408188032806078 ] ] ], [ [ [ 103.953182397500072, 1.404582644118407 ], [ 103.953182397424328, 1.404510603543345 ], [ 103.953169955089265, 1.404516935623942 ], [ 103.953146851390301, 1.404564550572527 ], [ 103.953182397500072, 1.404582644118407 ] ] ], [ [ [ 103.992331072855734, 1.402757710871862 ], [ 103.992384757566427, 1.402757551650754 ], [ 103.992390769733944, 1.402727581635923 ], [ 103.992331072855734, 1.402757710871862 ] ] ], [ [ [ 103.953182397424328, 1.404510603543345 ], [ 103.953250098113443, 1.404505977854619 ], [ 103.953276417063393, 1.404478522777513 ], [ 103.953186940847715, 1.404479164067235 ], [ 103.953182397424328, 1.404510603543345 ] ] ] ] } },
{ "type": "Feature", "properties": { "OBJECTID": 700139, "ISLAND": "Pulau Tekong" }, "geometry": { "type": "MultiPolygon", "coordinates": [ [ [ [ 104.030056856845079, 1.411481273251638 ], [ 104.029658571980647, 1.411763305130567 ], [ 104.029098780904874, 1.41198513211537 ], [ 104.028647753293626, 1.41211274907229 ], [ 104.028107398008089, 1.412158112109488 ], [ 104.02752698838232, 1.41214879905277 ], [ 104.026970587859594, 1.411954002566681 ], [ 104.02642458777828, 1.411587196020299 ], [ 104.026088105023291, 1.411214897774676 ], [ 104.025828449133257, 1.41081948941409 ], [ 104.025758554038333, 1.410711468663556 ], [ 104.025647668840605, 1.410554149291857 ], [ 104.025596222280711, 1.410486986837288 ], [ 104.025533886456287, 1.410405609669139 ], [ 104.025480220184008, 1.410335702666281 ], [ 104.025413033302556, 1.410258852212751 ], [ 104.025336582195564, 1.41017268762918 ], [ 104.025262448016335, 1.4100911812026 ], [ 104.025174417431359, 1.410000361933081 ], [ 104.025091024481554, 1.409921192226039 ], [ 104.024982149295965, 1.409816405947204 ], [ 104.024903395973425, 1.40975121271397 ], [ 104.024799159709303, 1.40966273434421 ], [ 104.024706511078818, 1.409590559697213 ], [ 104.024595331879226, 1.409506744764818 ], [ 104.024486476277261, 1.409432249957064 ], [ 104.024349826076417, 1.40933913035627 ], [ 104.024215497867104, 1.409257661410552 ], [ 104.024062645955439, 1.409171541959542 ], [ 104.023884322143758, 1.409076118739861 ], [ 104.023708322498962, 1.408997004522898 ], [ 104.023532325938262, 1.408922550452415 ], [ 104.023360967004351, 1.408859742321409 ], [ 104.023187295510354, 1.408801597241021 ], [ 104.023004366518066, 1.408750446312877 ], [ 104.022846914116698, 1.408710931480518 ], [ 104.022629259885449, 1.408664462515835 ], [ 104.0224231901948, 1.408629637110607 ], [ 104.022251858230476, 1.408611099976588 ], [ 104.022080528626901, 1.408599554429185 ], [ 104.021876788326026, 1.40859035741517 ], [ 104.021728619660522, 1.408590447248144 ], [ 104.021550353240656, 1.408592884521029 ], [ 104.021355888150481, 1.408606982997245 ], [ 104.021214672014949, 1.408621049102887 ], [ 104.021094289982372, 1.40863044159192 ], [ 104.020325675694849, 1.408661197730917 ], [ 104.019543168219485, 1.40868963234034 ], [ 104.018005938476435, 1.408751141538217 ], [ 104.016630766054902, 1.408805564813462 ], [ 104.015882986661111, 1.408833976457378 ], [ 104.014799593836358, 1.408876212905289 ], [ 104.014731231885008, 1.408891223393666 ], [ 104.014722640701848, 1.408893109656128 ], [ 104.014543895188311, 1.408941427298582 ], [ 104.014367636695084, 1.408998251138672 ], [ 104.014194264180261, 1.409063450013876 ], [ 104.014024170310975, 1.409136878292544 ], [ 104.013857741462772, 1.409218368638921 ], [ 104.013695353227035, 1.409307735630971 ], [ 104.013537373107013, 1.409404779377669 ], [ 104.013384161415857, 1.409509278283876 ], [ 104.01323606229127, 1.409620994477321 ], [ 104.013093413580009, 1.409739676520898 ], [ 104.012956537851906, 1.4098650557958 ], [ 104.012825744197144, 1.409996848310186 ], [ 104.012701329124738, 1.410134753794739 ], [ 104.012583575664465, 1.410278462033199 ], [ 104.012472749771945, 1.410427645627734 ], [ 104.012369102126499, 1.410581968138124 ], [ 104.012272867232042, 1.410741078655561 ], [ 104.012237252485676, 1.410806815688772 ], [ 104.009282896523743, 1.418684111734998 ], [ 104.00924061177507, 1.418826188962812 ], [ 104.009187450246856, 1.419023711502207 ], [ 104.009139511388412, 1.419222582041933 ], [ 104.009096827539693, 1.419422662212638 ], [ 104.009059428344671, 1.419623810027707 ], [ 104.009027340751601, 1.419825884405086 ], [ 104.009000586317427, 1.420028746071792 ], [ 104.008979183902809, 1.420232248520115 ], [ 104.00896315057166, 1.420436251572983 ], [ 104.008952495300321, 1.420640609627754 ], [ 104.008947226166683, 1.420845179794895 ], [ 104.008947346755804, 1.421049820089518 ], [ 104.008952857956601, 1.421254384005112 ], [ 104.008963755266876, 1.421458729557369 ], [ 104.008980030589811, 1.421662712049076 ], [ 104.009001673133, 1.421866189496352 ], [ 104.009028667610906, 1.422069017202499 ], [ 104.009060995143926, 1.422271054088477 ], [ 104.009098632359269, 1.422472157266909 ], [ 104.00914155318857, 1.422672185659244 ], [ 104.009189727969058, 1.422870999091584 ], [ 104.009243121646406, 1.423068456486025 ], [ 104.00930169826789, 1.423264420382154 ], [ 104.009365414692027, 1.423458753320104 ], [ 104.009434227777248, 1.423651316935608 ], [ 104.009508088990742, 1.423841978290925 ], [ 104.009586946205033, 1.424030599926828 ], [ 104.009670743698891, 1.424217054332274 ], [ 104.009759423054874, 1.424401207665888 ], [ 104.00985292226116, 1.424582927895275 ], [ 104.009951173016432, 1.424762091127768 ], [ 104.010054108816121, 1.424938569853123 ], [ 104.010161657764485, 1.425112241083277 ], [ 104.010273742574128, 1.425282981830579 ], [ 104.010390285059188, 1.425450671820554 ], [ 104.010511203439634, 1.425615194396403 ], [ 104.010636413239567, 1.425776431997214 ], [ 104.010765825490466, 1.425934273392919 ], [ 104.010899350325232, 1.426088607353558 ], [ 104.011036892485151, 1.426239323553927 ], [ 104.011178356711866, 1.426386317095013 ], [ 104.011323642355649, 1.426529486695652 ], [ 104.011434077716203, 1.426632686311475 ], [ 104.011472647868018, 1.426668729266071 ], [ 104.01162526900508, 1.426803948047228 ], [ 104.011690339945119, 1.426858587082503 ], [ 104.014356889957156, 1.429239654111346 ], [ 104.02084666623341, 1.435032455321466 ], [ 104.02095055013568, 1.435127588020037 ], [ 104.021106925030281, 1.435264613515837 ], [ 104.021266243441943, 1.435398163303631 ], [ 104.021428428085997, 1.435528170466692 ], [ 104.021593401678217, 1.435654573514435 ], [ 104.021761085137143, 1.435777310956479 ], [ 104.021931398483005, 1.435896325824311 ], [ 104.022104259039978, 1.436011558436572 ], [ 104.022279585929965, 1.436122956346674 ], [ 104.022457292883061, 1.436230464395425 ], [ 104.022637296325371, 1.436334031040869 ], [ 104.02281950819021, 1.436433607454503 ], [ 104.023003844005274, 1.436529145711946 ], [ 104.023190212109654, 1.43662059969816 ], [ 104.023378525335559, 1.436707926010797 ], [ 104.023568692920946, 1.436791083056593 ], [ 104.023760624103744, 1.43687002924233 ], [ 104.02395422722374, 1.436944729305381 ], [ 104.02414940792471, 1.437015145270309 ], [ 104.024346073648033, 1.437081244587703 ], [ 104.024493015956836, 1.437127058786975 ], [ 104.036067132847009, 1.440362779210994 ], [ 104.036228737366784, 1.440403413824566 ], [ 104.036432484604148, 1.44045038690967 ], [ 104.036637108515137, 1.440493323746716 ], [ 104.036842530919998, 1.440532210777263 ], [ 104.037048672739999, 1.440567030825586 ], [ 104.037255453998156, 1.440597770333431 ], [ 104.03746279471784, 1.440624419360104 ], [ 104.037670614922078, 1.440646965251766 ], [ 104.03787883553305, 1.440665400780755 ], [ 104.038087375675545, 1.440679716910854 ], [ 104.038296154474935, 1.44068991093637 ], [ 104.038505092853597, 1.440695978342784 ], [ 104.038714109038068, 1.440697913711475 ], [ 104.038923122154216, 1.440695719762997 ], [ 104.039132052226236, 1.440689396504817 ], [ 104.039340819278564, 1.440678945753074 ], [ 104.039549340640022, 1.440664372037304 ], [ 104.039757539031214, 1.440645681695291 ], [ 104.039965332679671, 1.440622879256526 ], [ 104.040172640712001, 1.440595975580978 ], [ 104.040379384950697, 1.440564981528359 ], [ 104.040585483623872, 1.44052990795877 ], [ 104.040790858554288, 1.440490768445065 ], [ 104.040995430666271, 1.440447578368931 ], [ 104.041199120884301, 1.440400354016404 ], [ 104.041401850133084, 1.440349114386679 ], [ 104.041603540236096, 1.4402938793832 ], [ 104.041804114813971, 1.440234668909265 ], [ 104.041872257521504, 1.440213081043959 ], [ 104.041892954294681, 1.440207805828532 ], [ 104.042996452546078, 1.439926536446988 ], [ 104.043482955474119, 1.439802532880301 ], [ 104.043743454236662, 1.439587426730236 ], [ 104.043985203644553, 1.439351187947102 ], [ 104.044206516449734, 1.43909546531854 ], [ 104.044405848037812, 1.438822043616315 ], [ 104.04458180720853, 1.438532831139808 ], [ 104.044733165885347, 1.43822984639737 ], [ 104.045610317963153, 1.436491686084567 ], [ 104.04572248449962, 1.436243986287887 ], [ 104.045855378298086, 1.436006899094737 ], [ 104.046008016932376, 1.435782177187775 ], [ 104.046179272011372, 1.43557148183847 ], [ 104.046367877520652, 1.435376370626043 ], [ 104.04657243918156, 1.435198285922957 ], [ 104.046791444758597, 1.43503854423209 ], [ 104.047110353855743, 1.434864663204442 ], [ 104.047444388779738, 1.434722427026302 ], [ 104.047790458220106, 1.434613152015682 ], [ 104.048145359493489, 1.434537849453021 ], [ 104.051488766277771, 1.434057822127575 ], [ 104.053460302666622, 1.433781282381895 ], [ 104.053585420248055, 1.433762224513478 ], [ 104.054007734548648, 1.433531607815731 ], [ 104.054250334223013, 1.433332644721023 ], [ 104.054340185522349, 1.433160826249009 ], [ 104.054340173736719, 1.432934746035581 ], [ 104.054421047661691, 1.432767441176207 ], [ 104.054439007710016, 1.432645360276802 ], [ 104.054191904361957, 1.43235599000302 ], [ 104.054079567182001, 1.432306252212516 ], [ 104.054309089770328, 1.43200591739943 ], [ 104.054826071090588, 1.431329433468323 ], [ 104.054886182042821, 1.431375962220199 ], [ 104.054932993386615, 1.431407690652162 ], [ 104.05508593120976, 1.431474245494804 ], [ 104.055182922983704, 1.43154989727387 ], [ 104.055265636042108, 1.431614412377847 ], [ 104.055571158427924, 1.431736479835141 ], [ 104.055577000413678, 1.431739290911138 ], [ 104.055777834071577, 1.431835938932061 ], [ 104.05612923260027, 1.431805201678256 ], [ 104.056167864251279, 1.431819595262569 ], [ 104.056648204569171, 1.431825463630598 ], [ 104.056646928583717, 1.431816262828576 ], [ 104.05663555262079, 1.431734232442109 ], [ 104.056664375598231, 1.431733180563132 ], [ 104.057071752200514, 1.431718336274728 ], [ 104.057404229197459, 1.431808748331822 ], [ 104.058257845959176, 1.431591681893805 ], [ 104.058267552886065, 1.431586472744811 ], [ 104.058523158722025, 1.431449257479322 ], [ 104.058526788822732, 1.431447308231751 ], [ 104.058527031428497, 1.431447177980403 ], [ 104.05852740971379, 1.431446975367093 ], [ 104.058541415730616, 1.431444346826579 ], [ 104.059004792286416, 1.431357384164501 ], [ 104.059048301958796, 1.431349218036114 ], [ 104.059068469870965, 1.431340339777122 ], [ 104.059812336385875, 1.431012857198447 ], [ 104.060112808055095, 1.430917164476319 ], [ 104.06115665921115, 1.430471239714607 ], [ 104.061660450446354, 1.430286664409509 ], [ 104.062453660503579, 1.429926008864197 ], [ 104.0629099887514, 1.429819654975285 ], [ 104.063457257738762, 1.429770566536861 ], [ 104.063640954019363, 1.429754188193131 ], [ 104.06381115574834, 1.429669894027567 ], [ 104.064024577842957, 1.429479568731532 ], [ 104.064583571413493, 1.429223706802689 ], [ 104.065140363889157, 1.429063270857362 ], [ 104.065722639530108, 1.428717828920451 ], [ 104.065765138920753, 1.428591639753067 ], [ 104.065682243279568, 1.428401298359099 ], [ 104.065775755174599, 1.428362800341523 ], [ 104.065867136730233, 1.428576673123422 ], [ 104.065943652088336, 1.42859378298726 ], [ 104.066094539297552, 1.428561690092969 ], [ 104.065986434188844, 1.428410701636359 ], [ 104.066214202453324, 1.428368860081089 ], [ 104.06738187518404, 1.427986785854792 ], [ 104.067674700477681, 1.427843089804294 ], [ 104.067902459988161, 1.427795777644907 ], [ 104.068132010932942, 1.427692061488168 ], [ 104.068390938673289, 1.42760886936678 ], [ 104.068851394379053, 1.427460969670666 ], [ 104.069098350582294, 1.427354934675041 ], [ 104.069267885200787, 1.427341831146619 ], [ 104.069709215696491, 1.427065803192188 ], [ 104.069833383378665, 1.427087178371018 ], [ 104.070727807276782, 1.426560578614817 ], [ 104.070712839081835, 1.426494535046741 ], [ 104.070800049584065, 1.42643527258475 ], [ 104.070851417897813, 1.426486426671244 ], [ 104.071025856860743, 1.426367910777057 ], [ 104.071170927076508, 1.426220151957319 ], [ 104.071498501082772, 1.426086109496093 ], [ 104.072429113770681, 1.425507884795297 ], [ 104.072552468117323, 1.425389636409367 ], [ 104.072530194403868, 1.425323620754257 ], [ 104.07261740480898, 1.42526435823771 ], [ 104.072697931388078, 1.425308012121627 ], [ 104.072931495089406, 1.425084548468552 ], [ 104.073224404098326, 1.424802331622683 ], [ 104.073354907247563, 1.424733794900046 ], [ 104.074201320739149, 1.423973857203266 ], [ 104.074332500924115, 1.423935932810824 ], [ 104.074344601237584, 1.423901285666248 ], [ 104.074278501971392, 1.423906031443409 ], [ 104.074256911969158, 1.42384784836416 ], [ 104.074261524749531, 1.423790674503463 ], [ 104.07423802368524, 1.423760597195239 ], [ 104.074265913606951, 1.423740462397501 ], [ 104.074310340991673, 1.423840950649361 ], [ 104.074407770451899, 1.423803581460737 ], [ 104.074517080772011, 1.423608654147865 ], [ 104.074691962287829, 1.423515848828975 ], [ 104.074843756097621, 1.423479604343589 ], [ 104.075169894545141, 1.423200250625802 ], [ 104.075937890237981, 1.422543164076728 ], [ 104.076025117929831, 1.422401867352316 ], [ 104.076067216701887, 1.422231735498654 ], [ 104.076173669967631, 1.422128917072842 ], [ 104.076358681808856, 1.422069524718355 ], [ 104.076425802161324, 1.421948001139852 ], [ 104.076491565435177, 1.421918901047765 ], [ 104.076640264303236, 1.421753180190109 ], [ 104.076966669586653, 1.421460722149799 ], [ 104.077070288068413, 1.421309511924163 ], [ 104.077419909081527, 1.421060740794463 ], [ 104.077841062383598, 1.420605796057893 ], [ 104.078070820261473, 1.420439740937504 ], [ 104.078233576430549, 1.420394496764417 ], [ 104.078754550772999, 1.420090514380312 ], [ 104.07882584349872, 1.419930553395799 ], [ 104.078857911911726, 1.419895081144119 ], [ 104.078885225588323, 1.419864872749635 ], [ 104.079277287171109, 1.419625800605032 ], [ 104.0796968032801, 1.419414796659033 ], [ 104.080131347747226, 1.419243175716609 ], [ 104.080266812335566, 1.419115628960258 ], [ 104.080325721755059, 1.419084277671165 ], [ 104.080371662689913, 1.419059819867423 ], [ 104.080506999257182, 1.418987781547636 ], [ 104.08059950186238, 1.418759503243319 ], [ 104.08065135484749, 1.418720935950577 ], [ 104.080660707497131, 1.418706121602515 ], [ 104.080922864842293, 1.418250424866417 ], [ 104.08155899127965, 1.417439646921399 ], [ 104.081642050643097, 1.41722054882666 ], [ 104.081661774421733, 1.417059788486196 ], [ 104.081594059911552, 1.416905666501024 ], [ 104.081609117151629, 1.416877901166942 ], [ 104.081700548230444, 1.416967847535319 ], [ 104.081817361667717, 1.416949755962012 ], [ 104.082122847366179, 1.416402634103373 ], [ 104.08240136880228, 1.415792201224732 ], [ 104.082751768222579, 1.415104906634908 ], [ 104.082765239538389, 1.414960217369321 ], [ 104.082675575236181, 1.414913399549546 ], [ 104.082772593702529, 1.414734887401371 ], [ 104.082855076876271, 1.414675354714377 ], [ 104.083025795812645, 1.414404046825185 ], [ 104.08328141260219, 1.413798462832845 ], [ 104.083526829771955, 1.413346367116897 ], [ 104.083586555974264, 1.413249404712474 ], [ 104.083604809560867, 1.41319781830835 ], [ 104.083662228380632, 1.413110859226956 ], [ 104.083804018690955, 1.412977342018379 ], [ 104.08439697423529, 1.411990065357651 ], [ 104.084479827622332, 1.411613582314396 ], [ 104.084725438521346, 1.411136797626869 ], [ 104.084793811712942, 1.410638825079139 ], [ 104.085091510664213, 1.410140511062326 ], [ 104.085180911585184, 1.409485558255383 ], [ 104.085083917372657, 1.408966170482255 ], [ 104.084944771605009, 1.408712016573735 ], [ 104.08460271347333, 1.408328281522927 ], [ 104.084378080279805, 1.407993070427026 ], [ 104.084030903940942, 1.407717569049507 ], [ 104.083593145970028, 1.407485495485979 ], [ 104.083717962124808, 1.407177106790393 ], [ 104.083814521620127, 1.407079144731122 ], [ 104.083974247270746, 1.407055856597974 ], [ 104.084016242639407, 1.407051466838685 ], [ 104.084065491057672, 1.407053117387636 ], [ 104.084307701555815, 1.407047529395425 ], [ 104.084549227668091, 1.407028268505085 ], [ 104.084789296620812, 1.406995386349659 ], [ 104.085027144631724, 1.406948985205363 ], [ 104.085262033084319, 1.40688921798988 ], [ 104.085493219772133, 1.406816274700095 ], [ 104.08571997687018, 1.406730381505715 ], [ 104.085941572964401, 1.406631809794856 ], [ 104.086157326965363, 1.4065208671245 ], [ 104.086366547006065, 1.406397906270669 ], [ 104.086568577166915, 1.406263316179818 ], [ 104.086762779505293, 1.406117531014274 ], [ 104.086948543037295, 1.405960993976964 ], [ 104.087125283742779, 1.405794202529204 ], [ 104.087292435577481, 1.405617690304565 ], [ 104.087449477428478, 1.40543200901868 ], [ 104.087595915144504, 1.40523774655837 ], [ 104.087731272549249, 1.405035517939026 ], [ 104.087855145354823, 1.404825956255143 ], [ 104.087967129277772, 1.404609730775218 ], [ 104.088066864963594, 1.404387509858285 ], [ 104.088154055963727, 1.404160010691457 ], [ 104.088228404929794, 1.40392793599202 ], [ 104.088289698983971, 1.403692028259408 ], [ 104.088337728842916, 1.403453029992387 ], [ 104.088372351718576, 1.403211689108312 ], [ 104.088393459870844, 1.402968786077238 ], [ 104.088457733349642, 1.401876028765231 ], [ 104.0884761276766, 1.40146579322114 ], [ 104.088483065163345, 1.401055198094534 ], [ 104.088478554837607, 1.400644576186047 ], [ 104.0884625877529, 1.400234234976186 ], [ 104.088435181922947, 1.399824510881757 ], [ 104.088396355359137, 1.39941572042355 ], [ 104.088346144044948, 1.399008186450748 ], [ 104.088284592949975, 1.398602237237509 ], [ 104.088211738055563, 1.398198179354356 ], [ 104.08812764230305, 1.397796347403711 ], [ 104.088032368629683, 1.397397039813697 ], [ 104.087925997947764, 1.39700059118454 ], [ 104.087808603078344, 1.396607299943052 ], [ 104.087680299076993, 1.396217482598448 ], [ 104.08754115786563, 1.39583143757747 ], [ 104.087391316064952, 1.395449481386794 ], [ 104.087230871654853, 1.395071912450214 ], [ 104.087059959455317, 1.394699020143807 ], [ 104.086686161431615, 1.393928258822362 ], [ 104.086300404353793, 1.393163489132598 ], [ 104.085902777206272, 1.392404895546144 ], [ 104.085493390540407, 1.391652678810649 ], [ 104.085072331540104, 1.390907001693341 ], [ 104.084639708959372, 1.390168072176912 ], [ 104.084195630648068, 1.389436051217639 ], [ 104.08374019547351, 1.38871113413832 ], [ 104.083273538242224, 1.387993487318527 ], [ 104.082795748833448, 1.387283293421058 ], [ 104.082443670701821, 1.386757384683014 ], [ 104.082102213075302, 1.386224429808893 ], [ 104.081771519744862, 1.38568464583422 ], [ 104.081451734500149, 1.385138241655292 ], [ 104.081142983161428, 1.384585449683574 ], [ 104.0808453915472, 1.384026489669539 ], [ 104.080559068405208, 1.383461604878637 ], [ 104.080284154827453, 1.382891003303043 ], [ 104.080020743386683, 1.382314929114231 ], [ 104.079768950016913, 1.381733616533223 ], [ 104.079528873580287, 1.381147312443757 ], [ 104.079300585980107, 1.380556249262588 ], [ 104.077587578965591, 1.375984184099363 ], [ 104.077325278130402, 1.37526779837554 ], [ 104.077073723913969, 1.374547514616513 ], [ 104.076832970238996, 1.373823492892643 ], [ 104.076603080015929, 1.373095916786603 ], [ 104.076384106266673, 1.372364930090292 ], [ 104.076176096625275, 1.371630713674687 ], [ 104.075979094229965, 1.370893421280401 ], [ 104.075793142221443, 1.370153233778681 ], [ 104.075618289128869, 1.369410304909394 ], [ 104.075454576295343, 1.368664815543702 ], [ 104.075302033380623, 1.367916928466745 ], [ 104.075160695435699, 1.367166806463009 ], [ 104.075030598412582, 1.366414639447388 ], [ 104.074911769273868, 1.365660581161374 ], [ 104.074804234085263, 1.364904803433495 ], [ 104.074708031493017, 1.364147487134469 ], [ 104.074649797538456, 1.363614610125671 ], [ 104.0746022725599, 1.363080664888455 ], [ 104.074565477238124, 1.362545859424602 ], [ 104.074539410689241, 1.36201041078146 ], [ 104.074524108871159, 1.361474545046065 ], [ 104.074519553827287, 1.360938480171588 ], [ 104.074525754557428, 1.360402430490909 ], [ 104.074542720061842, 1.3598666157629 ], [ 104.074570432383624, 1.359331252131577 ], [ 104.074608873566845, 1.3587965656887 ], [ 104.074658042726355, 1.358262764437121 ], [ 104.074717915616162, 1.357730072660212 ], [ 104.074770713611258, 1.35735497834246 ], [ 104.07483687336439, 1.356982033242279 ], [ 104.074916296076552, 1.356611727530696 ], [ 104.075008900917098, 1.356244522437312 ], [ 104.075114553145681, 1.355880915371145 ], [ 104.075233118017678, 1.355521358523179 ], [ 104.075364451804916, 1.355166322172167 ], [ 104.075508374836261, 1.354816267556754 ], [ 104.075664698453551, 1.354471637829063 ], [ 104.075833035458487, 1.354133284025735 ], [ 104.077126134310873, 1.351646706672356 ], [ 104.077611038012392, 1.350729738162159 ], [ 104.078108485901723, 1.349819599849951 ], [ 104.078618380041732, 1.348916467185176 ], [ 104.079140627886844, 1.348020513807804 ], [ 104.079675124312075, 1.347131911550246 ], [ 104.080221769583247, 1.346250823200599 ], [ 104.080780464867047, 1.345377429633839 ], [ 104.081351102342381, 1.344511884594961 ], [ 104.08193356520492, 1.34365435991693 ], [ 104.082527745635474, 1.342805018388016 ], [ 104.08263007719745, 1.342662954379801 ], [ 104.082689194072344, 1.342594516608024 ], [ 104.083255075534652, 1.341847424365168 ], [ 104.083357188801799, 1.341662389895342 ], [ 104.083750809954324, 1.341131526888301 ], [ 104.083849627115242, 1.34098910870751 ], [ 104.083937283528684, 1.340839483054274 ], [ 104.084013267110691, 1.340683518163854 ], [ 104.084077128681869, 1.340522138334954 ], [ 104.084128500835618, 1.340356310362301 ], [ 104.084167064686483, 1.340186992896288 ], [ 104.084192603790271, 1.340015206072647 ], [ 104.08420495920808, 1.339841950125184 ], [ 104.084204060959195, 1.339668241556702 ], [ 104.084189919036447, 1.339495122183468 ], [ 104.084162602733812, 1.339323603971766 ], [ 104.084122294563713, 1.339154711536979 ], [ 104.084069218366452, 1.33898941884614 ], [ 104.084003697723404, 1.338828722464829 ], [ 104.083926101137109, 1.338673560170753 ], [ 104.083836904934444, 1.338524857973846 ], [ 104.083736621377625, 1.338383480384161 ], [ 104.083625859769484, 1.338250269292875 ], [ 104.083505254566646, 1.338126015944741 ], [ 104.083375537261048, 1.338011437417484 ], [ 104.083237455516482, 1.337907234508884 ], [ 104.083091827072295, 1.337814001295752 ], [ 104.082939523576201, 1.337732290249167 ], [ 104.082781443626502, 1.337662598672027 ], [ 104.08261850378112, 1.33760531534294 ], [ 104.082451674508022, 1.337560801904566 ], [ 104.082281953220502, 1.337529311474448 ], [ 104.082110319353419, 1.33751102482374 ], [ 104.081937797261787, 1.337506050370856 ], [ 104.081765412191928, 1.337514424185959 ], [ 104.081594167816064, 1.3375360928104 ], [ 104.081425091161208, 1.337570926817574 ], [ 104.081259160726376, 1.337618730767994 ], [ 104.08109737387052, 1.337679211550065 ], [ 104.080940674033542, 1.33775201094423 ], [ 104.080789986678525, 1.337836709236661 ], [ 104.080646210303158, 1.337932793567711 ], [ 104.080510198476901, 1.338039738421396 ], [ 104.069409726602458, 1.347477475948559 ], [ 104.045093710977241, 1.368155071052413 ], [ 104.03784067537164, 1.374322685675093 ], [ 104.037837653709175, 1.374325224469634 ], [ 104.037740127596379, 1.374407177695245 ], [ 104.037643588091484, 1.374488999700869 ], [ 104.037311970790341, 1.374769183111015 ], [ 104.037125356133757, 1.374923786569913 ], [ 104.037030324214356, 1.375003645064684 ], [ 104.032699787503816, 1.378642698470993 ], [ 104.032502097437444, 1.378808822304093 ], [ 104.032344236083546, 1.378949687652126 ], [ 104.023636189082893, 1.38672016532759 ], [ 104.023609736047746, 1.386742888586569 ], [ 104.023445384382043, 1.386886760093849 ], [ 104.023282377981033, 1.38703217251159 ], [ 104.023120729423624, 1.387179112273657 ], [ 104.022960452187348, 1.387327565813846 ], [ 104.022801561547112, 1.38747752227891 ], [ 104.02264407098032, 1.387628967198287 ], [ 104.022487993066036, 1.387781887005858 ], [ 104.022333343977536, 1.387936269039574 ], [ 104.022180135395303, 1.388092099733353 ], [ 104.022028380796897, 1.38824936552102 ], [ 104.021878093659851, 1.388408051932026 ], [ 104.021729289258943, 1.388568145399997 ], [ 104.021581976578901, 1.388729632359118 ], [ 104.021436170894461, 1.388892498338671 ], [ 104.021291884784688, 1.389056729772534 ], [ 104.021149129929952, 1.389222311285918 ], [ 104.021007920706509, 1.389389229312551 ], [ 104.020868267896176, 1.389557468477716 ], [ 104.020730183179481, 1.389727015215336 ], [ 104.020593680932464, 1.38989785234172 ], [ 104.020458771937172, 1.390069967195217 ], [ 104.020325466975393, 1.390243343496744 ], [ 104.020193778626378, 1.39041796858452 ], [ 104.020063717671761, 1.390593823466383 ], [ 104.019935296690676, 1.39077089457619 ], [ 104.019808526465141, 1.390949167443563 ], [ 104.019683417776889, 1.391128623980692 ], [ 104.019559981407951, 1.391309250621569 ], [ 104.019438229038798, 1.391491031087039 ], [ 104.019318170552779, 1.391673949098053 ], [ 104.019199815833218, 1.391857989279967 ], [ 104.019083176560656, 1.392043135353585 ], [ 104.018968261719778, 1.392229370135595 ], [ 104.018855083889719, 1.392416678251097 ], [ 104.01874364935955, 1.392605043421347 ], [ 104.018633970708308, 1.392794448462705 ], [ 104.01852605602231, 1.392984878000651 ], [ 104.018419914286213, 1.393176313947483 ], [ 104.018315557180628, 1.39336874092834 ], [ 104.018212990994584, 1.393562140855757 ], [ 104.018112226510112, 1.393756498354939 ], [ 104.018013271813302, 1.393951794433897 ], [ 104.017916135889067, 1.394148013717984 ], [ 104.017820826823609, 1.394345138119548 ], [ 104.017727353601828, 1.39454315226395 ], [ 104.017635723411246, 1.394742036254884 ], [ 104.017545945236648, 1.394941772908954 ], [ 104.01745802716448, 1.395142346851614 ], [ 104.017371975483698, 1.395343739090923 ], [ 104.017287798280591, 1.395545932443611 ], [ 104.017205502742812, 1.395748908822032 ], [ 104.017125097855157, 1.395952650138461 ], [ 104.01704658900826, 1.396157140114119 ], [ 104.01704093724436, 1.396172281343765 ], [ 104.01691436942663, 1.396521743005246 ], [ 104.01633550231638, 1.397995126511655 ], [ 104.016023076932228, 1.399049178308664 ], [ 104.015595551529032, 1.400322398854782 ], [ 104.015500979145969, 1.40060404368271 ], [ 104.015483300562394, 1.400709145199502 ], [ 104.015476006228411, 1.400841267260239 ], [ 104.015483456652618, 1.400973380932636 ], [ 104.015505559155571, 1.4011038240108 ], [ 104.015542032358027, 1.401230956008014 ], [ 104.015592419660948, 1.401353178051565 ], [ 104.015656087449926, 1.40146895458762 ], [ 104.015732235879241, 1.401576828754548 ], [ 104.015819905163355, 1.401675443182789 ], [ 104.015917994448614, 1.401763558984949 ], [ 104.01602526990132, 1.401840068416327 ], [ 104.016140382680291, 1.40190400663026 ], [ 104.016261884214259, 1.401954571572836 ], [ 104.016388247768063, 1.401991126694387 ], [ 104.016517882821191, 1.402013215418149 ], [ 104.016649160227573, 1.402020555712087 ], [ 104.016674290661143, 1.402019350934032 ], [ 104.016759145748381, 1.402015285481232 ], [ 104.016917636490206, 1.40200988209521 ], [ 104.024334107611224, 1.401757025921943 ], [ 104.024916585311075, 1.401769156140433 ], [ 104.025421272560379, 1.401851137179288 ], [ 104.02589054613621, 1.401945809190063 ], [ 104.026309802297149, 1.402030390796005 ], [ 104.0269945969753, 1.40225585567276 ], [ 104.02749596377258, 1.402497448609215 ], [ 104.027685009424189, 1.402609097619653 ], [ 104.027722871035962, 1.402631458344262 ], [ 104.027840702825003, 1.402701837450751 ], [ 104.027979076581829, 1.402788875832863 ], [ 104.02810549884326, 1.402870801057461 ], [ 104.028268795392464, 1.402977438403599 ], [ 104.028397068774467, 1.403059745997931 ], [ 104.028522023540916, 1.403139923193243 ], [ 104.028959036806668, 1.403506465560214 ], [ 104.029236211475094, 1.403811952675093 ], [ 104.02951139359925, 1.404295035161282 ], [ 104.029640678612765, 1.404707816951882 ], [ 104.029476778362962, 1.405079171331165 ], [ 104.029394547804856, 1.405813626056014 ], [ 104.029432217803247, 1.405832579135283 ], [ 104.029533592611244, 1.405787840985631 ], [ 104.029294999299424, 1.406197163942175 ], [ 104.028853949092962, 1.406511899901448 ], [ 104.028584625972471, 1.406715656523529 ], [ 104.028510515708632, 1.406770240811435 ], [ 104.028320728719493, 1.407334186850101 ], [ 104.028271931493393, 1.407714402357925 ], [ 104.028311703992415, 1.407947262341214 ], [ 104.028331354882894, 1.40793470004907 ], [ 104.028387339632644, 1.408081859823195 ], [ 104.028357339633644, 1.408103227823707 ], [ 104.028339103141789, 1.408116216854494 ], [ 104.028353252302509, 1.408139362725017 ], [ 104.028431484296675, 1.408267331940489 ], [ 104.028587960908325, 1.40856664340212 ], [ 104.028610616939616, 1.408600708684414 ], [ 104.02875922296893, 1.408803316811174 ], [ 104.028932941053895, 1.409074339346354 ], [ 104.029042291782531, 1.409212407588174 ], [ 104.029095661518099, 1.409356811068877 ], [ 104.029336374035196, 1.409582545750596 ], [ 104.029499373306734, 1.409866917465595 ], [ 104.029544656723147, 1.409914219722441 ], [ 104.029567740055967, 1.41000728531298 ], [ 104.029681236305095, 1.410170204031442 ], [ 104.029666839302337, 1.410267325231867 ], [ 104.029729307722292, 1.410363958788116 ], [ 104.029724374943257, 1.410476246183562 ], [ 104.029846147641734, 1.410762771922444 ], [ 104.029890310164419, 1.41094461660036 ], [ 104.029959367581483, 1.411069484566102 ], [ 104.030173265869223, 1.411391978728477 ], [ 104.03018212939422, 1.41140176765547 ], [ 104.030110761627895, 1.411447061298491 ], [ 104.030056856845079, 1.411481273251638 ] ] ] ] } }
]
}
