{
"type": "FeatureCollection",
"name": "ReclamationProjects",
"crs": { "type": "name", "properties": { "name": "urn:ogc:def:crs:OGC:1.3:CRS84" } },
"features": [
{ "type": "Feature", "properties": { "id": null, "NAME": "Tekong-Ubin", "SHAPE_AREA": 882.344 }, "geometry": { "type": "MultiPolygon", "coordinates": [ [ [ [ 104.054826071090588, 1.431329433468323 ], [ 104.054627651045067, 1.431175843179574 ], [ 104.054605177443861, 1.430904538251681 ], [ 104.054699514998248, 1.430560900553347 ], [ 104.054744593860264, 1.430527154616166 ], [ 104.053828797269858, 1.429386659146405 ], [ 104.053571245693277, 1.429295949866314 ], [ 104.053480913054997, 1.429319522510175 ], [ 104.053455348908955, 1.429326193705263 ], [ 104.053373797737805, 1.429373734579397 ], [ 104.053174818658391, 1.429461838139796 ], [ 104.053159170434995, 1.429468767022825 ], [ 104.052978887041846, 1.42946876629461 ], [ 104.052901623376627, 1.429425572588728 ], [ 104.052738495902162, 1.429265743149573 ], [ 104.052187980143827, 1.428919662330628 ], [ 104.051368115628563, 1.428731355929601 ], [ 104.051361298805787, 1.428729790233791 ], [ 104.050889468541442, 1.428914475151618 ], [ 104.050876079199455, 1.428919715369224 ], [ 104.050256075183469, 1.42893782533679 ], [ 104.050239368082273, 1.428941187516001 ], [ 104.050098825532913, 1.428969474692201 ], [ 104.050008978845099, 1.429001135728026 ], [ 104.049362033678761, 1.429494009403788 ], [ 104.049322960494109, 1.42950425404508 ], [ 104.049305280336256, 1.429508890549889 ], [ 104.048646036986284, 1.429511834128351 ], [ 104.048636866912801, 1.42951187478527 ], [ 104.048419297131872, 1.429565804047753 ], [ 104.048224622065092, 1.429702787321274 ], [ 104.047759827930761, 1.429895339810759 ], [ 104.047744822106282, 1.42990155596552 ], [ 104.047504257495419, 1.429849686530042 ], [ 104.04747409723015, 1.429819574257281 ], [ 104.047231025407115, 1.429192994885418 ], [ 104.047185695119381, 1.429132705618755 ], [ 104.047087806523251, 1.429072638318785 ], [ 104.046988325066224, 1.429084197181782 ], [ 104.046962859394441, 1.429087155909847 ], [ 104.046890977475272, 1.429141415043012 ], [ 104.046634903385296, 1.429684008283449 ], [ 104.046526032754002, 1.429736605039846 ], [ 104.046522585029734, 1.429738271188558 ], [ 104.046369835072923, 1.429747310943994 ], [ 104.045776778183935, 1.42966595506727 ], [ 104.045232315047841, 1.429691861278092 ], [ 104.045206195934227, 1.429693103577834 ], [ 104.045161282256515, 1.430050311820218 ], [ 104.045084909175543, 1.430330650778438 ], [ 104.044658112207543, 1.430778302174048 ], [ 104.043954115466192, 1.431179978087438 ], [ 104.043952757770924, 1.431180752343056 ], [ 104.043304199231372, 1.431198175847247 ], [ 104.043278836656313, 1.431198856451759 ], [ 104.042779697175163, 1.431316814342225 ], [ 104.042762169698349, 1.431320956102584 ], [ 104.042672307155229, 1.431289311837256 ], [ 104.042636375468334, 1.431221488306405 ], [ 104.042609375493114, 1.430258394999913 ], [ 104.042470090716094, 1.42991927361447 ], [ 104.042056732841502, 1.429435480052322 ], [ 104.041252521276931, 1.429191339767841 ], [ 104.041144686324856, 1.429051174121796 ], [ 104.041023352176182, 1.428273465441602 ], [ 104.040861593045207, 1.427721839930044 ], [ 104.040484178333529, 1.42702552763954 ], [ 104.040262075499939, 1.426731920827052 ], [ 104.040191964187045, 1.426691339587662 ], [ 104.04015772718455, 1.426671510115513 ], [ 104.04012025173229, 1.426632155848017 ], [ 104.039706910156397, 1.426419660028557 ], [ 104.038799329219771, 1.425709802626062 ], [ 104.038570204386545, 1.42556963865242 ], [ 104.038305308225489, 1.425444671070771 ], [ 104.03754609597695, 1.425119914320443 ], [ 104.037542514978199, 1.425118381752968 ], [ 104.037300739200191, 1.425112380284361 ], [ 104.03728524934688, 1.425111994599251 ], [ 104.036783226535817, 1.424998488067083 ], [ 104.036450117700497, 1.424757479069739 ], [ 104.036115585424298, 1.424370877517672 ], [ 104.036042471880222, 1.424215008814972 ], [ 104.035978584570202, 1.424198013438662 ], [ 104.035959143224076, 1.42419284132543 ], [ 104.035708723251332, 1.424363325940404 ], [ 104.035615892502847, 1.424387570941065 ], [ 104.035561656682788, 1.424522741107491 ], [ 104.035592973542506, 1.42450506627816 ], [ 104.035645365687344, 1.424475499085126 ], [ 104.035717261403121, 1.424484545358056 ], [ 104.035717223676357, 1.424484703624074 ], [ 104.035690295728273, 1.424597583471537 ], [ 104.03546566754946, 1.424909579760512 ], [ 104.035299440226922, 1.425036186493301 ], [ 104.035150547387957, 1.42505822707784 ], [ 104.035146682620521, 1.425058799877321 ], [ 104.033997555223252, 1.424823092187258 ], [ 104.033978544406452, 1.424819193356068 ], [ 104.032446496081619, 1.424755931583853 ], [ 104.032298243457049, 1.42481471872261 ], [ 104.030995339179142, 1.424923273198152 ], [ 104.030757712176097, 1.425076329241372 ], [ 104.029910842409421, 1.425637122483551 ], [ 104.029778038291155, 1.42562348169259 ], [ 104.029765593661764, 1.425622203997984 ], [ 104.029048079298434, 1.425276799608471 ], [ 104.028782706160996, 1.425138546764287 ], [ 104.028667268208878, 1.424858993155746 ], [ 104.028646497588852, 1.424594568618302 ], [ 104.028846730917891, 1.423758472030072 ], [ 104.028905410141476, 1.423670644761099 ], [ 104.028971878565727, 1.423458033430482 ], [ 104.028853757871815, 1.423011832083264 ], [ 104.028773246555005, 1.422618298265519 ], [ 104.028774835628639, 1.422270311796691 ], [ 104.028622539787278, 1.422119957064246 ], [ 104.028982742658613, 1.420899357899159 ], [ 104.029343071027967, 1.419678687262291 ], [ 104.029476912836557, 1.419225112884686 ], [ 104.029434729447786, 1.419072533104216 ], [ 104.029519761968842, 1.418640432363688 ], [ 104.029576999961179, 1.418619292619645 ], [ 104.029582707776015, 1.418598105724157 ], [ 104.029583108419075, 1.41859661982882 ], [ 104.029569573672248, 1.418593280283273 ], [ 104.029549365905254, 1.418588293565711 ], [ 104.029611386086273, 1.418480995171443 ], [ 104.029836137205564, 1.418130735993312 ], [ 104.030055436424874, 1.41781084562814 ], [ 104.030199449167981, 1.417560316044082 ], [ 104.030233987410242, 1.417425591700297 ], [ 104.030315476336611, 1.417372688795743 ], [ 104.030442606830874, 1.417147890552702 ], [ 104.03045335430258, 1.417152854560785 ], [ 104.030736660908161, 1.41663834071664 ], [ 104.030741460915351, 1.416550781216681 ], [ 104.03084220570662, 1.416393856426414 ], [ 104.030846417541881, 1.416257985240288 ], [ 104.030954631718714, 1.415808509772846 ], [ 104.030995047432924, 1.415672626438068 ], [ 104.031035845321767, 1.415497620520651 ], [ 104.031085498119396, 1.415315359983702 ], [ 104.031086842878778, 1.41531042297516 ], [ 104.031068657338778, 1.41531002933069 ], [ 104.031049371033575, 1.41530961226715 ], [ 104.031100632551244, 1.415162260735601 ], [ 104.031199836590531, 1.414850854454265 ], [ 104.031305543733708, 1.414720717233878 ], [ 104.031353791892229, 1.414547573653978 ], [ 104.031349758816461, 1.414247905763283 ], [ 104.031221287827108, 1.413496186852127 ], [ 104.031250135726992, 1.413430609341646 ], [ 104.031127228256906, 1.412905450737522 ], [ 104.031013894604911, 1.412415324338701 ], [ 104.030920329952266, 1.412256961075185 ], [ 104.03081515158712, 1.412061140267097 ], [ 104.030653841672375, 1.411781056114071 ], [ 104.030320134569024, 1.411554181016611 ], [ 104.03018212939422, 1.41140176765547 ], [ 104.030110761627895, 1.411447061298491 ], [ 104.030056856845079, 1.411481273251638 ], [ 104.029658571980647, 1.411763305130567 ], [ 104.029098780904874, 1.41198513211537 ], [ 104.028647753293626, 1.41211274907229 ], [ 104.028107398008089, 1.412158112109488 ], [ 104.02752698838232, 1.41214879905277 ], [ 104.026970587859594, 1.411954002566681 ], [ 104.02642458777828, 1.411587196020299 ], [ 104.026088105023291, 1.411214897774676 ], [ 104.025828449133257, 1.41081948941409 ], [ 104.025758554038333, 1.410711468663556 ], [ 104.025647668840605, 1.410554149291857 ], [ 104.025596222280711, 1.410486986837288 ], [ 104.025533886456287, 1.410405609669139 ], [ 104.025480220184008, 1.410335702666281 ], [ 104.025413033302556, 1.410258852212751 ], [ 104.025336582195564, 1.41017268762918 ], [ 104.025262448016335, 1.4100911812026 ], [ 104.025174417431359, 1.410000361933081 ], [ 104.025091024481554, 1.409921192226039 ], [ 104.024982149295965, 1.409816405947204 ], [ 104.024903395973425, 1.40975121271397 ], [ 104.024799159709303, 1.40966273434421 ], [ 104.024706511078818, 1.409590559697213 ], [ 104.024595331879226, 1.409506744764818 ], [ 104.024486476277261, 1.409432249957064 ], [ 104.024349826076417, 1.40933913035627 ], [ 104.024215497867104, 1.409257661410552 ], [ 104.024062645955439, 1.409171541959542 ], [ 104.023884322143758, 1.409076118739861 ], [ 104.023708322498962, 1.408997004522898 ], [ 104.023532325938262, 1.408922550452415 ], [ 104.023360967004351, 1.408859742321409 ], [ 104.023187295510354, 1.408801597241021 ], [ 104.023004366518066, 1.408750446312877 ], [ 104.022846914116698, 1.408710931480518 ], [ 104.022629259885449, 1.408664462515835 ], [ 104.0224231901948, 1.408629637110607 ], [ 104.022251858230476, 1.408611099976588 ], [ 104.022080528626901, 1.408599554429185 ], [ 104.021876788326026, 1.40859035741517 ], [ 104.021728619660522, 1.408590447248144 ], [ 104.021550353240656, 1.408592884521029 ], [ 104.021355888150481, 1.408606982997245 ], [ 104.021214672014949, 1.408621049102887 ], [ 104.021094289982372, 1.40863044159192 ], [ 104.020325675694849, 1.408661197730917 ], [ 104.019543168219485, 1.40868963234034 ], [ 104.018005938476435, 1.408751141538217 ], [ 104.016630766054902, 1.408805564813462 ], [ 104.015882986661111, 1.408833976457378 ], [ 104.014799593836358, 1.408876212905289 ], [ 104.014731231885008, 1.408891223393666 ], [ 104.014722640701848, 1.408893109656128 ], [ 104.014543895188311, 1.408941427298582 ], [ 104.014367636695084, 1.408998251138672 ], [ 104.014194264180261, 1.409063450013876 ], [ 104.014024170310975, 1.409136878292544 ], [ 104.013857741462772, 1.409218368638921 ], [ 104.013695353227035, 1.409307735630971 ], [ 104.013537373107013, 1.409404779377669 ], [ 104.013384161415857, 1.409509278283876 ], [ 104.01323606229127, 1.409620994477321 ], [ 104.013093413580009, 1.409739676520898 ], [ 104.012956537851906, 1.4098650557958 ], [ 104.012825744197144, 1.409996848310186 ], [ 104.012701329124738, 1.410134753794739 ], [ 104.012583575664465, 1.410278462033199 ], [ 104.012472749771945, 1.410427645627734 ], [ 104.012369102126499, 1.410581968138124 ], [ 104.012272867232042, 1.410741078655561 ], [ 104.012237252485676, 1.410806815688772 ], [ 104.009282896523743, 1.418684111734998 ], [ 104.00924061177507, 1.418826188962812 ], [ 104.009187450246856, 1.419023711502207 ], [ 104.009139511388412, 1.419222582041933 ], [ 104.009096827539693, 1.419422662212638 ], [ 104.009059428344671, 1.419623810027707 ], [ 104.009027340751601, 1.419825884405086 ], [ 104.009000586317427, 1.420028746071792 ], [ 104.008979183902809, 1.420232248520115 ], [ 104.00896315057166, 1.420436251572983 ], [ 104.008952495300321, 1.420640609627754 ], [ 104.008947226166683, 1.420845179794895 ], [ 104.008947346755804, 1.421049820089518 ], [ 104.008952857956601, 1.421254384005112 ], [ 104.008963755266876, 1.421458729557369 ], [ 104.008980030589811, 1.421662712049076 ], [ 104.009001673133, 1.421866189496352 ], [ 104.009028667610906, 1.422069017202499 ], [ 104.009060995143926, 1.422271054088477 ], [ 104.009098632359269, 1.422472157266909 ], [ 104.00914155318857, 1.422672185659244 ], [ 104.009189727969058, 1.422870999091584 ], [ 104.009243121646406, 1.423068456486025 ], [ 104.00930169826789, 1.423264420382154 ], [ 104.009365414692027, 1.423458753320104 ], [ 104.009434227777248, 1.423651316935608 ], [ 104.009508088990742, 1.423841978290925 ], [ 104.009586946205033, 1.424030599926828 ], [ 104.009670743698891, 1.424217054332274 ], [ 104.009759423054874, 1.424401207665888 ], [ 104.00985292226116, 1.424582927895275 ], [ 104.009951173016432, 1.424762091127768 ], [ 104.010054108816121, 1.424938569853123 ], [ 104.010161657764485, 1.425112241083277 ], [ 104.010273742574128, 1.425282981830579 ], [ 104.010390285059188, 1.425450671820554 ], [ 104.010511203439634, 1.425615194396403 ], [ 104.010636413239567, 1.425776431997214 ], [ 104.010765825490466, 1.425934273392919 ], [ 104.010899350325232, 1.426088607353558 ], [ 104.011036892485151, 1.426239323553927 ], [ 104.011178356711866, 1.426386317095013 ], [ 104.011323642355649, 1.426529486695652 ], [ 104.011434077716203, 1.426632686311475 ], [ 104.011472647868018, 1.426668729266071 ], [ 104.01162526900508, 1.426803948047228 ], [ 104.011690339945119, 1.426858587082503 ], [ 104.014356889957156, 1.429239654111346 ], [ 104.02084666623341, 1.435032455321466 ], [ 104.02095055013568, 1.435127588020037 ], [ 104.021106925030281, 1.435264613515837 ], [ 104.021266243441943, 1.435398163303631 ], [ 104.021428428085997, 1.435528170466692 ], [ 104.021593401678217, 1.435654573514435 ], [ 104.021761085137143, 1.435777310956479 ], [ 104.021931398483005, 1.435896325824311 ], [ 104.022104259039978, 1.436011558436572 ], [ 104.022279585929965, 1.436122956346674 ], [ 104.022457292883061, 1.436230464395425 ], [ 104.022637296325371, 1.436334031040869 ], [ 104.02281950819021, 1.436433607454503 ], [ 104.023003844005274, 1.436529145711946 ], [ 104.023190212109654, 1.43662059969816 ], [ 104.023378525335559, 1.436707926010797 ], [ 104.023568692920946, 1.436791083056593 ], [ 104.023760624103744, 1.43687002924233 ], [ 104.02395422722374, 1.436944729305381 ], [ 104.02414940792471, 1.437015145270309 ], [ 104.024346073648033, 1.437081244587703 ], [ 104.024493015956836, 1.437127058786975 ], [ 104.036067132847009, 1.440362779210994 ], [ 104.036228737366784, 1.440403413824566 ], [ 104.036432484604148, 1.44045038690967 ], [ 104.036637108515137, 1.440493323746716 ], [ 104.036842530919998, 1.440532210777263 ], [ 104.037048672739999, 1.440567030825586 ], [ 104.037255453998156, 1.440597770333431 ], [ 104.03746279471784, 1.440624419360104 ], [ 104.037670614922078, 1.440646965251766 ], [ 104.03787883553305, 1.440665400780755 ], [ 104.038087375675545, 1.440679716910854 ], [ 104.038296154474935, 1.44068991093637 ], [ 104.038505092853597, 1.440695978342784 ], [ 104.038714109038068, 1.440697913711475 ], [ 104.038923122154216, 1.440695719762997 ], [ 104.039132052226236, 1.440689396504817 ], [ 104.039340819278564, 1.440678945753074 ], [ 104.039549340640022, 1.440664372037304 ], [ 104.039757539031214, 1.440645681695291 ], [ 104.039965332679671, 1.440622879256526 ], [ 104.040172640712001, 1.440595975580978 ], [ 104.040379384950697, 1.440564981528359 ], [ 104.040585483623872, 1.44052990795877 ], [ 104.040790858554288, 1.440490768445065 ], [ 104.040995430666271, 1.440447578368931 ], [ 104.041199120884301, 1.440400354016404 ], [ 104.041401850133084, 1.440349114386679 ], [ 104.041603540236096, 1.4402938793832 ], [ 104.041804114813971, 1.440234668909265 ], [ 104.041872257521504, 1.440213081043959 ], [ 104.041892954294681, 1.440207805828532 ], [ 104.042996452546078, 1.439926536446988 ], [ 104.043482955474119, 1.439802532880301 ], [ 104.043743454236662, 1.439587426730236 ], [ 104.043985203644553, 1.439351187947102 ], [ 104.044206516449734, 1.43909546531854 ], [ 104.044405848037812, 1.438822043616315 ], [ 104.04458180720853, 1.438532831139808 ], [ 104.044733165885347, 1.43822984639737 ], [ 104.045610317963153, 1.436491686084567 ], [ 104.04572248449962, 1.436243986287887 ], [ 104.045855378298086, 1.436006899094737 ], [ 104.046008016932376, 1.435782177187775 ], [ 104.046179272011372, 1.43557148183847 ], [ 104.046367877520652, 1.435376370626043 ], [ 104.04657243918156, 1.435198285922957 ], [ 104.046791444758597, 1.43503854423209 ], [ 104.047110353855743, 1.434864663204442 ], [ 104.047444388779738, 1.434722427026302 ], [ 104.047790458220106, 1.434613152015682 ], [ 104.048145359493489, 1.434537849453021 ], [ 104.051488766277771, 1.434057822127575 ], [ 104.053460302666622, 1.433781282381895 ], [ 104.053585420248055, 1.433762224513478 ], [ 104.054007734548648, 1.433531607815731 ], [ 104.054250334223013, 1.433332644721023 ], [ 104.054340185522349, 1.433160826249009 ], [ 104.054340173736719, 1.432934746035581 ], [ 104.054421047661691, 1.432767441176207 ], [ 104.054439007710016, 1.432645360276802 ], [ 104.054191904361957, 1.43235599000302 ], [ 104.054079567182001, 1.432306252212516 ], [ 104.054309089770328, 1.43200591739943 ], [ 104.054826071090588, 1.431329433468323 ] ] ] ] } },
{ "type": "Feature", "properties": { "id": null, "NAME": "Tekong-Ubin", "SHAPE_AREA": 2746.237 }, "geometry": { "type": "MultiPolygon", "coordinates": [ [ [ [ 104.029640678612765, 1.404707816951882 ], [ 104.029641196095852, 1.404706643050558 ], [ 104.030191010507281, 1.404293431213989 ], [ 104.031000414472061, 1.403875503583926 ], [ 104.031394265903202, 1.403718672353871 ], [ 104.03167991917222, 1.403557509379349 ], [ 104.031956911746832, 1.403309221210897 ], [ 104.032351267914322, 1.403172611254531 ], [ 104.03277703850209, 1.402826232583498 ], [ 104.033387311349159, 1.402990474968842 ], [ 104.033799049930721, 1.402997023236056 ], [ 104.034251614283932, 1.402959305887299 ], [ 104.034255711767287, 1.402958964590106 ], [ 104.034855244824399, 1.402975290637023 ], [ 104.034666806626376, 1.40268848968852 ], [ 104.034665844814924, 1.402684582943406 ], [ 104.03462880170035, 1.402535376053636 ], [ 104.034865309569952, 1.402353036917009 ], [ 104.035065536479109, 1.402107956521625 ], [ 104.035147558714115, 1.401899639494524 ], [ 104.035404185115482, 1.401606668410938 ], [ 104.035527948751366, 1.401532970541343 ], [ 104.035602814336315, 1.401488397255686 ], [ 104.035643780278349, 1.401486440281303 ], [ 104.035716517380706, 1.401455242637825 ], [ 104.03592514641052, 1.401217051766556 ], [ 104.036116690269125, 1.401046247919858 ], [ 104.036375723211762, 1.400632264359092 ], [ 104.036987391994387, 1.400203400418838 ], [ 104.03698742164427, 1.400203364241908 ], [ 104.037284528420258, 1.399836893174869 ], [ 104.037359521995128, 1.399610759958401 ], [ 104.037465155054292, 1.399466152862481 ], [ 104.03749226818698, 1.399294168672325 ], [ 104.037467712121, 1.399109500859714 ], [ 104.037286082676417, 1.398897363340511 ], [ 104.037532746915659, 1.398438244267436 ], [ 104.037560022209888, 1.398167187612249 ], [ 104.038003001581117, 1.397541415168147 ], [ 104.038018435854923, 1.397192502444832 ], [ 104.038129871825817, 1.396923898266649 ], [ 104.038254209078502, 1.396422058957465 ], [ 104.038108299860255, 1.396021966467442 ], [ 104.038243947569597, 1.39580179669412 ], [ 104.038163987526687, 1.395745199918852 ], [ 104.038097969574167, 1.395644821934411 ], [ 104.038111913331306, 1.395620357821301 ], [ 104.038130945133815, 1.395620347110269 ], [ 104.038131152740064, 1.395620758575089 ], [ 104.038153808760526, 1.395665391192795 ], [ 104.038222339046911, 1.39572328220321 ], [ 104.038227326952153, 1.39572234846821 ], [ 104.038318763494203, 1.395705231800861 ], [ 104.038544516109383, 1.395541649756246 ], [ 104.039087500033219, 1.395466784468587 ], [ 104.039166117326715, 1.39537536501836 ], [ 104.039168607194711, 1.395281392936073 ], [ 104.039192670587909, 1.395193848941382 ], [ 104.039275100291889, 1.395110152372772 ], [ 104.03933726285608, 1.395101103314809 ], [ 104.039337262907367, 1.395101692956371 ], [ 104.039337317302895, 1.395210530654128 ], [ 104.0394516792486, 1.395215413153024 ], [ 104.039452033231996, 1.395214783688512 ], [ 104.039478326830945, 1.395168031477207 ], [ 104.039459631309697, 1.395108499224541 ], [ 104.039492956120711, 1.395070594634123 ], [ 104.039566315110179, 1.395063796435109 ], [ 104.039566309729352, 1.395063918523953 ], [ 104.039563679194373, 1.395131460748361 ], [ 104.039491673246886, 1.395197801772632 ], [ 104.03950369758077, 1.395214033942171 ], [ 104.039501191170913, 1.395530686144981 ], [ 104.039914758120958, 1.395715916449033 ], [ 104.039915329325325, 1.395712606447626 ], [ 104.039932046936002, 1.395615775339843 ], [ 104.039937298777474, 1.395622352272659 ], [ 104.039954738413797, 1.395644188267983 ], [ 104.039944095977944, 1.39570914021302 ], [ 104.039957450561943, 1.395729432829924 ], [ 104.039960502029857, 1.39572839978312 ], [ 104.039961751909658, 1.395727976432989 ], [ 104.039963166223714, 1.395727497902481 ], [ 104.040033458708564, 1.395703697119113 ], [ 104.040038755332972, 1.395646848696018 ], [ 104.040044647831337, 1.395653118090118 ], [ 104.040065463438879, 1.395675261267631 ], [ 104.040272360154603, 1.395983719526046 ], [ 104.040277885261276, 1.395981126241928 ], [ 104.040279062546901, 1.395982879688134 ], [ 104.040461982284981, 1.395896887057106 ], [ 104.040537027220324, 1.395861606819523 ], [ 104.040657563295994, 1.395804940805311 ], [ 104.040779822759532, 1.395747465232226 ], [ 104.040839318498982, 1.39571949538873 ], [ 104.041091936569032, 1.395628682627428 ], [ 104.041110340583586, 1.395622066516293 ], [ 104.041196740250868, 1.395591005890123 ], [ 104.041237111475169, 1.395530597508848 ], [ 104.041359577181666, 1.395478827486442 ], [ 104.041417605081108, 1.395415023475699 ], [ 104.041463425181192, 1.395343613090531 ], [ 104.041493990675605, 1.395277744160745 ], [ 104.041536675807663, 1.395208165379048 ], [ 104.04161056409022, 1.395160999237167 ], [ 104.041725157793735, 1.395144774790683 ], [ 104.041826930745017, 1.395160336050874 ], [ 104.041958080672501, 1.395195151181681 ], [ 104.042045566688103, 1.395225302810786 ], [ 104.042134301343651, 1.395240957465131 ], [ 104.042293028213209, 1.395231658240389 ], [ 104.042436003009684, 1.39522156729187 ], [ 104.042727458323469, 1.395152450063624 ], [ 104.043106575121726, 1.395075904681548 ], [ 104.043438921313722, 1.395001509485929 ], [ 104.04381749969582, 1.394913650525977 ], [ 104.044092353434749, 1.394850992653501 ], [ 104.044297644260794, 1.394810569240285 ], [ 104.044528033868048, 1.394758193358293 ], [ 104.044739328896156, 1.39467698011181 ], [ 104.044985635911587, 1.394585552575681 ], [ 104.045170436190489, 1.394511322430451 ], [ 104.0453772671992, 1.394401603272677 ], [ 104.04548590449383, 1.394318735251376 ], [ 104.045643970377185, 1.394234469125961 ], [ 104.045755910875627, 1.394182418597401 ], [ 104.045835749965434, 1.394151832295859 ], [ 104.045949805402699, 1.39411654474409 ], [ 104.046060809979224, 1.39406901245957 ], [ 104.046199181660242, 1.393973272695913 ], [ 104.046243976030667, 1.393938783648345 ], [ 104.046332533810741, 1.393886542595178 ], [ 104.046397556053549, 1.393853123368156 ], [ 104.046481106766635, 1.393808536346324 ], [ 104.046586634505374, 1.39377091810963 ], [ 104.046695617088048, 1.39375142921456 ], [ 104.04685738678387, 1.393766763222467 ], [ 104.046988530064013, 1.393788186342736 ], [ 104.047094266906313, 1.393837467804061 ], [ 104.04716844673986, 1.393896449571893 ], [ 104.047224605189683, 1.393959813692988 ], [ 104.047308119741984, 1.394032448595463 ], [ 104.047398045005082, 1.394118185242799 ], [ 104.047452786502049, 1.394162605 ], [ 104.047550634874668, 1.39424259733866 ], [ 104.047608111020466, 1.394310044502055 ], [ 104.047682449025842, 1.394349114085952 ], [ 104.047762976740657, 1.394401811770764 ], [ 104.0478286600583, 1.394454842712634 ], [ 104.047917773161785, 1.394502177666848 ], [ 104.047996962786613, 1.394553506267081 ], [ 104.04807763264543, 1.394588101397452 ], [ 104.048170755605511, 1.39463999574381 ], [ 104.048262136516854, 1.394685085858558 ], [ 104.048350473668464, 1.394717026888132 ], [ 104.048432423029197, 1.394760684455312 ], [ 104.048509804823212, 1.394812903089216 ], [ 104.048593014977385, 1.394867431817413 ], [ 104.048686829550391, 1.394945582292251 ], [ 104.048787270674794, 1.395038720975693 ], [ 104.048897083860581, 1.395140987375709 ], [ 104.049020240733853, 1.395261464492408 ], [ 104.049122414220648, 1.39536321700378 ], [ 104.049180787214439, 1.395430671268735 ], [ 104.049234790797868, 1.395482250841314 ], [ 104.049287862034916, 1.395537894681588 ], [ 104.049332490911553, 1.395580798710131 ], [ 104.049379418663122, 1.395617383778345 ], [ 104.049421941429415, 1.395642166481301 ], [ 104.04947081384266, 1.395660663310723 ], [ 104.049549487824208, 1.395663561735272 ], [ 104.049644753618793, 1.395672475312841 ], [ 104.049732323703935, 1.395687664936367 ], [ 104.049803737051093, 1.395698648981318 ], [ 104.049882319555707, 1.395713313095183 ], [ 104.049946858504086, 1.395740537321701 ], [ 104.050028508755744, 1.395765182540619 ], [ 104.050083509560451, 1.395804548647741 ], [ 104.050158631630055, 1.395858107683067 ], [ 104.050216844095743, 1.395889353261723 ], [ 104.050293223662237, 1.395898115727295 ], [ 104.050379994701714, 1.395901077580135 ], [ 104.050462717621969, 1.395903554165818 ], [ 104.05055763006159, 1.395900246248979 ], [ 104.050659299654541, 1.395895633616372 ], [ 104.050749617048581, 1.39590496089836 ], [ 104.050832153429383, 1.395930972488753 ], [ 104.050902964730881, 1.395961413806446 ], [ 104.050981422860147, 1.39599146553575 ], [ 104.050998621315458, 1.395998573088321 ], [ 104.051130182573289, 1.396059194383998 ], [ 104.051204959349747, 1.396100077937872 ], [ 104.05127298072955, 1.396141811310739 ], [ 104.05133971999426, 1.396175390209264 ], [ 104.051416707687352, 1.396220817040936 ], [ 104.051570649311557, 1.396315744828839 ], [ 104.051736378217555, 1.3963985467819 ], [ 104.051889579396374, 1.396473555236432 ], [ 104.052013712511823, 1.396527961520507 ], [ 104.052152212334406, 1.396585651981824 ], [ 104.052248915574026, 1.396639835636052 ], [ 104.052342541302721, 1.396685399239032 ], [ 104.052475519926233, 1.396758431715537 ], [ 104.052609270146007, 1.396847765153188 ], [ 104.052742541770925, 1.396940716960481 ], [ 104.052953538076082, 1.397099467015473 ], [ 104.053050956066059, 1.397176740615681 ], [ 104.053132801666706, 1.397233522034176 ], [ 104.05319634795292, 1.397272503801871 ], [ 104.053332646682961, 1.397324293456733 ], [ 104.053448825837762, 1.39736098404052 ], [ 104.05357439042649, 1.397405443970916 ], [ 104.053667690301012, 1.39743470921412 ], [ 104.053800507516414, 1.397471986944777 ], [ 104.053896127611367, 1.397492670512056 ], [ 104.05398627011121, 1.397524176132774 ], [ 104.054060754831767, 1.397544688958319 ], [ 104.05416019478163, 1.397594371274547 ], [ 104.054205421392325, 1.397618722242181 ], [ 104.054263789374573, 1.397630507728739 ], [ 104.054360482141732, 1.397629476650432 ], [ 104.054515979009992, 1.397585922542321 ], [ 104.054660659896555, 1.397544092250991 ], [ 104.054797752660591, 1.397496314713594 ], [ 104.054966905849099, 1.397431600035349 ], [ 104.055159590056832, 1.39734851742318 ], [ 104.055331073104028, 1.397272958352572 ], [ 104.055501832584866, 1.397176120718396 ], [ 104.055684349987786, 1.397070779187582 ], [ 104.055873814520467, 1.396939696263388 ], [ 104.056073497355456, 1.396824987548505 ], [ 104.056321416027842, 1.396695732151076 ], [ 104.056535767266823, 1.396601510214845 ], [ 104.056737387441629, 1.396525741078598 ], [ 104.056995205371322, 1.396450875425939 ], [ 104.057182361982044, 1.396440616558759 ], [ 104.057298686858815, 1.396460109679406 ], [ 104.057420740458085, 1.396549348979191 ], [ 104.057648103394385, 1.396573357733427 ], [ 104.05799965184579, 1.396587505170156 ], [ 104.058204765087297, 1.39658191549712 ], [ 104.058372535510031, 1.396577383884625 ], [ 104.058516067360657, 1.396568129331383 ], [ 104.058660065267134, 1.396555712187939 ], [ 104.05879134989955, 1.396559484254059 ], [ 104.058897221167413, 1.396592471307937 ], [ 104.058992965444858, 1.396652986154177 ], [ 104.059047823531401, 1.396711359812495 ], [ 104.059102062520211, 1.396788738591708 ], [ 104.059129852957128, 1.396857303349862 ], [ 104.059140976943567, 1.3969289020281 ], [ 104.059152473891544, 1.397010462162605 ], [ 104.059167607707607, 1.397086167137807 ], [ 104.059196644742372, 1.397166963202117 ], [ 104.059230234207206, 1.39724100689579 ], [ 104.059286753451943, 1.397314782488435 ], [ 104.05933494759536, 1.3973622402876 ], [ 104.059381833795769, 1.397404256696039 ], [ 104.05945593765577, 1.397416621122842 ], [ 104.059518192036677, 1.397447897704331 ], [ 104.059574905019218, 1.397499046257041 ], [ 104.059623254452987, 1.397582259595587 ], [ 104.059679059050652, 1.397690427035999 ], [ 104.059716167368862, 1.397774002299873 ], [ 104.059734920496112, 1.397847926237158 ], [ 104.059777785302529, 1.397999438949355 ], [ 104.059798827482282, 1.39806795008677 ], [ 104.059838015356036, 1.398172815516595 ], [ 104.059895209555265, 1.398275562096855 ], [ 104.059956639137937, 1.3983543563694 ], [ 104.060027172636566, 1.39841919190971 ], [ 104.060094818586734, 1.398451419329517 ], [ 104.060141846900436, 1.398475785368268 ], [ 104.060197470372813, 1.398493884280735 ], [ 104.060150832731054, 1.398532883783141 ], [ 104.060127008857094, 1.398589265520237 ], [ 104.06012920378123, 1.398651741901829 ], [ 104.060154231042731, 1.398728432554027 ], [ 104.060195907782727, 1.398802992729833 ], [ 104.060306171763401, 1.398905262056523 ], [ 104.060406325754087, 1.398978030429391 ], [ 104.060507354368937, 1.399053975717539 ], [ 104.060624142878709, 1.399127784277233 ], [ 104.060743533815909, 1.39921247651126 ], [ 104.060902284092279, 1.39926897066554 ], [ 104.061106887759806, 1.399325833827438 ], [ 104.061306642573641, 1.399371798135007 ], [ 104.061456581008841, 1.39940513976512 ], [ 104.061554651052433, 1.399420016783806 ], [ 104.062102485973298, 1.399514997419308 ], [ 104.062633074230661, 1.399615627323544 ], [ 104.063097392777635, 1.399699043776907 ], [ 104.063522582862717, 1.39974498564632 ], [ 104.063929780645054, 1.399789361965643 ], [ 104.064403228942766, 1.399883969559987 ], [ 104.065001303371986, 1.400025761227753 ], [ 104.065575847251822, 1.400189569827841 ], [ 104.066093067150291, 1.400367702678288 ], [ 104.066491290504942, 1.400516654686885 ], [ 104.06689609020323, 1.400652859958793 ], [ 104.067155488791059, 1.400733546842028 ], [ 104.067815609663711, 1.400844225247204 ], [ 104.068460274148919, 1.401044642491447 ], [ 104.069005891521314, 1.401298822700122 ], [ 104.069495182249057, 1.401574995187079 ], [ 104.070060750739927, 1.402015668530189 ], [ 104.070432909818422, 1.402336789246201 ], [ 104.070741835297099, 1.402701708886296 ], [ 104.070969189309523, 1.402943798102404 ], [ 104.071247237668018, 1.403179795783221 ], [ 104.071684207817171, 1.403475200564633 ], [ 104.072381127760082, 1.403858517202319 ], [ 104.073266125257987, 1.404366425392976 ], [ 104.074272398904924, 1.404940112494711 ], [ 104.075119662408795, 1.405413696207876 ], [ 104.075680883187516, 1.405727805484747 ], [ 104.075877104077207, 1.405856352735818 ], [ 104.076258232233016, 1.405968443042101 ], [ 104.076818695097373, 1.406189422416346 ], [ 104.077015153437799, 1.406267316560688 ], [ 104.077230293406586, 1.406330051719151 ], [ 104.077581782348815, 1.406478715236807 ], [ 104.077733393079455, 1.406542014115156 ], [ 104.077971773651939, 1.406533797328625 ], [ 104.078255777827621, 1.406596561292066 ], [ 104.078712202199597, 1.406509536638967 ], [ 104.079052611262213, 1.4066532135632 ], [ 104.079168011442292, 1.406761627243001 ], [ 104.079466625299204, 1.406924412133646 ], [ 104.080308674502959, 1.407086013226997 ], [ 104.081178144605047, 1.40723803755486 ], [ 104.08152456096316, 1.407246780878513 ], [ 104.081848022717807, 1.407251053668909 ], [ 104.082152881566458, 1.407182021360083 ], [ 104.082431199159757, 1.407113042510183 ], [ 104.082727761140305, 1.40715992587067 ], [ 104.082893318811671, 1.407189567293052 ], [ 104.082988436121809, 1.407201366123839 ], [ 104.082997556483065, 1.40722498780814 ], [ 104.083038691139734, 1.407331527291654 ], [ 104.083523289505621, 1.407466096466858 ], [ 104.083593145970028, 1.407485495485979 ], [ 104.083717962124808, 1.407177106790393 ], [ 104.083814521620127, 1.407079144731122 ], [ 104.083974247270746, 1.407055856597974 ], [ 104.084016242639407, 1.407051466838685 ], [ 104.084065491057672, 1.407053117387636 ], [ 104.084307701555815, 1.407047529395425 ], [ 104.084549227668091, 1.407028268505085 ], [ 104.084789296620812, 1.406995386349659 ], [ 104.085027144631724, 1.406948985205363 ], [ 104.085262033084319, 1.40688921798988 ], [ 104.085493219772133, 1.406816274700095 ], [ 104.08571997687018, 1.406730381505715 ], [ 104.085941572964401, 1.406631809794856 ], [ 104.086157326965363, 1.4065208671245 ], [ 104.086366547006065, 1.406397906270669 ], [ 104.086568577166915, 1.406263316179818 ], [ 104.086762779505293, 1.406117531014274 ], [ 104.086948543037295, 1.405960993976964 ], [ 104.087125283742779, 1.405794202529204 ], [ 104.087292435577481, 1.405617690304565 ], [ 104.087449477428478, 1.40543200901868 ], [ 104.087595915144504, 1.40523774655837 ], [ 104.087731272549249, 1.405035517939026 ], [ 104.087855145354823, 1.404825956255143 ], [ 104.087967129277772, 1.404609730775218 ], [ 104.088066864963594, 1.404387509858285 ], [ 104.088154055963727, 1.404160010691457 ], [ 104.088228404929794, 1.40392793599202 ], [ 104.088289698983971, 1.403692028259408 ], [ 104.088337728842916, 1.403453029992387 ], [ 104.088372351718576, 1.403211689108312 ], [ 104.088393459870844, 1.402968786077238 ], [ 104.088457733349642, 1.401876028765231 ], [ 104.0884761276766, 1.40146579322114 ], [ 104.088483065163345, 1.401055198094534 ], [ 104.088478554837607, 1.400644576186047 ], [ 104.0884625877529, 1.400234234976186 ], [ 104.088435181922947, 1.399824510881757 ], [ 104.088396355359137, 1.39941572042355 ], [ 104.088346144044948, 1.399008186450748 ], [ 104.088284592949975, 1.398602237237509 ], [ 104.088211738055563, 1.398198179354356 ], [ 104.08812764230305, 1.397796347403711 ], [ 104.088032368629683, 1.397397039813697 ], [ 104.087925997947764, 1.39700059118454 ], [ 104.087808603078344, 1.396607299943052 ], [ 104.087680299076993, 1.396217482598448 ], [ 104.08754115786563, 1.39583143757747 ], [ 104.087391316064952, 1.395449481386794 ], [ 104.087230871654853, 1.395071912450214 ], [ 104.087059959455317, 1.394699020143807 ], [ 104.086686161431615, 1.393928258822362 ], [ 104.086300404353793, 1.393163489132598 ], [ 104.085902777206272, 1.392404895546144 ], [ 104.085493390540407, 1.391652678810649 ], [ 104.085072331540104, 1.390907001693341 ], [ 104.084639708959372, 1.390168072176912 ], [ 104.084195630648068, 1.389436051217639 ], [ 104.08374019547351, 1.38871113413832 ], [ 104.083273538242224, 1.387993487318527 ], [ 104.082795748833448, 1.387283293421058 ], [ 104.082443670701821, 1.386757384683014 ], [ 104.082102213075302, 1.386224429808893 ], [ 104.081771519744862, 1.38568464583422 ], [ 104.081451734500149, 1.385138241655292 ], [ 104.081142983161428, 1.384585449683574 ], [ 104.0808453915472, 1.384026489669539 ], [ 104.080559068405208, 1.383461604878637 ], [ 104.080284154827453, 1.382891003303043 ], [ 104.080020743386683, 1.382314929114231 ], [ 104.079768950016913, 1.381733616533223 ], [ 104.079528873580287, 1.381147312443757 ], [ 104.079300585980107, 1.380556249262588 ], [ 104.077587578965591, 1.375984184099363 ], [ 104.077325278130402, 1.37526779837554 ], [ 104.077073723913969, 1.374547514616513 ], [ 104.076832970238996, 1.373823492892643 ], [ 104.076603080015929, 1.373095916786603 ], [ 104.076384106266673, 1.372364930090292 ], [ 104.076176096625275, 1.371630713674687 ], [ 104.075979094229965, 1.370893421280401 ], [ 104.075793142221443, 1.370153233778681 ], [ 104.075618289128869, 1.369410304909394 ], [ 104.075454576295343, 1.368664815543702 ], [ 104.075302033380623, 1.367916928466745 ], [ 104.075160695435699, 1.367166806463009 ], [ 104.075030598412582, 1.366414639447388 ], [ 104.074911769273868, 1.365660581161374 ], [ 104.074804234085263, 1.364904803433495 ], [ 104.074708031493017, 1.364147487134469 ], [ 104.074649797538456, 1.363614610125671 ], [ 104.0746022725599, 1.363080664888455 ], [ 104.074565477238124, 1.362545859424602 ], [ 104.074539410689241, 1.36201041078146 ], [ 104.074524108871159, 1.361474545046065 ], [ 104.074519553827287, 1.360938480171588 ], [ 104.074525754557428, 1.360402430490909 ], [ 104.074542720061842, 1.3598666157629 ], [ 104.074570432383624, 1.359331252131577 ], [ 104.074608873566845, 1.3587965656887 ], [ 104.074658042726355, 1.358262764437121 ], [ 104.074717915616162, 1.357730072660212 ], [ 104.074770713611258, 1.35735497834246 ], [ 104.07483687336439, 1.356982033242279 ], [ 104.074916296076552, 1.356611727530696 ], [ 104.075008900917098, 1.356244522437312 ], [ 104.075114553145681, 1.355880915371145 ], [ 104.075233118017678, 1.355521358523179 ], [ 104.075364451804916, 1.355166322172167 ], [ 104.075508374836261, 1.354816267556754 ], [ 104.075664698453551, 1.354471637829063 ], [ 104.075833035458487, 1.354133284025735 ], [ 104.077126134310873, 1.351646706672356 ], [ 104.077611038012392, 1.350729738162159 ], [ 104.078108485901723, 1.349819599849951 ], [ 104.078618380041732, 1.348916467185176 ], [ 104.079140627886844, 1.348020513807804 ], [ 104.079675124312075, 1.347131911550246 ], [ 104.080221769583247, 1.346250823200599 ], [ 104.080780464867047, 1.345377429633839 ], [ 104.081351102342381, 1.344511884594961 ], [ 104.08193356520492, 1.34365435991693 ], [ 104.082527745635474, 1.342805018388016 ], [ 104.08263007719745, 1.342662954379801 ], [ 104.082689194072344, 1.342594516608024 ], [ 104.083255075534652, 1.341847424365168 ], [ 104.083357188801799, 1.341662389895342 ], [ 104.083750809954324, 1.341131526888301 ], [ 104.083849627115242, 1.34098910870751 ], [ 104.083937283528684, 1.340839483054274 ], [ 104.084013267110691, 1.340683518163854 ], [ 104.084077128681869, 1.340522138334954 ], [ 104.084128500835618, 1.340356310362301 ], [ 104.084167064686483, 1.340186992896288 ], [ 104.084192603790271, 1.340015206072647 ], [ 104.08420495920808, 1.339841950125184 ], [ 104.084204060959195, 1.339668241556702 ], [ 104.084189919036447, 1.339495122183468 ], [ 104.084162602733812, 1.339323603971766 ], [ 104.084122294563713, 1.339154711536979 ], [ 104.084069218366452, 1.33898941884614 ], [ 104.084003697723404, 1.338828722464829 ], [ 104.083926101137109, 1.338673560170753 ], [ 104.083836904934444, 1.338524857973846 ], [ 104.083736621377625, 1.338383480384161 ], [ 104.083625859769484, 1.338250269292875 ], [ 104.083505254566646, 1.338126015944741 ], [ 104.083375537261048, 1.338011437417484 ], [ 104.083237455516482, 1.337907234508884 ], [ 104.083091827072295, 1.337814001295752 ], [ 104.082939523576201, 1.337732290249167 ], [ 104.082781443626502, 1.337662598672027 ], [ 104.08261850378112, 1.33760531534294 ], [ 104.082451674508022, 1.337560801904566 ], [ 104.082281953220502, 1.337529311474448 ], [ 104.082110319353419, 1.33751102482374 ], [ 104.081937797261787, 1.337506050370856 ], [ 104.081765412191928, 1.337514424185959 ], [ 104.081594167816064, 1.3375360928104 ], [ 104.081425091161208, 1.337570926817574 ], [ 104.081259160726376, 1.337618730767994 ], [ 104.08109737387052, 1.337679211550065 ], [ 104.080940674033542, 1.33775201094423 ], [ 104.080789986678525, 1.337836709236661 ], [ 104.080646210303158, 1.337932793567711 ], [ 104.080510198476901, 1.338039738421396 ], [ 104.069409726602458, 1.347477475948559 ], [ 104.045093710977241, 1.368155071052413 ], [ 104.03784067537164, 1.374322685675093 ], [ 104.037837653709175, 1.374325224469634 ], [ 104.037740127596379, 1.374407177695245 ], [ 104.037643588091484, 1.374488999700869 ], [ 104.037311970790341, 1.374769183111015 ], [ 104.037125356133757, 1.374923786569913 ], [ 104.037030324214356, 1.375003645064684 ], [ 104.032699787503816, 1.378642698470993 ], [ 104.032502097437444, 1.378808822304093 ], [ 104.032344236083546, 1.378949687652126 ], [ 104.023636189082893, 1.38672016532759 ], [ 104.023609736047746, 1.386742888586569 ], [ 104.023445384382043, 1.386886760093849 ], [ 104.023282377981033, 1.38703217251159 ], [ 104.023120729423624, 1.387179112273657 ], [ 104.022960452187348, 1.387327565813846 ], [ 104.022801561547112, 1.38747752227891 ], [ 104.02264407098032, 1.387628967198287 ], [ 104.022487993066036, 1.387781887005858 ], [ 104.022333343977536, 1.387936269039574 ], [ 104.022180135395303, 1.388092099733353 ], [ 104.022028380796897, 1.38824936552102 ], [ 104.021878093659851, 1.388408051932026 ], [ 104.021729289258943, 1.388568145399997 ], [ 104.021581976578901, 1.388729632359118 ], [ 104.021436170894461, 1.388892498338671 ], [ 104.021291884784688, 1.389056729772534 ], [ 104.021149129929952, 1.389222311285918 ], [ 104.021007920706509, 1.389389229312551 ], [ 104.020868267896176, 1.389557468477716 ], [ 104.020730183179481, 1.389727015215336 ], [ 104.020593680932464, 1.38989785234172 ], [ 104.020458771937172, 1.390069967195217 ], [ 104.020325466975393, 1.390243343496744 ], [ 104.020193778626378, 1.39041796858452 ], [ 104.020063717671761, 1.390593823466383 ], [ 104.019935296690676, 1.39077089457619 ], [ 104.019808526465141, 1.390949167443563 ], [ 104.019683417776889, 1.391128623980692 ], [ 104.019559981407951, 1.391309250621569 ], [ 104.019438229038798, 1.391491031087039 ], [ 104.019318170552779, 1.391673949098053 ], [ 104.019199815833218, 1.391857989279967 ], [ 104.019083176560656, 1.392043135353585 ], [ 104.018968261719778, 1.392229370135595 ], [ 104.018855083889719, 1.392416678251097 ], [ 104.01874364935955, 1.392605043421347 ], [ 104.018633970708308, 1.392794448462705 ], [ 104.01852605602231, 1.392984878000651 ], [ 104.018419914286213, 1.393176313947483 ], [ 104.018315557180628, 1.39336874092834 ], [ 104.018212990994584, 1.393562140855757 ], [ 104.018112226510112, 1.393756498354939 ], [ 104.018013271813302, 1.393951794433897 ], [ 104.017916135889067, 1.394148013717984 ], [ 104.017820826823609, 1.394345138119548 ], [ 104.017727353601828, 1.39454315226395 ], [ 104.017635723411246, 1.394742036254884 ], [ 104.017545945236648, 1.394941772908954 ], [ 104.01745802716448, 1.395142346851614 ], [ 104.017371975483698, 1.395343739090923 ], [ 104.017287798280591, 1.395545932443611 ], [ 104.017205502742812, 1.395748908822032 ], [ 104.017125097855157, 1.395952650138461 ], [ 104.01704658900826, 1.396157140114119 ], [ 104.01704093724436, 1.396172281343765 ], [ 104.01691436942663, 1.396521743005246 ], [ 104.01633550231638, 1.397995126511655 ], [ 104.016023076932228, 1.399049178308664 ], [ 104.015595551529032, 1.400322398854782 ], [ 104.015500979145969, 1.40060404368271 ], [ 104.015483300562394, 1.400709145199502 ], [ 104.015476006228411, 1.400841267260239 ], [ 104.015483456652618, 1.400973380932636 ], [ 104.015505559155571, 1.4011038240108 ], [ 104.015542032358027, 1.401230956008014 ], [ 104.015592419660948, 1.401353178051565 ], [ 104.015656087449926, 1.40146895458762 ], [ 104.015732235879241, 1.401576828754548 ], [ 104.015819905163355, 1.401675443182789 ], [ 104.015917994448614, 1.401763558984949 ], [ 104.01602526990132, 1.401840068416327 ], [ 104.016140382680291, 1.40190400663026 ], [ 104.016261884214259, 1.401954571572836 ], [ 104.016388247768063, 1.401991126694387 ], [ 104.016517882821191, 1.402013215418149 ], [ 104.016649160227573, 1.402020555712087 ], [ 104.016674290661143, 1.402019350934032 ], [ 104.016759145748381, 1.402015285481232 ], [ 104.016917636490206, 1.40200988209521 ], [ 104.024334107611224, 1.401757025921943 ], [ 104.024916585311075, 1.401769156140433 ], [ 104.025421272560379, 1.401851137179288 ], [ 104.02589054613621, 1.401945809190063 ], [ 104.026309802297149, 1.402030390796005 ], [ 104.0269945969753, 1.40225585567276 ], [ 104.02749596377258, 1.402497448609215 ], [ 104.027685009424189, 1.402609097619653 ], [ 104.027722871035962, 1.402631458344262 ], [ 104.027840702825003, 1.402701837450751 ], [ 104.027979076581829, 1.402788875832863 ], [ 104.02810549884326, 1.402870801057461 ], [ 104.028268795392464, 1.402977438403599 ], [ 104.028397068774467, 1.403059745997931 ], [ 104.028522023540916, 1.403139923193243 ], [ 104.028959036806668, 1.403506465560214 ], [ 104.029236211475094, 1.403811952675093 ], [ 104.02951139359925, 1.404295035161282 ], [ 104.029640678612765, 1.404707816951882 ] ] ] ] } },
{ "type": "Feature", "properties": { "id": null, "NAME": "Tekong-Ubin", "SHAPE_AREA": 287.079 }, "geometry": { "type": "MultiPolygon", "coordinates": [ [ [ [ 103.978921287512534, 1.404165875293897 ], [ 103.978916049209303, 1.406465661325337 ], [ 103.978916035207888, 1.406471726875921 ], [ 103.978913177328906, 1.407726451163244 ], [ 103.978912552382525, 1.407806411190039 ], [ 103.978912535445318, 1.407808601553593 ], [ 103.978913908482212, 1.407808664772598 ], [ 103.97894523313353, 1.407810117921314 ], [ 103.978993619838093, 1.407489483614983 ], [ 103.979063049959933, 1.407436591311533 ], [ 103.979455661964622, 1.407496316822672 ], [ 103.979544777309499, 1.407544532637408 ], [ 103.979867825959218, 1.407681405362789 ], [ 103.980419767405778, 1.407627597995687 ], [ 103.980607532427058, 1.407442896564491 ], [ 103.980899962597917, 1.407232831082802 ], [ 103.98108103329119, 1.40719370593696 ], [ 103.981544207005697, 1.40719215794874 ], [ 103.982050825803853, 1.407311672975561 ], [ 103.982503762904713, 1.40756506388792 ], [ 103.982631560646652, 1.407588242568123 ], [ 103.982856813740256, 1.407535973168954 ], [ 103.983099172214821, 1.407582233667152 ], [ 103.983262817704571, 1.407502740616814 ], [ 103.983347241308877, 1.407391425512321 ], [ 103.983669816601918, 1.40729055028851 ], [ 103.983819288570601, 1.40718060648309 ], [ 103.983953278700511, 1.407082067665757 ], [ 103.984218008981571, 1.407070302804285 ], [ 103.985005879549973, 1.407263495213423 ], [ 103.985600692719899, 1.407498436281765 ], [ 103.985866909786481, 1.407549895896273 ], [ 103.986034867869989, 1.407614979819697 ], [ 103.986210820007486, 1.407628948732411 ], [ 103.986423919694957, 1.407645884194209 ], [ 103.986603013011759, 1.407600780025376 ], [ 103.986722014750384, 1.407640645417077 ], [ 103.98703598933308, 1.40793427054132 ], [ 103.987225569337426, 1.407892783974892 ], [ 103.987521657894987, 1.407573173165918 ], [ 103.987517217029648, 1.407421511266721 ], [ 103.988297343258566, 1.407346415391921 ], [ 103.988463372004475, 1.407586512042848 ], [ 103.988593976034366, 1.407922039187941 ], [ 103.988661058145027, 1.407967469771033 ], [ 103.988701598676627, 1.408050885279224 ], [ 103.988803875179954, 1.408145218607554 ], [ 103.988893304784071, 1.408227702051277 ], [ 103.988903064293041, 1.408227926581678 ], [ 103.989052983865264, 1.40823138111419 ], [ 103.98916162519528, 1.408152115642973 ], [ 103.989236309211861, 1.408060643584319 ], [ 103.989229892195837, 1.408043416850528 ], [ 103.989256110856132, 1.408014121941079 ], [ 103.989511106628441, 1.408094041200702 ], [ 103.989552620821456, 1.408116975699957 ], [ 103.989709979011877, 1.408203907599102 ], [ 103.989831398563851, 1.408252201299186 ], [ 103.99002673276722, 1.408260535342555 ], [ 103.990115771391004, 1.40823334423865 ], [ 103.990202776114245, 1.408159723396867 ], [ 103.990297697693023, 1.407957122109882 ], [ 103.990377252670484, 1.407876167403541 ], [ 103.990476833050479, 1.407870138515085 ], [ 103.990588406832799, 1.407945146750403 ], [ 103.990598973727245, 1.407952254307247 ], [ 103.990671708180827, 1.408001157188559 ], [ 103.990845167014342, 1.408085657896551 ], [ 103.991037781036155, 1.408131785268097 ], [ 103.991127791383533, 1.408123576588816 ], [ 103.991533145036072, 1.40791019220791 ], [ 103.991646321352917, 1.40776368711648 ], [ 103.99174251150022, 1.407732932285151 ], [ 103.992029699401797, 1.407885713386743 ], [ 103.992192387209997, 1.407880836778956 ], [ 103.992243676365803, 1.407986037518605 ], [ 103.992275326187652, 1.408145112358594 ], [ 103.992363837599484, 1.408294633247537 ], [ 103.992349464108159, 1.40835086736953 ], [ 103.992162458983316, 1.408331047574405 ], [ 103.992003872781268, 1.408662342878314 ], [ 103.991882088342308, 1.408800031967331 ], [ 103.991706313996261, 1.408891737108621 ], [ 103.991665271457734, 1.40896094158215 ], [ 103.991475371385718, 1.409052656717719 ], [ 103.991293180438944, 1.409134124908543 ], [ 103.991104746533821, 1.409248277101695 ], [ 103.990933634088492, 1.409315130045728 ], [ 103.990916687279523, 1.409321751118691 ], [ 103.990900728884981, 1.409327992292832 ], [ 103.99080947545599, 1.409545840871772 ], [ 103.990731470752891, 1.409991849670144 ], [ 103.990676099855349, 1.410242144261905 ], [ 103.990313660105699, 1.410695126917587 ], [ 103.990302571110163, 1.410821918116477 ], [ 103.990337633751821, 1.410955264604476 ], [ 103.990783895883084, 1.411877121297673 ], [ 103.990842839737056, 1.412230351458138 ], [ 103.991020789924875, 1.412686643458863 ], [ 103.991028603584269, 1.412893651046564 ], [ 103.99092613094966, 1.413053666549215 ], [ 103.990781295718875, 1.413430604852687 ], [ 103.990745241398002, 1.413650665357064 ], [ 103.990836332580798, 1.41407692042549 ], [ 103.990752657822156, 1.414230414203217 ], [ 103.990552796220641, 1.414384739774288 ], [ 103.990489037639648, 1.414457987374011 ], [ 103.990418881633147, 1.414538606850764 ], [ 103.990316705783982, 1.414837622529849 ], [ 103.990129600974782, 1.414813117142897 ], [ 103.989956226652893, 1.414790421337504 ], [ 103.989249896227449, 1.414571306466454 ], [ 103.988884466723121, 1.414495328680089 ], [ 103.988838107957974, 1.414496516518818 ], [ 103.988515251503415, 1.414703410754685 ], [ 103.98822903135364, 1.414506704433364 ], [ 103.988366637809989, 1.414073416015869 ], [ 103.987965510096302, 1.413939127296596 ], [ 103.987930834548422, 1.414087038706927 ], [ 103.987785467574554, 1.414448412869124 ], [ 103.987741624776277, 1.414557353278926 ], [ 103.987668222283574, 1.414477866700558 ], [ 103.987465406368599, 1.414258183026017 ], [ 103.987412601716102, 1.413381814951437 ], [ 103.987824670056128, 1.413319577341581 ], [ 103.988091295095415, 1.413279305483941 ], [ 103.988108129279681, 1.413199685349236 ], [ 103.988192390031102, 1.412801354056959 ], [ 103.988212698741037, 1.41240519842266 ], [ 103.987922157630976, 1.412507699131814 ], [ 103.987606789330897, 1.412607109456752 ], [ 103.987233538786299, 1.412666026328835 ], [ 103.98706340502666, 1.412179998054023 ], [ 103.98523196661337, 1.412178247182353 ], [ 103.984633347512329, 1.412177727572916 ], [ 103.984116734904561, 1.41217728023193 ], [ 103.9841582499852, 1.412743063730793 ], [ 103.984161173043788, 1.412784347610657 ], [ 103.9840413812218, 1.412758626367401 ], [ 103.983240312795004, 1.412911108532706 ], [ 103.982204177653941, 1.413109234225705 ], [ 103.982095854707694, 1.413129947455629 ], [ 103.981981912073351, 1.413151555455472 ], [ 103.981834093237822, 1.413179588400554 ], [ 103.981820108747584, 1.413182239981942 ], [ 103.980670097926691, 1.413400334293936 ], [ 103.980736573201455, 1.414224103385463 ], [ 103.980921611326721, 1.414947426552826 ], [ 103.980857961716126, 1.415499238200613 ], [ 103.980857912320658, 1.415499660540332 ], [ 103.980857900645631, 1.415499764542577 ], [ 103.98085697830453, 1.415507760960894 ], [ 103.980890759347261, 1.415516451515371 ], [ 103.980949171895261, 1.415531478253039 ], [ 103.981045320454612, 1.415531472092326 ], [ 103.981220452322944, 1.415537989441828 ], [ 103.981324231803953, 1.415511870263068 ], [ 103.981479900191715, 1.415459636132758 ], [ 103.981616108892837, 1.415394346986553 ], [ 103.982316605289498, 1.41497650879769 ], [ 103.982498227678647, 1.415054833695561 ], [ 103.982829050748819, 1.415381213276945 ], [ 103.983562010934648, 1.415466029932529 ], [ 103.983776052851226, 1.41536809540016 ], [ 103.983905770855017, 1.415230998493628 ], [ 103.983905761172494, 1.415080853801488 ], [ 103.98424302405212, 1.41467609502621 ], [ 103.984392204998613, 1.414617332555864 ], [ 103.984645162838262, 1.414480227539808 ], [ 103.984928277727875, 1.414366232360794 ], [ 103.984928173812619, 1.414357323509769 ], [ 103.984931266340396, 1.414365029364553 ], [ 103.984937039592111, 1.414362704777916 ], [ 103.984937102689059, 1.414379572910682 ], [ 103.984941781474134, 1.41439122890899 ], [ 103.9850260278928, 1.41489807958975 ], [ 103.985389325744094, 1.415839865970625 ], [ 103.985683412725422, 1.416239145313287 ], [ 103.986375100920327, 1.417962616476844 ], [ 103.986329728194889, 1.418051509105333 ], [ 103.986302560644233, 1.418137913530821 ], [ 103.986289402842331, 1.418236543980899 ], [ 103.986295527611603, 1.418318822307643 ], [ 103.986315120234664, 1.418371490970095 ], [ 103.986340197195361, 1.418469295908421 ], [ 103.986285972161383, 1.418539441729127 ], [ 103.986254138516259, 1.418588840026139 ], [ 103.986116266234461, 1.418553958955426 ], [ 103.985982226204399, 1.418584291070566 ], [ 103.985877645526799, 1.418671406031807 ], [ 103.985936093914631, 1.418875317400775 ], [ 103.985950612782688, 1.418977671979114 ], [ 103.985964912300474, 1.419023712032084 ], [ 103.985833766244227, 1.419062544939905 ], [ 103.98570993500428, 1.419106459862938 ], [ 103.985752386884656, 1.419106290646178 ], [ 103.986063270090597, 1.419125471397872 ], [ 103.986579307566814, 1.419157310340621 ], [ 103.986609784127793, 1.419159190283151 ], [ 103.991748333134126, 1.419476223573142 ], [ 103.991971994759311, 1.419490022250316 ], [ 103.992422561676733, 1.419501134632568 ], [ 103.992809498195371, 1.419489776178292 ], [ 103.993056700602793, 1.419472111322382 ], [ 103.993275161451294, 1.419450228695278 ], [ 103.993511727295214, 1.419419622230511 ], [ 103.993729042463428, 1.419385139188536 ], [ 103.993944394710581, 1.41934483760951 ], [ 103.994213790202949, 1.419286080565343 ], [ 103.994490316850104, 1.419214300202729 ], [ 103.994795197049967, 1.419123897038838 ], [ 103.994988142226831, 1.419059290449079 ], [ 103.995120934526298, 1.419011056095145 ], [ 103.995234936865714, 1.418968074677605 ], [ 103.995417037303895, 1.418895108912001 ], [ 103.995566566470799, 1.418831647544996 ], [ 103.995706905991995, 1.418758095966403 ], [ 103.996041091998904, 1.418582946598644 ], [ 103.996224880772971, 1.418483646590014 ], [ 103.99629095567856, 1.418447140121207 ], [ 103.996467615649422, 1.418343489723582 ], [ 103.996641566949762, 1.418235296000695 ], [ 103.996812690072332, 1.418122631310514 ], [ 103.996980878090326, 1.418005569818895 ], [ 103.997146014192737, 1.417884188405471 ], [ 103.99730799055483, 1.41775856847102 ], [ 103.997466702047902, 1.417628794129247 ], [ 103.997622040847631, 1.417494950398414 ], [ 103.997773902724305, 1.41735712500959 ], [ 103.997922189738858, 1.41721541202394 ], [ 103.998066802154938, 1.417069902789664 ], [ 103.998207644729632, 1.416920694985166 ], [ 103.998344624017435, 1.416767888097433 ], [ 103.998477648370113, 1.416611582517693 ], [ 103.998606630632693, 1.416451881349882 ], [ 103.998731485447721, 1.416288892219626 ], [ 103.998852131052175, 1.416122722752295 ], [ 103.998968481190175, 1.415953480573517 ], [ 103.999080466679686, 1.415781282351346 ], [ 103.9991880084538, 1.415606237519575 ], [ 103.999291038229373, 1.415428465459212 ], [ 103.999389485027478, 1.415248083742719 ], [ 103.999483285057991, 1.415065210846328 ], [ 103.999572374531056, 1.414879968863708 ], [ 103.9996566977442, 1.414692479887975 ], [ 103.999699533133594, 1.414590317566936 ], [ 104.000698126880025, 1.412327283189113 ], [ 104.001032107372652, 1.411396699584895 ], [ 104.001329508970443, 1.410565009482941 ], [ 104.001733558992839, 1.409251796849051 ], [ 104.002237869280165, 1.407709444599621 ], [ 104.002628549639837, 1.406387116018548 ], [ 104.002836751764306, 1.405505170719984 ], [ 104.003078412899782, 1.404344000906061 ], [ 104.003144922601109, 1.403839637168972 ], [ 104.003092607115491, 1.403649922534453 ], [ 104.002911261874289, 1.403346543778524 ], [ 104.002711287852762, 1.403137689168098 ], [ 104.002354460616033, 1.402941178701061 ], [ 104.00190297211013, 1.402825096161394 ], [ 104.001531417810753, 1.40279976752127 ], [ 104.001078839765185, 1.402827921290367 ], [ 104.00079624519789, 1.402884399053929 ], [ 103.996442785408405, 1.404056388722715 ], [ 103.996142749704688, 1.404056828485851 ], [ 103.98925010117415, 1.404100489005674 ], [ 103.988948086782429, 1.404102401176806 ], [ 103.988798009614584, 1.404103350854914 ], [ 103.988749296716463, 1.404103658883598 ], [ 103.988727107879754, 1.404086997522287 ], [ 103.988516034913374, 1.403867026796736 ], [ 103.988327469797994, 1.403772678386688 ], [ 103.988302143640624, 1.403695583325979 ], [ 103.988313394388385, 1.403567118138099 ], [ 103.98817828583114, 1.403350062486193 ], [ 103.988178281136911, 1.403278681295707 ], [ 103.988316144095592, 1.403021843616358 ], [ 103.988254218815726, 1.402821965034947 ], [ 103.988091016719665, 1.402735490982103 ], [ 103.98808876659831, 1.402734298280058 ], [ 103.987964079918186, 1.402737461888618 ], [ 103.987845815689568, 1.402841164654662 ], [ 103.987656202866802, 1.403266830903888 ], [ 103.987650843627364, 1.403278861066114 ], [ 103.987504323101092, 1.403238949591884 ], [ 103.987471807415218, 1.403230091725851 ], [ 103.98735992008487, 1.403288376148105 ], [ 103.987337556056673, 1.403450537650642 ], [ 103.987369540756305, 1.403515425223258 ], [ 103.987545386331135, 1.403690677768731 ], [ 103.987586971428598, 1.403946925622019 ], [ 103.987336051462378, 1.404049171204386 ], [ 103.987308859359189, 1.404060251425699 ], [ 103.987259453799041, 1.404035313334482 ], [ 103.987068177642641, 1.403871412421116 ], [ 103.987049885125543, 1.403855738346336 ], [ 103.986985952378944, 1.403888136777001 ], [ 103.98699554869718, 1.404017866692749 ], [ 103.987030113499728, 1.404114545092801 ], [ 103.978921287512534, 1.404165875293897 ] ] ] ] } },
{ "type": "Feature", "properties": { "id": null, "NAME": "Tekong-Ubin", "SHAPE_AREA": 18.665 }, "geometry": { "type": "MultiPolygon", "coordinates": [ [ [ [ 103.978854587536105, 1.40780591291061 ], [ 103.978854591893253, 1.407803723452218 ], [ 103.978854800083468, 1.407712233752201 ], [ 103.97886287711377, 1.404166244315468 ], [ 103.978195153052454, 1.404170470526089 ], [ 103.975510116800152, 1.402837941657157 ], [ 103.975472175818112, 1.402819113366947 ], [ 103.974112423880698, 1.40552364146047 ], [ 103.974111721265132, 1.40552489133036 ], [ 103.974099960213195, 1.405547850158869 ], [ 103.974099899115345, 1.405547945120515 ], [ 103.974054404890396, 1.405638651697306 ], [ 103.97404620707411, 1.405652653515556 ], [ 103.973998659968316, 1.405629598802989 ], [ 103.973980273102669, 1.405657995052615 ], [ 103.973979244322265, 1.405659583173355 ], [ 103.973969828960279, 1.405674124968847 ], [ 103.973927553364845, 1.40565831206045 ], [ 103.973886743388547, 1.405643047105374 ], [ 103.973858799103553, 1.405699690753122 ], [ 103.973842978802992, 1.40573175855323 ], [ 103.973895449347424, 1.405771700108763 ], [ 103.973877931257903, 1.405842676347058 ], [ 103.974020278257257, 1.405888555011745 ], [ 103.97418132139228, 1.405878615355142 ], [ 103.974421202862359, 1.405965401374796 ], [ 103.97443106150034, 1.405985414289802 ], [ 103.974661082343275, 1.406018852612502 ], [ 103.974703819470662, 1.406028861287762 ], [ 103.975078412927374, 1.406209059537685 ], [ 103.975216413298725, 1.406295788386059 ], [ 103.975729047112594, 1.406479378471786 ], [ 103.975880177010083, 1.406586119983371 ], [ 103.97595907205779, 1.406579486165332 ], [ 103.976018186011274, 1.406666192679618 ], [ 103.976241602496316, 1.406849646674315 ], [ 103.976631943042491, 1.407090643876452 ], [ 103.976786671563232, 1.407119365861252 ], [ 103.977582215472864, 1.40760153088912 ], [ 103.978452681077741, 1.408045309832067 ], [ 103.978468959123006, 1.408092682862984 ], [ 103.978789975725121, 1.407802915393022 ], [ 103.978854587536105, 1.40780591291061 ] ] ] ] } },
{ "type": "Feature", "properties": { "id": null, "NAME": "Tekong-Ubin", "SHAPE_AREA": 2.996 }, "geometry": { "type": "MultiPolygon", "coordinates": [ [ [ [ 103.975420407073315, 1.402793420914829 ], [ 103.975062898135192, 1.402615996201185 ], [ 103.974845261870627, 1.402507987118209 ], [ 103.974719676240298, 1.402476379189998 ], [ 103.974677696648385, 1.402465813375569 ], [ 103.974527692714418, 1.402459240544661 ], [ 103.974384204354536, 1.402482205557075 ], [ 103.974266800755174, 1.402518301210757 ], [ 103.974095005408557, 1.402617917966653 ], [ 103.973478319391219, 1.403214545184137 ], [ 103.973530723518181, 1.403211615511245 ], [ 103.973543915530868, 1.403210878565549 ], [ 103.973545187182765, 1.403213579816074 ], [ 103.973563946518723, 1.403253409469649 ], [ 103.973492871807025, 1.403288493026778 ], [ 103.973496495946307, 1.40333655147262 ], [ 103.97375692056265, 1.403756258877107 ], [ 103.973930008334023, 1.403809949384867 ], [ 103.974072061650631, 1.404055846566418 ], [ 103.974066551108677, 1.404168592716768 ], [ 103.974228322621727, 1.404334506074279 ], [ 103.974333210264859, 1.404543064410012 ], [ 103.974201937345057, 1.404720452891193 ], [ 103.974136256961458, 1.404998671863241 ], [ 103.974105597966499, 1.405128542714066 ], [ 103.974108314223784, 1.405246065200912 ], [ 103.974109904338633, 1.405314868909921 ], [ 103.974090820036565, 1.405400947172958 ], [ 103.97407456370307, 1.40547427015307 ], [ 103.974772951365608, 1.40407902257498 ], [ 103.974854744032854, 1.403919196160789 ], [ 103.975043191480566, 1.403543544666644 ], [ 103.975361920890677, 1.402907572059003 ], [ 103.975420407073315, 1.402793420914829 ] ] ] ] } },
{ "type": "Feature", "properties": { "id": null, "NAME": "Pasir Ris", "SHAPE_AREA": 3.461 }, "geometry": { "type": "MultiPolygon", "coordinates": [ [ [ [ 103.940942152630399, 1.395051114020491 ], [ 103.940934453923745, 1.395018417148912 ], [ 103.940366698745663, 1.394497003155949 ], [ 103.938592207847663, 1.392867347260311 ], [ 103.937975929429371, 1.393502727581216 ], [ 103.937958574189651, 1.393520621170784 ], [ 103.937983858496423, 1.393543832315171 ], [ 103.939662457388621, 1.395085019232576 ], [ 103.939806419468638, 1.395223870312355 ], [ 103.939866201360516, 1.395272110807868 ], [ 103.939868333767237, 1.395273895017956 ], [ 103.93995759292315, 1.395328716117899 ], [ 103.940053834320295, 1.395369879212657 ], [ 103.940155006462845, 1.395396500833084 ], [ 103.940258953633929, 1.395408015850664 ], [ 103.940363460824813, 1.395404181093122 ], [ 103.940466299562544, 1.395385074437823 ], [ 103.940565278231105, 1.395351104757504 ], [ 103.940658286101126, 1.39530299654403 ], [ 103.940743202577622, 1.395241874922554 ], [ 103.940800161045487, 1.395188712973444 ], [ 103.94084171199782, 1.395144559182031 ], [ 103.940942152630399, 1.395051114020491 ] ] ] ] } },
{ "type": "Feature", "properties": { "id": null, "NAME": "Pasir Ris", "SHAPE_AREA": 1.975 }, "geometry": { "type": "MultiPolygon", "coordinates": [ [ [ [ 103.936444075070611, 1.392999627176292 ], [ 103.936390854572522, 1.392968763622149 ], [ 103.936342572602342, 1.39293661475013 ], [ 103.936253803646295, 1.392868171966281 ], [ 103.936253744337947, 1.39286812042022 ], [ 103.936206719137161, 1.392828029377114 ], [ 103.936116027675055, 1.392749048133854 ], [ 103.936065256088867, 1.392703866594555 ], [ 103.936004313079124, 1.392648819807653 ], [ 103.9356583999337, 1.392328132569295 ], [ 103.93497538302293, 1.391694923024664 ], [ 103.93378249336763, 1.390596874616 ], [ 103.933533532111355, 1.390367706179842 ], [ 103.933458920674283, 1.3904336166086 ], [ 103.933323119329884, 1.390553581596554 ], [ 103.933314604732956, 1.39056110354441 ], [ 103.933309753497241, 1.390565387717483 ], [ 103.933232658473671, 1.390633494038443 ], [ 103.933442732340353, 1.390827583031268 ], [ 103.933739366841706, 1.391101645615913 ], [ 103.93399041211616, 1.391333591230179 ], [ 103.934230549183312, 1.391555456351892 ], [ 103.934470039293984, 1.391776722785091 ], [ 103.934691021621347, 1.391980889396478 ], [ 103.934908042002377, 1.392181396199827 ], [ 103.935159089300868, 1.392413340765548 ], [ 103.935440526848936, 1.392673364436587 ], [ 103.935634754925985, 1.392852812262343 ], [ 103.935806188802232, 1.393011201173951 ], [ 103.935967415526122, 1.393164246639599 ], [ 103.93597458467498, 1.393171089637518 ], [ 103.936016055748766, 1.393210674485451 ], [ 103.936035095599891, 1.393228846817801 ], [ 103.936050046145866, 1.393249829184112 ], [ 103.93606655402192, 1.393272995517758 ], [ 103.936066670844141, 1.393273160106641 ], [ 103.936066908047906, 1.393272680784036 ], [ 103.936094427515513, 1.393305535071274 ], [ 103.936161783895827, 1.39338594623146 ], [ 103.936198697075994, 1.393335429625778 ], [ 103.936444075070611, 1.392999627176292 ] ] ] ] } },
{ "type": "Feature", "properties": { "id": null, "NAME": "Pasir Ris", "SHAPE_AREA": 55.396 }, "geometry": { "type": "MultiPolygon", "coordinates": [ [ [ [ 103.943755071880645, 1.386702547335607 ], [ 103.943512825855606, 1.386856142956007 ], [ 103.943331589535603, 1.386972546507225 ], [ 103.943254948740247, 1.387021771827218 ], [ 103.943083547487959, 1.387122760042854 ], [ 103.942909414524294, 1.387242683916222 ], [ 103.942773012759403, 1.387324377715077 ], [ 103.942649163855933, 1.387401151191152 ], [ 103.94248267102239, 1.387512075369484 ], [ 103.942291517810844, 1.387626087269497 ], [ 103.942114750033085, 1.387723900452687 ], [ 103.941982417221922, 1.387791625237994 ], [ 103.941889023895754, 1.387872995048705 ], [ 103.941741776849355, 1.387987583671832 ], [ 103.941543092225331, 1.388073605843581 ], [ 103.941421005920418, 1.388163010410985 ], [ 103.94131596595544, 1.388240740677842 ], [ 103.941194360594807, 1.388315255787807 ], [ 103.941086703839943, 1.388370425937693 ], [ 103.940935890887459, 1.388478688662874 ], [ 103.940768600861688, 1.388549923912874 ], [ 103.940595885158459, 1.38863963190888 ], [ 103.940362235328664, 1.388731882120388 ], [ 103.940197234823998, 1.38878282694954 ], [ 103.940007055152847, 1.38887022595761 ], [ 103.939845538388795, 1.388960874835022 ], [ 103.939660817884828, 1.389015824135871 ], [ 103.939587125041598, 1.389042064838205 ], [ 103.939552129656505, 1.389054525824501 ], [ 103.939537144695379, 1.389027514096361 ], [ 103.939490528212787, 1.388943467458894 ], [ 103.939430106700229, 1.388834537907316 ], [ 103.938824153010074, 1.387742090651503 ], [ 103.938326228898816, 1.386844406425807 ], [ 103.938268419131006, 1.386877098413093 ], [ 103.938210701939127, 1.386909955665939 ], [ 103.938153077789607, 1.386942977918812 ], [ 103.937344085240937, 1.387430190669956 ], [ 103.936555310555676, 1.387949898834632 ], [ 103.935788041637608, 1.388501253838321 ], [ 103.935773393548743, 1.388512771535951 ], [ 103.935624745433373, 1.388631354431914 ], [ 103.935446422004304, 1.388774941525234 ], [ 103.935231056024463, 1.388948192406119 ], [ 103.935051824567168, 1.389103018027381 ], [ 103.934981179037393, 1.389157444729758 ], [ 103.934722975492178, 1.389359523984209 ], [ 103.934452251869118, 1.389578765843827 ], [ 103.934401182136853, 1.389620034114047 ], [ 103.934204804101554, 1.389778721140208 ], [ 103.933913085715446, 1.390032785428823 ], [ 103.933900268921093, 1.390044641269142 ], [ 103.933713327918255, 1.390209254143176 ], [ 103.933640107427237, 1.390273727485159 ], [ 103.933561953035095, 1.3903426450744 ], [ 103.933538212623318, 1.390363579372768 ], [ 103.933533532111355, 1.390367706179842 ], [ 103.93378249336763, 1.390596874616 ], [ 103.93497538302293, 1.391694923024664 ], [ 103.9356583999337, 1.392328132569295 ], [ 103.936004313079124, 1.392648819807653 ], [ 103.936065256088867, 1.392703866594555 ], [ 103.936116027675055, 1.392749048133854 ], [ 103.936206719137161, 1.392828029377114 ], [ 103.936253744337947, 1.39286812042022 ], [ 103.936253803646295, 1.392868171966281 ], [ 103.936342572602342, 1.39293661475013 ], [ 103.936390854572522, 1.392968763622149 ], [ 103.936444075070611, 1.392999627176292 ], [ 103.936488300581274, 1.393025274761696 ], [ 103.93653450357094, 1.393044228166802 ], [ 103.936584487843547, 1.393064735099241 ], [ 103.936669406821636, 1.393101358944292 ], [ 103.936930775637379, 1.393131972731363 ], [ 103.936986770790966, 1.393138563056833 ], [ 103.937066511760008, 1.393145211112651 ], [ 103.937187235207958, 1.393155275839097 ], [ 103.937231838176871, 1.39316145246578 ], [ 103.937388586427204, 1.393190294672509 ], [ 103.937400375032581, 1.393194059914501 ], [ 103.937568940662132, 1.393247466784977 ], [ 103.937774976022055, 1.393380964131829 ], [ 103.937958574189651, 1.393520621170784 ], [ 103.937975929429371, 1.393502727581216 ], [ 103.938592207847663, 1.392867347260311 ], [ 103.940366698745663, 1.394497003155949 ], [ 103.940934453923745, 1.395018417148912 ], [ 103.940942152630399, 1.395051114020491 ], [ 103.940956015309681, 1.395038218077747 ], [ 103.942762621414147, 1.393232979768922 ], [ 103.942905368485356, 1.393095688160657 ], [ 103.942991984576253, 1.392988009809054 ], [ 103.943066943020938, 1.392871806576261 ], [ 103.943129421681078, 1.392748349131071 ], [ 103.943178737702098, 1.392618990432593 ], [ 103.943223754523089, 1.392442148385041 ], [ 103.943234375637147, 1.392246636483476 ], [ 103.943212257077576, 1.39189542384346 ], [ 103.943123210882916, 1.391430966453369 ], [ 103.942903016791561, 1.390523157818425 ], [ 103.942820000494578, 1.390163157603908 ], [ 103.942710796542144, 1.389421601743286 ], [ 103.942646756638752, 1.388889671373382 ], [ 103.942629844565474, 1.388655442275999 ], [ 103.942626497936146, 1.388609062201441 ], [ 103.942613695738132, 1.388448404609302 ], [ 103.942624288133189, 1.388291529781382 ], [ 103.942639411060526, 1.388230636542632 ], [ 103.942654301052016, 1.388145734299212 ], [ 103.94268590379292, 1.388024834033495 ], [ 103.942715252269849, 1.387948810147984 ], [ 103.94278017186447, 1.387836094619867 ], [ 103.942837145102871, 1.387737527307335 ], [ 103.942868500191338, 1.387683221592085 ], [ 103.942906874015165, 1.387628142319461 ], [ 103.942983185459141, 1.387548555766897 ], [ 103.943066343798961, 1.387463695554988 ], [ 103.943714793520911, 1.386747063755451 ], [ 103.943755071880645, 1.386702547335607 ] ] ] ] } },
{ "type": "Feature", "properties": { "id": null, "NAME": "Pasir Ris", "SHAPE_AREA": 46.359 }, "geometry": { "type": "MultiPolygon", "coordinates": [ [ [ [ 103.938958758820462, 1.39940312537815 ], [ 103.93867780947852, 1.399136155804381 ], [ 103.937546110353907, 1.400342491559626 ], [ 103.937064763873238, 1.399884980647429 ], [ 103.937671918486757, 1.399237784464313 ], [ 103.937128729389997, 1.398721679947663 ], [ 103.937039343933279, 1.39863675071264 ], [ 103.936927994483057, 1.398530954282682 ], [ 103.936410489075058, 1.398039251751255 ], [ 103.937981171473936, 1.396364797060504 ], [ 103.938680462524786, 1.397029269524279 ], [ 103.938683064919886, 1.397031741934053 ], [ 103.938684934942088, 1.397033518922074 ], [ 103.938829254654394, 1.397170652654463 ], [ 103.93968487691518, 1.397983671002456 ], [ 103.939267859848385, 1.398428191382893 ], [ 103.939587991605634, 1.398732393516717 ], [ 103.940475679827514, 1.397786159138842 ], [ 103.940497270746235, 1.397763143931055 ], [ 103.938230264464821, 1.395608936841757 ], [ 103.936757230007643, 1.394209193854796 ], [ 103.936736731914152, 1.394174169700863 ], [ 103.936658831077025, 1.394041068147005 ], [ 103.936448965385736, 1.39372879465735 ], [ 103.936297846404372, 1.393548384581514 ], [ 103.936163349299335, 1.393387815480295 ], [ 103.936161783895827, 1.39338594623146 ], [ 103.936094427515513, 1.393305535071274 ], [ 103.936066908047906, 1.393272680784036 ], [ 103.936066670844141, 1.393273160106641 ], [ 103.93606655402192, 1.393272995517758 ], [ 103.936050046145866, 1.393249829184112 ], [ 103.936035095599891, 1.393228846817801 ], [ 103.936016055748766, 1.393210674485451 ], [ 103.93597458467498, 1.393171089637518 ], [ 103.935967415526122, 1.393164246639599 ], [ 103.935806188802232, 1.393011201173951 ], [ 103.935634754925985, 1.392852812262343 ], [ 103.935440526848936, 1.392673364436587 ], [ 103.935159089300868, 1.392413340765548 ], [ 103.934908042002377, 1.392181396199827 ], [ 103.934691021621347, 1.391980889396478 ], [ 103.934470039293984, 1.391776722785091 ], [ 103.934230549183312, 1.391555456351892 ], [ 103.93399041211616, 1.391333591230179 ], [ 103.933739366841706, 1.391101645615913 ], [ 103.933442732340353, 1.390827583031268 ], [ 103.933232658473671, 1.390633494038443 ], [ 103.93180585639989, 1.391857517146098 ], [ 103.931072028841228, 1.392492602269243 ], [ 103.930891597619976, 1.392656713654239 ], [ 103.929958440034454, 1.393473284337905 ], [ 103.929944563789732, 1.393485426885754 ], [ 103.929978074847014, 1.393517023034834 ], [ 103.93000288553867, 1.393540416067612 ], [ 103.930013485572104, 1.393550410647641 ], [ 103.930445127886941, 1.393957387692524 ], [ 103.930887039700451, 1.394374048134402 ], [ 103.931410853100331, 1.394867929487959 ], [ 103.931842940706801, 1.395275325842008 ], [ 103.932315649415727, 1.395721021954687 ], [ 103.932620303021551, 1.39600826538178 ], [ 103.932915461939174, 1.396286559594468 ], [ 103.933281045370578, 1.396631250869933 ], [ 103.933671039788152, 1.396998959774085 ], [ 103.933677756037696, 1.397005291832992 ], [ 103.933760538264806, 1.397083342912912 ], [ 103.933812410828537, 1.397132251328109 ], [ 103.933817611108552, 1.397137003530193 ], [ 103.93381809186711, 1.397137443029776 ], [ 103.934063042424725, 1.397361352672702 ], [ 103.93419814211147, 1.397489680423717 ], [ 103.936314758187692, 1.399506851078467 ], [ 103.937661020673787, 1.400786449745902 ], [ 103.937661998283303, 1.400785407876458 ], [ 103.938958758820462, 1.39940312537815 ] ] ] ] } },
{ "type": "Feature", "properties": { "id": null, "NAME": "Pasir Ris", "SHAPE_AREA": 113.259 }, "geometry": { "type": "MultiPolygon", "coordinates": [ [ [ [ 103.942762621414147, 1.393232979768922 ], [ 103.946112108916893, 1.390570924394235 ], [ 103.950841935870827, 1.387373759136173 ], [ 103.954813672093493, 1.385247809041895 ], [ 103.9553904802586, 1.384918204376115 ], [ 103.956082650056743, 1.384802842743092 ], [ 103.963779997620321, 1.38465382978816 ], [ 103.964340755456831, 1.384474099712355 ], [ 103.964743350826637, 1.384229666809259 ], [ 103.964987783729725, 1.383891774266744 ], [ 103.966224245112372, 1.380610654646647 ], [ 103.96598761222333, 1.380897907710673 ], [ 103.965435112813694, 1.381666672413514 ], [ 103.965042866827474, 1.38195551131012 ], [ 103.964771833802871, 1.382033771800587 ], [ 103.964759238957143, 1.382090919124157 ], [ 103.964500047482701, 1.382123465245463 ], [ 103.963941167671408, 1.382074126221842 ], [ 103.96320526727601, 1.381975246824036 ], [ 103.962578273177428, 1.381846075960121 ], [ 103.9617090901328, 1.381626926859333 ], [ 103.960752081782729, 1.381494680494766 ], [ 103.959744523628075, 1.381417566345434 ], [ 103.958937274135124, 1.381352852579076 ], [ 103.958110851841013, 1.381340233512569 ], [ 103.957449051071038, 1.381386416175016 ], [ 103.956246784954274, 1.381521281465327 ], [ 103.955016898820418, 1.381666000604789 ], [ 103.954217931526003, 1.381782109297669 ], [ 103.953553487327028, 1.381891173133185 ], [ 103.953216355299105, 1.382015448740965 ], [ 103.952647748603809, 1.3822032195315 ], [ 103.952246552992619, 1.382315185354765 ], [ 103.951638291867539, 1.382480158940192 ], [ 103.951298981638942, 1.382570950385814 ], [ 103.950971343585564, 1.382656423552673 ], [ 103.950582239792013, 1.382766223459602 ], [ 103.950145723411083, 1.382871492989814 ], [ 103.949240691425445, 1.382989645543731 ], [ 103.949046495608812, 1.383143876891264 ], [ 103.947462147885048, 1.384254190042536 ], [ 103.945078211747131, 1.385856597594089 ], [ 103.944701739345774, 1.386083736116691 ], [ 103.944196383762431, 1.386434984511675 ], [ 103.943714793520911, 1.386747063755451 ], [ 103.943066343798961, 1.387463695554988 ], [ 103.943083547487959, 1.387122760042854 ], [ 103.942906874015165, 1.387628142319461 ], [ 103.94278017186447, 1.387836094619867 ], [ 103.942639411060526, 1.388230636542632 ], [ 103.942629844565474, 1.388655442275999 ], [ 103.942650707711522, 1.389219069455691 ], [ 103.942820000494578, 1.390163157603908 ], [ 103.942903016791561, 1.390523157818425 ], [ 103.943123210882916, 1.391430966453369 ], [ 103.943212257077576, 1.39189542384346 ], [ 103.943234375637147, 1.392246636483476 ], [ 103.943178737702098, 1.392618990432593 ], [ 103.943066943020938, 1.392871806576261 ], [ 103.942905368485356, 1.393095688160657 ], [ 103.942762621414147, 1.393232979768922 ] ] ] ] } },
{ "type": "Feature", "properties": { "id": null, "NAME": "Changi Bay", "SHAPE_AREA": 1024.006 }, "geometry": { "type": "MultiPolygon", "coordinates": [ [ [ [ 104.04135168843564, 1.354852270955187 ], [ 104.04449368698792, 1.352588193445675 ], [ 104.044550538370117, 1.352511134432352 ], [ 104.044618287287676, 1.352421719121441 ], [ 104.044713857988668, 1.352298195309511 ], [ 104.044756232978145, 1.352245181733974 ], [ 104.044824466759763, 1.352162188224683 ], [ 104.044856037679196, 1.352121770592163 ], [ 104.044924162842833, 1.352029716325565 ], [ 104.04499705382969, 1.351936261693203 ], [ 104.045082109795359, 1.351815294510816 ], [ 104.045174807766969, 1.351691817966166 ], [ 104.045191300527051, 1.351668054506485 ], [ 104.045206750942825, 1.351644090370712 ], [ 104.045227068774764, 1.351608960601156 ], [ 104.045292763043292, 1.351482692862156 ], [ 104.045310766560533, 1.351451847240269 ], [ 104.045328210693583, 1.351425816470507 ], [ 104.045375152007608, 1.351361095570326 ], [ 104.045403026279118, 1.351321086123721 ], [ 104.045476134941353, 1.351209935886699 ], [ 104.045513712270989, 1.351154284711723 ], [ 104.045532551521461, 1.351124358747777 ], [ 104.045548868710867, 1.351096617030441 ], [ 104.045583580643424, 1.351031822141072 ], [ 104.045603559926235, 1.350999187523843 ], [ 104.045619920644427, 1.3509760489856 ], [ 104.0456517269172, 1.350935152016253 ], [ 104.045683978173528, 1.350896544842433 ], [ 104.045753073880064, 1.350816714686058 ], [ 104.045794480354502, 1.350765722425016 ], [ 104.045815916571868, 1.350737442163199 ], [ 104.045842080300147, 1.350701150680538 ], [ 104.045862974487065, 1.350670574300745 ], [ 104.045883020390377, 1.350639477085185 ], [ 104.045917997913477, 1.350580786587503 ], [ 104.045947371446516, 1.350525680554273 ], [ 104.045959249998504, 1.350500725553633 ], [ 104.045971556866675, 1.35047237284163 ], [ 104.045994580852266, 1.35041333431344 ], [ 104.046008129224987, 1.350381525035143 ], [ 104.046027525646963, 1.350342151190206 ], [ 104.046048516193409, 1.350303755720393 ], [ 104.046084948176599, 1.350241664706746 ], [ 104.046132995353247, 1.350164071066539 ], [ 104.0461931447051, 1.350070582265005 ], [ 104.046285007205427, 1.349929915729174 ], [ 104.046313284500172, 1.349885313910322 ], [ 104.046347920646141, 1.349827699625693 ], [ 104.046382508732279, 1.349765088766269 ], [ 104.046405156594105, 1.349720809394622 ], [ 104.04642864421352, 1.349672024436529 ], [ 104.046454105361164, 1.34961634809525 ], [ 104.046477342792073, 1.349563105577721 ], [ 104.046686601816248, 1.349063076545897 ], [ 104.046775497624608, 1.348844512470333 ], [ 104.046836552675003, 1.348689218841854 ], [ 104.046854612009724, 1.348649706745234 ], [ 104.046880999948129, 1.348598581050542 ], [ 104.046897069555911, 1.348565680891743 ], [ 104.046910043059327, 1.348536459935133 ], [ 104.046923779032269, 1.348502599553988 ], [ 104.046940867271246, 1.348455600361913 ], [ 104.046959541492257, 1.348398648568578 ], [ 104.047028023637267, 1.348167189241329 ], [ 104.047059931626833, 1.348067163510292 ], [ 104.047090172278985, 1.347981851833101 ], [ 104.04713712023792, 1.347860573261783 ], [ 104.047158773069242, 1.347802526931625 ], [ 104.047181180997157, 1.347737738544934 ], [ 104.047202047799942, 1.347671793620324 ], [ 104.047226077931896, 1.347589986879135 ], [ 104.047244766360024, 1.347520907641717 ], [ 104.047260230249123, 1.347456166895105 ], [ 104.047274808529181, 1.347385338992289 ], [ 104.0472856964264, 1.347324651983137 ], [ 104.047300876629464, 1.347231981969936 ], [ 104.047323443867413, 1.347077619610767 ], [ 104.047332361613698, 1.347021322530052 ], [ 104.047342269812304, 1.346967825254536 ], [ 104.047370077982592, 1.346830167735411 ], [ 104.047385873253845, 1.346742765553964 ], [ 104.047398825916915, 1.346660201035295 ], [ 104.047416519027962, 1.346532653325146 ], [ 104.047437253418465, 1.346432224333001 ], [ 104.047461668245234, 1.34630037671042 ], [ 104.047485163472544, 1.346184819371825 ], [ 104.047499433088532, 1.346119119206946 ], [ 104.04751156538471, 1.346067656540705 ], [ 104.047525017498785, 1.346014366954435 ], [ 104.047541691097408, 1.345952663839934 ], [ 104.047575423675497, 1.345838437715993 ], [ 104.047597352330953, 1.345769967729567 ], [ 104.047614585781972, 1.345719192828875 ], [ 104.047614766305529, 1.345718207062586 ], [ 104.047615503444334, 1.345711618748612 ], [ 104.047615444736977, 1.345697869797476 ], [ 104.047614270389914, 1.345678015623381 ], [ 104.047611560887049, 1.345653306086287 ], [ 104.047608366594872, 1.34563352805679 ], [ 104.048403483441234, 1.340687761150737 ], [ 104.048418501242381, 1.340670383486711 ], [ 104.048432366110347, 1.340651983999917 ], [ 104.048445110402042, 1.34063266578431 ], [ 104.048456779054547, 1.340612536454548 ], [ 104.048467410713542, 1.340591686443036 ], [ 104.048477064691895, 1.340570210702163 ], [ 104.048485799402911, 1.340548193332051 ], [ 104.048495732199896, 1.34051948722352 ], [ 104.048506328392136, 1.340483502782381 ], [ 104.048515770678577, 1.340445647326385 ], [ 104.04852469684937, 1.340403829018854 ], [ 104.048533368358321, 1.340357759346444 ], [ 104.04854514051614, 1.340288150767412 ], [ 104.048557912388262, 1.3402039538996 ], [ 104.048616549446038, 1.339784035356417 ], [ 104.048639195554671, 1.339628254959547 ], [ 104.048656613033941, 1.339514231951217 ], [ 104.048709410333529, 1.339176098644686 ], [ 104.048739380483738, 1.338988800720968 ], [ 104.04877531005603, 1.338773185914241 ], [ 104.048787270523917, 1.338709534325574 ], [ 104.048797754091694, 1.338659848869481 ], [ 104.0488137984227, 1.338595542164463 ], [ 104.048833500520558, 1.338528491313564 ], [ 104.048861105671719, 1.338444126732503 ], [ 104.048903302646025, 1.338321260528415 ], [ 104.048980954223339, 1.338100400372161 ], [ 104.049014491846037, 1.338008464884412 ], [ 104.049049790605011, 1.337916254315879 ], [ 104.049084437759404, 1.337832589084327 ], [ 104.049119235434191, 1.337754236942997 ], [ 104.04914365089752, 1.337702865434799 ], [ 104.049169042426101, 1.337654224097152 ], [ 104.049195732577118, 1.337608049733266 ], [ 104.049234785476031, 1.337546683772269 ], [ 104.049278006656991, 1.337484184281215 ], [ 104.049313179972884, 1.337437310096718 ], [ 104.049347259369483, 1.337396364075924 ], [ 104.049380311317663, 1.337361092088327 ], [ 104.049422757970049, 1.337319482431239 ], [ 104.049599396244162, 1.337155565444855 ], [ 104.049730279248948, 1.337031693864808 ], [ 104.049934061595806, 1.336834318631927 ], [ 104.050103161549814, 1.336666973867439 ], [ 104.050193177083116, 1.336579598554752 ], [ 104.050730910226918, 1.336000530988606 ], [ 104.050748688180818, 1.335981386859984 ], [ 104.054539434635899, 1.331899245631965 ], [ 104.05462350669076, 1.331810278170269 ], [ 104.054751101045937, 1.331672722864128 ], [ 104.055036330073136, 1.331368023456159 ], [ 104.055263391388181, 1.331123058506558 ], [ 104.055487573447977, 1.330885240038829 ], [ 104.055654609233201, 1.330704267432895 ], [ 104.055774773743579, 1.330570851106174 ], [ 104.055871698977796, 1.330466530977263 ], [ 104.055945763836149, 1.330388031429858 ], [ 104.056003342889085, 1.330328220121536 ], [ 104.056059746076201, 1.330272173760263 ], [ 104.056196881182899, 1.330135907151492 ], [ 104.056306338540537, 1.330022647200602 ], [ 104.056389368175203, 1.32993392758718 ], [ 104.05646611743532, 1.329850638306773 ], [ 104.056606532935561, 1.329692560989773 ], [ 104.056693577712124, 1.329598824532066 ], [ 104.056777609251995, 1.329510672755372 ], [ 104.056841880093629, 1.329444615330322 ], [ 104.057059114452187, 1.329228721742428 ], [ 104.057131291818266, 1.329155021769206 ], [ 104.057203788927524, 1.329079813296825 ], [ 104.057314244206239, 1.328963507348174 ], [ 104.057463192589879, 1.328809541334342 ], [ 104.057590919828527, 1.32867427755998 ], [ 104.057713875484481, 1.328545897283091 ], [ 104.05804851675309, 1.328201373355078 ], [ 104.05818613702553, 1.328057074122356 ], [ 104.05835650470982, 1.327881253214342 ], [ 104.058543189907624, 1.327684545568839 ], [ 104.058712127139842, 1.327509680681382 ], [ 104.05896670353107, 1.327249907742265 ], [ 104.059007774011462, 1.3272065092787 ], [ 104.059048374427732, 1.327161762460727 ], [ 104.059086572170699, 1.327117507833523 ], [ 104.059124069800433, 1.327071673357614 ], [ 104.05915767961676, 1.327028083853957 ], [ 104.059183236515153, 1.326992935458821 ], [ 104.059213570202985, 1.326949104792264 ], [ 104.059242381753634, 1.32690531224838 ], [ 104.059270539934573, 1.326860145140903 ], [ 104.059297002582156, 1.326815273914018 ], [ 104.059318563280002, 1.326776205495507 ], [ 104.059335910306132, 1.326742832203639 ], [ 104.059358881937612, 1.326696233070111 ], [ 104.059383211660816, 1.326643999664229 ], [ 104.059404515380379, 1.326595128033392 ], [ 104.059426472800226, 1.326541391803269 ], [ 104.059444728745106, 1.326493618342599 ], [ 104.059460117762512, 1.326449567481109 ], [ 104.059473257036657, 1.326407938695929 ], [ 104.059486973543144, 1.326360435151175 ], [ 104.059500671664196, 1.326308370028729 ], [ 104.05951358517126, 1.326254302730891 ], [ 104.059524569675574, 1.326202204396775 ], [ 104.059531932431042, 1.326163260275939 ], [ 104.059541559713296, 1.32610658873065 ], [ 104.059550421967984, 1.326045911856247 ], [ 104.059557578815955, 1.325985633055994 ], [ 104.05956068819512, 1.325950510236864 ], [ 104.059563295302411, 1.325905665620534 ], [ 104.0595648373383, 1.325857593450122 ], [ 104.059565387870606, 1.325805046609837 ], [ 104.05956484764387, 1.325753349061549 ], [ 104.059562994918736, 1.325694822830219 ], [ 104.059560052196602, 1.32563563923112 ], [ 104.059556166996344, 1.325577529191007 ], [ 104.059551382618523, 1.325522368343379 ], [ 104.059548194557095, 1.32550238414377 ], [ 104.059540620805436, 1.325463894479127 ], [ 104.059521834073678, 1.32538565933149 ], [ 104.059490424961623, 1.325272281105145 ], [ 104.059476158080969, 1.325225486435316 ], [ 104.059459407231401, 1.32517443789561 ], [ 104.059443001859577, 1.325128185131966 ], [ 104.059409788753385, 1.325047623490953 ], [ 104.059379757761718, 1.324980919027549 ], [ 104.059344223504425, 1.324907964149308 ], [ 104.05930174565718, 1.324829260906469 ], [ 104.05925790516612, 1.324755511858074 ], [ 104.059228331470337, 1.324707844980291 ], [ 104.059202396669605, 1.324667664040009 ], [ 104.059171214698395, 1.32462133394913 ], [ 104.059152429072796, 1.324594781020802 ], [ 104.059131009645085, 1.324566438610137 ], [ 104.059107246679801, 1.324536680190079 ], [ 104.059065607197368, 1.324487831515694 ], [ 104.058998627388164, 1.324414556655521 ], [ 104.058944010442218, 1.324358449889004 ], [ 104.058935953183962, 1.32434862297324 ], [ 104.05890181546512, 1.324317338040672 ], [ 104.058861999527721, 1.324282701173823 ], [ 104.058824317025639, 1.324251212179575 ], [ 104.058773761125636, 1.324210653656167 ], [ 104.05873396082886, 1.324180023993666 ], [ 104.058693372565685, 1.324150037400681 ], [ 104.058642034451751, 1.324114088456041 ], [ 104.058610848530535, 1.324093480094022 ], [ 104.058573398616389, 1.324070379894683 ], [ 104.058535755625044, 1.324048495168926 ], [ 104.058499123644552, 1.324028221010964 ], [ 104.058450083166477, 1.324002757877871 ], [ 104.058373421296338, 1.32396654716775 ], [ 104.058326723808463, 1.323946376118519 ], [ 104.058283207406461, 1.323928760492478 ], [ 104.058202830637782, 1.323899071438198 ], [ 104.05815523410449, 1.323883313732541 ], [ 104.058102163599131, 1.323867258087177 ], [ 104.058056688823228, 1.323854698898792 ], [ 104.058008104219994, 1.32384260664159 ], [ 104.057966356009373, 1.323833291946807 ], [ 104.057919516645498, 1.323824104325357 ], [ 104.057873474417022, 1.32381629939315 ], [ 104.057823118310651, 1.32380898411055 ], [ 104.057775590980228, 1.323803350674435 ], [ 104.057725715830784, 1.323798641704707 ], [ 104.0576794844132, 1.323795328730423 ], [ 104.057625165222419, 1.323792512079419 ], [ 104.057559651104015, 1.32379041088849 ], [ 104.057512383894036, 1.323789680850753 ], [ 104.057389889516742, 1.323789527398785 ], [ 104.057101415835447, 1.323791890472337 ], [ 104.056795268031991, 1.323797563255579 ], [ 104.056462641217308, 1.323806232727346 ], [ 104.056305544032, 1.323808693235534 ], [ 104.05559731093561, 1.323814344343183 ], [ 104.0553061624409, 1.323818957490827 ], [ 104.055045270507094, 1.32382135401405 ], [ 104.054476059781081, 1.323829004483808 ], [ 104.054217309781095, 1.323829308043347 ], [ 104.053994152328599, 1.323832034780791 ], [ 104.053912078200923, 1.323832454516527 ], [ 104.05386089250446, 1.323832716840081 ], [ 104.05362978018357, 1.323835135870531 ], [ 104.053438373600642, 1.323835912636362 ], [ 104.053236676054951, 1.323837790909369 ], [ 104.053045868708452, 1.32383755742346 ], [ 104.052789966341379, 1.323839724461106 ], [ 104.052352508415709, 1.323845794547423 ], [ 104.052025835700249, 1.323849334280443 ], [ 104.051834929830761, 1.32385290986558 ], [ 104.051409510629782, 1.323859264494781 ], [ 104.051314700488589, 1.323859764854915 ], [ 104.051005264195354, 1.323858958392117 ], [ 104.050809435820568, 1.323859670231 ], [ 104.050682410160377, 1.323861219752304 ], [ 104.05027422065632, 1.32386865880041 ], [ 104.049596072253067, 1.323872663224845 ], [ 104.049307623720949, 1.323876856711859 ], [ 104.048962445651398, 1.323883854119096 ], [ 104.048646110636597, 1.323887383457371 ], [ 104.048372923038457, 1.323891927297209 ], [ 104.048131866610049, 1.323896781213998 ], [ 104.047594525673233, 1.323909293673709 ], [ 104.047347477583898, 1.323912603391338 ], [ 104.046890143234123, 1.323924796744287 ], [ 104.046482242116952, 1.32393313678801 ], [ 104.046331181441388, 1.323937840758388 ], [ 104.046054096107653, 1.32394489427413 ], [ 104.045858635388043, 1.323948205719437 ], [ 104.045611971417301, 1.323957077034995 ], [ 104.045200278643165, 1.323968438656149 ], [ 104.044535368016867, 1.32399059012479 ], [ 104.044356938446086, 1.323995148006507 ], [ 104.044173843711718, 1.324000860236047 ], [ 104.043919423224381, 1.32400716366965 ], [ 104.043855867257918, 1.324008274227325 ], [ 104.043471785495299, 1.32401498480003 ], [ 104.042782731455475, 1.324023599611784 ], [ 104.042750395475053, 1.324024197428524 ], [ 104.042459838891389, 1.324029568676962 ], [ 104.042164451624217, 1.324033923801729 ], [ 104.041786961276316, 1.324037277479611 ], [ 104.032564507771738, 1.32407255088433 ], [ 104.032563952438025, 1.324072162959175 ], [ 104.032553865872003, 1.324439005298846 ], [ 104.032549949933994, 1.32459572743492 ], [ 104.032401295564313, 1.324591583925731 ], [ 104.029740894556738, 1.324517422131208 ], [ 104.02859251629269, 1.32449375773593 ], [ 104.028565558895437, 1.324493201883327 ], [ 104.028538666193768, 1.324492647833999 ], [ 104.028538666147696, 1.324492059096074 ], [ 104.028538626611422, 1.324492057290492 ], [ 104.028538666074184, 1.324491119466714 ], [ 104.02857782145928, 1.322989209711656 ], [ 104.027891222548774, 1.322972220428501 ], [ 104.023762058240877, 1.32287004538674 ], [ 104.020520268009108, 1.322789822770506 ], [ 104.020520975829925, 1.322762700966861 ], [ 104.01877165352299, 1.322719410291267 ], [ 104.018858834367208, 1.322732669789146 ], [ 104.018861707056928, 1.32273308105678 ], [ 104.01886458603272, 1.32273344167977 ], [ 104.01886747039606, 1.322733751658217 ], [ 104.01887036014692, 1.322734010992088 ], [ 104.018873254386691, 1.322734218777108 ], [ 104.018876151318409, 1.322734376822129 ], [ 104.018877501840791, 1.32273443279082 ], [ 104.01891414115137, 1.322735802852165 ], [ 104.018931386139769, 1.322736447267311 ], [ 104.019417233493968, 1.322754611800732 ], [ 104.019425125466228, 1.322754906930877 ], [ 104.019707532813371, 1.322765464805137 ], [ 104.019698380730915, 1.323013442769696 ], [ 104.019698125162321, 1.323020381037594 ], [ 104.019697826547983, 1.323028452471601 ], [ 104.019355762575401, 1.323015663524663 ], [ 104.019337559730033, 1.323014983010639 ], [ 104.018562404068163, 1.322986002371122 ], [ 104.018559904299309, 1.322985908505495 ], [ 104.018441355772666, 1.322981477001367 ], [ 104.018441316236391, 1.322981475195619 ], [ 104.018415641040548, 1.322980514884131 ], [ 104.018209633850148, 1.322972813436359 ], [ 104.018149691286723, 1.323052505603135 ], [ 104.018148568213562, 1.323054025916315 ], [ 104.018147472098249, 1.323055565219033 ], [ 104.0181464029408, 1.32305712351129 ], [ 104.018145360741215, 1.323058700793102 ], [ 104.018144346397989, 1.323060296159993 ], [ 104.018143359012456, 1.323061908707722 ], [ 104.018142400381777, 1.323063538436122 ], [ 104.018141470505896, 1.323065185345208 ], [ 104.018140568486174, 1.323066847626333 ], [ 104.01813969611969, 1.323068525279343 ], [ 104.018138852507889, 1.323070218304324 ], [ 104.018138038549324, 1.323071926701191 ], [ 104.018137254243868, 1.323073648661244 ], [ 104.018136500490002, 1.323075383280042 ], [ 104.018135776389215, 1.323077131462009 ], [ 104.018135082840047, 1.323078892302736 ], [ 104.018134419842383, 1.323080664897833 ], [ 104.018133787396252, 1.323082449247331 ], [ 104.018133186400036, 1.323084243542431 ], [ 104.018132615955295, 1.323086048687559 ], [ 104.018132077859008, 1.32308786377822 ], [ 104.018131571212606, 1.323089687910125 ], [ 104.018131096016077, 1.323091521083273 ], [ 104.018130652269264, 1.323093361488947 ], [ 104.018130240870832, 1.323095210031422 ], [ 104.018129861820583, 1.323097064901997 ], [ 104.018129514220007, 1.323098926100741 ], [ 104.018129199866209, 1.323100793627501 ], [ 104.018128917860551, 1.323102666578004 ], [ 104.018128667304424, 1.323104544047941 ], [ 104.018128450893414, 1.323106425132769 ], [ 104.018128265931878, 1.323108309832673 ], [ 104.018128114216893, 1.323110198147536 ], [ 104.018127994849806, 1.323112088268674 ], [ 104.018127908729127, 1.323113980196053 ], [ 104.018127854956276, 1.323115873025366 ], [ 104.018127834429848, 1.323117767660904 ], [ 104.018127847149657, 1.323119661389592 ], [ 104.018127892217223, 1.323121555115854 ], [ 104.018127969632459, 1.323123447935334 ], [ 104.018128080293792, 1.32312533803923 ], [ 104.018128224201348, 1.323127227236292 ], [ 104.018128400456391, 1.323129112813479 ], [ 104.01812860905892, 1.323130994770808 ], [ 104.018128850907459, 1.323132873108194 ], [ 104.018129125103442, 1.323134746921364 ], [ 104.018129431646827, 1.323136616210317 ], [ 104.018129770537485, 1.323138479166319 ], [ 104.018130140876877, 1.32314033578944 ], [ 104.01813054446211, 1.323142186079542 ], [ 104.018130979495993, 1.32314402913242 ], [ 104.018131446877035, 1.32314586404363 ], [ 104.0181319457066, 1.323147689908883 ], [ 104.0181324759847, 1.323149506728195 ], [ 104.018133037711337, 1.323151314501531 ], [ 104.018133630886425, 1.323153112324551 ], [ 104.018134255509921, 1.323154899292913 ], [ 104.018134910683187, 1.323156674502292 ], [ 104.01813559640631, 1.323158438857047 ], [ 104.01813631267909, 1.323160189644135 ], [ 104.018136409739341, 1.323160419344272 ], [ 104.018274035834622, 1.32348667584769 ], [ 104.018278832129837, 1.323498668508335 ], [ 104.018283176867357, 1.323510834245743 ], [ 104.018287063898811, 1.323523155843819 ], [ 104.0183570559619, 1.323760396746256 ], [ 104.018357607805115, 1.323762208137682 ], [ 104.018358190198171, 1.323764008674497 ], [ 104.018358804039735, 1.323765799260975 ], [ 104.018359448431127, 1.323767578992858 ], [ 104.018360124270799, 1.32376934606133 ], [ 104.018360830660313, 1.323771102275189 ], [ 104.018361168575126, 1.323771917982431 ], [ 104.018438654175199, 1.323955608455592 ], [ 104.018481055166689, 1.324056125774701 ], [ 104.019534208784179, 1.326552718878411 ], [ 104.019537267989534, 1.326559970708047 ], [ 104.019674694993498, 1.326885753202145 ], [ 104.019669554354763, 1.32687327523529 ], [ 104.020728706475154, 1.326395756088103 ], [ 104.020728921221234, 1.326395659305242 ], [ 104.020727662053503, 1.326427510047103 ], [ 104.020727445510403, 1.326427607734459 ], [ 104.019679988391047, 1.326898301697448 ], [ 104.020218086383494, 1.328173910942381 ], [ 104.020362828298502, 1.328112061613087 ], [ 104.020434112215469, 1.328281046655235 ], [ 104.020289371192121, 1.328342895989743 ], [ 104.020443118108034, 1.328707364770797 ], [ 104.020449871919283, 1.328723374136601 ], [ 104.021275403201457, 1.330680359924061 ], [ 104.021330362173416, 1.3306565032232 ], [ 104.021359719431729, 1.330725013452454 ], [ 104.021353701134004, 1.330727625704835 ], [ 104.021395371619704, 1.330824867400261 ], [ 104.021386832070107, 1.330828574121416 ], [ 104.021401065839655, 1.330861791064704 ], [ 104.021359541560187, 1.330879816330207 ], [ 104.022215375520361, 1.332908632518237 ], [ 104.022218760976912, 1.332916659352949 ], [ 104.023315109149365, 1.335515626071941 ], [ 104.023319484999163, 1.335525996926831 ], [ 104.024810589996576, 1.339060751183051 ], [ 104.024818696444669, 1.33907996727957 ], [ 104.026052783525699, 1.342005432704691 ], [ 104.026053359606337, 1.342006798241641 ], [ 104.026215069334938, 1.342390139722252 ], [ 104.026209922330736, 1.342377645502148 ], [ 104.026691049174687, 1.342160353932615 ], [ 104.026699929769194, 1.342185466379921 ], [ 104.026220355618136, 1.342402671010018 ], [ 104.026445880991375, 1.342937288626327 ], [ 104.026447728764836, 1.342941668291631 ], [ 104.028411334770453, 1.347596473374267 ], [ 104.028412161598794, 1.347598433958346 ], [ 104.029615328682709, 1.35045057589205 ], [ 104.029621898390175, 1.350466148421837 ], [ 104.029752649970092, 1.350776099635542 ], [ 104.0302468641014, 1.35056458768271 ], [ 104.030253208308338, 1.35058057442495 ], [ 104.02976002404219, 1.350793580296894 ], [ 104.030474461204079, 1.352487169516524 ], [ 104.030522868185614, 1.352540764206097 ], [ 104.030610183892961, 1.352719679976996 ], [ 104.030645325183997, 1.352892206194471 ], [ 104.030674106141475, 1.35296043139663 ], [ 104.030676184906056, 1.352965359078784 ], [ 104.030754251375697, 1.353150418003507 ], [ 104.030890722467035, 1.353092101894002 ], [ 104.03096200892837, 1.353261087287568 ], [ 104.030825536931843, 1.353319402497887 ], [ 104.030979838321315, 1.353685175934928 ], [ 104.030991564970307, 1.353712974968648 ], [ 104.031047180460149, 1.353835960516123 ], [ 104.031051789096651, 1.3538461522638 ], [ 104.031065116216539, 1.353875622420977 ], [ 104.031067610137569, 1.353880801480248 ], [ 104.03106952622592, 1.353885249864884 ], [ 104.031119686457359, 1.353995731285366 ], [ 104.031309627342551, 1.354414919531008 ], [ 104.031322955390124, 1.354444661897684 ], [ 104.031350324347642, 1.354507888809436 ], [ 104.031376645634765, 1.354571709066278 ], [ 104.031401857239658, 1.354635984306432 ], [ 104.031425955567116, 1.354700703677933 ], [ 104.031448917250032, 1.354765812016843 ], [ 104.031470752173902, 1.354831326505216 ], [ 104.031491446857544, 1.35489721368293 ], [ 104.031510996806631, 1.354963455463195 ], [ 104.031529017404907, 1.355029649437991 ], [ 104.031529468577901, 1.355030832302375 ], [ 104.031531062183021, 1.355036481701569 ], [ 104.031531921476812, 1.355039815097954 ], [ 104.031533023478389, 1.355044338610727 ], [ 104.031546635537069, 1.355096917824061 ], [ 104.031562712633715, 1.355164097709549 ], [ 104.031577623423331, 1.355231549902857 ], [ 104.031591362512813, 1.355299253604228 ], [ 104.031603235008134, 1.355363429554869 ], [ 104.031603929003282, 1.355367206100679 ], [ 104.031615308511817, 1.3554353350447 ], [ 104.031625507330673, 1.355503670279682 ], [ 104.031634520065239, 1.355572172918628 ], [ 104.031636864283399, 1.355592738752277 ], [ 104.031642344018252, 1.355640824874623 ], [ 104.031648976492122, 1.355709603538948 ], [ 104.031654413890806, 1.355778488111668 ], [ 104.031656650668268, 1.355814837730734 ], [ 104.031658657111009, 1.355847456888104 ], [ 104.031661170525808, 1.355904422250807 ], [ 104.031661182227751, 1.355904676374712 ], [ 104.031661703455384, 1.355916490876977 ], [ 104.03166355202346, 1.355985567469396 ], [ 104.031664202814454, 1.356054678526161 ], [ 104.031663655823479, 1.356123765263939 ], [ 104.03166191015336, 1.356192845770001 ], [ 104.031660507490486, 1.356225827856256 ], [ 104.031660381931715, 1.356228771554966 ], [ 104.031658966699467, 1.356261882061224 ], [ 104.031654825460436, 1.356330858763508 ], [ 104.031649490926952, 1.356399751458792 ], [ 104.031642961300207, 1.356468540251353 ], [ 104.031635240172562, 1.35653720343627 ], [ 104.031626329339332, 1.356605720213161 ], [ 104.03162401412736, 1.356621392040159 ], [ 104.031623522885525, 1.356624714695415 ], [ 104.031616231494397, 1.356674069781536 ], [ 104.031604949332774, 1.356742244906296 ], [ 104.031592490037966, 1.356810185899157 ], [ 104.03157885271284, 1.356877911751745 ], [ 104.031564041847176, 1.356945386289303 ], [ 104.031548393363835, 1.357010907480608 ], [ 104.031548127485422, 1.357012079551734 ], [ 104.03154789663688, 1.357013079791743 ], [ 104.031547358584973, 1.357015360629361 ], [ 104.031546360601823, 1.357019257594332 ], [ 104.031544820914206, 1.357024719144944 ], [ 104.031530922850123, 1.35707950454691 ], [ 104.03151262459933, 1.357146106665599 ], [ 104.031493174366489, 1.357212376979512 ], [ 104.031484148882313, 1.35724126204392 ], [ 104.031477242549869, 1.357263366954604 ], [ 104.031472577541251, 1.357278295592278 ], [ 104.031450840411978, 1.357343844416213 ], [ 104.031428864923726, 1.357406449571351 ], [ 104.031427965673231, 1.357409010790006 ], [ 104.031427934230535, 1.357409095802346 ], [ 104.031426112350132, 1.357414011143383 ], [ 104.031403973987537, 1.357473742259154 ], [ 104.031402475502034, 1.35747759133434 ], [ 104.031399810926956, 1.357484412229142 ], [ 104.031389419443627, 1.357511015708398 ], [ 104.031389167000697, 1.357511661441508 ], [ 104.031378858167585, 1.357538054198303 ], [ 104.031354485052191, 1.357597402954245 ], [ 104.031352631689202, 1.357601915858134 ], [ 104.03134398198263, 1.357621991530886 ], [ 104.031337001484857, 1.357638178322611 ], [ 104.031332270558011, 1.357649148586515 ], [ 104.03133050881317, 1.357653231912352 ], [ 104.031374539562094, 1.357713217125535 ], [ 104.031388876785385, 1.357732749192569 ], [ 104.031465498347274, 1.357837134836292 ], [ 104.031594305119583, 1.358012614156216 ], [ 104.031671147770354, 1.358117300923801 ], [ 104.031739658047996, 1.358210635958662 ], [ 104.031871171627373, 1.358389802105004 ], [ 104.032826478055028, 1.35969125720872 ], [ 104.03344457684544, 1.36053331933783 ], [ 104.033458333567623, 1.360552060121601 ], [ 104.033461219172224, 1.360555991128478 ], [ 104.033508325253621, 1.360620165923128 ], [ 104.033634123612259, 1.360791545878546 ], [ 104.033651178472695, 1.360760850515854 ], [ 104.033665087936214, 1.360735817606358 ], [ 104.033672499967707, 1.360722477694703 ], [ 104.033673925772987, 1.360719911005282 ], [ 104.03367428514423, 1.360719264358714 ], [ 104.033674332760896, 1.360719178440643 ], [ 104.033674410924164, 1.3607190382585 ], [ 104.033701946845085, 1.360669479808289 ], [ 104.033708257403489, 1.360658122343114 ], [ 104.033709437937844, 1.360655997001266 ], [ 104.033730708220801, 1.360617716428727 ], [ 104.033744728189475, 1.36059248455083 ], [ 104.033755420380615, 1.36057324071063 ], [ 104.03377086435701, 1.360545444856426 ], [ 104.033781399322905, 1.360526484093617 ], [ 104.033789960442604, 1.360511076721494 ], [ 104.033799407412104, 1.360494074890755 ], [ 104.033805554455853, 1.360483012260068 ], [ 104.033817451437884, 1.360461599666618 ], [ 104.033826080837684, 1.360446069295928 ], [ 104.033830658327602, 1.360437830204593 ], [ 104.033834537739125, 1.360430848230348 ], [ 104.033836485530742, 1.360427342772815 ], [ 104.033838651640338, 1.360423444805304 ], [ 104.033849758005474, 1.360403456642963 ], [ 104.033852849495602, 1.360397891864814 ], [ 104.033858194242882, 1.360388273562138 ], [ 104.033871345429304, 1.360364603584118 ], [ 104.033880781041546, 1.360329772320653 ], [ 104.03388263862945, 1.360322058889195 ], [ 104.033883864744951, 1.360316963629238 ], [ 104.033886632263403, 1.360305470806307 ], [ 104.033905280899319, 1.360228019960079 ], [ 104.0339053455737, 1.360227753168826 ], [ 104.034908547477826, 1.359562466180133 ], [ 104.037014782704063, 1.358161780453405 ], [ 104.039089441189347, 1.356562896720213 ], [ 104.040258183875864, 1.355660156252622 ], [ 104.041310994306414, 1.354860514080198 ], [ 104.04135168843564, 1.354852270955187 ] ] ] ] } },
{ "type": "Feature", "properties": { "id": null, "NAME": "Tuas Megaport", "SHAPE_AREA": 408.113 }, "geometry": { "type": "MultiPolygon", "coordinates": [ [ [ [ 103.614603460323181, 1.241779981297078 ], [ 103.614603484076298, 1.241184793069837 ], [ 103.614603645391824, 1.237070982464871 ], [ 103.614603869756053, 1.231311087966693 ], [ 103.614603990127023, 1.228198732201593 ], [ 103.61460439391044, 1.217616245821736 ], [ 103.615012305155332, 1.217513549366347 ], [ 103.615012296262776, 1.217936779322955 ], [ 103.620207425011458, 1.216628840699851 ], [ 103.657129960434233, 1.216631521589093 ], [ 103.656915559908001, 1.216552191406178 ], [ 103.65672481934746, 1.216481616077095 ], [ 103.648064018758149, 1.213277032924575 ], [ 103.647027259790605, 1.212717316900985 ], [ 103.646020156425109, 1.212105200382096 ], [ 103.64504532068176, 1.211442270951361 ], [ 103.644677251680335, 1.211247855679594 ], [ 103.644299007631034, 1.211074349586533 ], [ 103.643911759898515, 1.210922289994327 ], [ 103.643845442402309, 1.210897655928094 ], [ 103.64377883828557, 1.210873818108581 ], [ 103.643711956984873, 1.210850779913163 ], [ 103.643702639279553, 1.210840158448256 ], [ 103.643673546837292, 1.210808531819988 ], [ 103.643613174834869, 1.210747400942729 ], [ 103.643581927618769, 1.210717930157299 ], [ 103.64354999748366, 1.210689212655741 ], [ 103.643517401500432, 1.210661261100276 ], [ 103.643484157637886, 1.210634094483732 ], [ 103.64345028476373, 1.210607727277156 ], [ 103.643415802644242, 1.21058217304735 ], [ 103.64338072835001, 1.210557447169577 ], [ 103.643345083444387, 1.210533562306424 ], [ 103.643308887693422, 1.210510534737719 ], [ 103.643272160863688, 1.210488373508438 ], [ 103.643234922721433, 1.210467092185385 ], [ 103.64319719572849, 1.210446703431126 ], [ 103.643159000549687, 1.210427219908154 ], [ 103.643120357850151, 1.210408649757167 ], [ 103.643041817040952, 1.210374295699528 ], [ 103.643001963855525, 1.210358528978855 ], [ 103.642961751200332, 1.210343716332509 ], [ 103.642921201537519, 1.210329865901272 ], [ 103.642880337329345, 1.210316984017253 ], [ 103.642839182834962, 1.210305078821394 ], [ 103.642797759618162, 1.210294155741354 ], [ 103.642756091039686, 1.210284222013637 ], [ 103.642714200460333, 1.210275283066063 ], [ 103.642672112139451, 1.210267344326485 ], [ 103.642629849438094, 1.210260407605257 ], [ 103.642587434818395, 1.210254481043184 ], [ 103.642544893438526, 1.210249565546425 ], [ 103.642502247761016, 1.210245662925257 ], [ 103.64245952294381, 1.210242777703245 ], [ 103.642416741449551, 1.210240909881984 ], [ 103.642373928436356, 1.210240061271966 ], [ 103.642331108164043, 1.210240230066165 ], [ 103.642288303095043, 1.210241419883617 ], [ 103.642245538387783, 1.210243628013024 ], [ 103.642202837403502, 1.210246853551677 ], [ 103.642160223503453, 1.210251095596853 ], [ 103.642117721846176, 1.210256349628539 ], [ 103.642075784386776, 1.210262545138701 ], [ 103.64203400140174, 1.2102697273163 ], [ 103.641992398049496, 1.210277893450029 ], [ 103.641950994996307, 1.210287035402111 ], [ 103.641909816501922, 1.210297152269913 ], [ 103.641777062036056, 1.210331428042262 ], [ 103.641690029045463, 1.21035389882642 ], [ 103.641167830182098, 1.210488723467336 ], [ 103.641080797184458, 1.210511193325806 ], [ 103.640906731186007, 1.210556134842359 ], [ 103.640819698185197, 1.210578606500409 ], [ 103.640645631282197, 1.210623547094265 ], [ 103.640384532267717, 1.210690960223178 ], [ 103.640297499260868, 1.210713430958609 ], [ 103.639949366324942, 1.210803312965406 ], [ 103.63986233331309, 1.210825782781242 ], [ 103.637860570165756, 1.211342608503904 ], [ 103.637773537129561, 1.211365079150897 ], [ 103.63744240868364, 1.211450572277273 ], [ 103.63638100571778, 1.211724609087687 ], [ 103.636293972664461, 1.211747079682802 ], [ 103.636206939610176, 1.211769549370506 ], [ 103.636032872599969, 1.211814490545384 ], [ 103.635858806484194, 1.211859432612469 ], [ 103.635771773424821, 1.211881903189258 ], [ 103.635423640278759, 1.211971785465782 ], [ 103.635249574149015, 1.212016725681378 ], [ 103.635075507116696, 1.212061666789042 ], [ 103.634988474048214, 1.212084138242689 ], [ 103.633944075351991, 1.212353782786804 ], [ 103.63385704227052, 1.212376253296348 ], [ 103.633421875949665, 1.212488605798091 ], [ 103.633334842862169, 1.212511076289283 ], [ 103.633073742695174, 1.212578488648776 ], [ 103.632899676511272, 1.212623428699248 ], [ 103.632812643417779, 1.212645899172082 ], [ 103.632725610323249, 1.212668370546213 ], [ 103.632551543232822, 1.212713310572136 ], [ 103.63246451013535, 1.212735781032728 ], [ 103.631855277526469, 1.212893074171052 ], [ 103.631681211314444, 1.212938015944532 ], [ 103.631507144200057, 1.212982955896977 ], [ 103.631420111090605, 1.213005426320828 ], [ 103.631259337675502, 1.213046935208711 ], [ 103.630723845280485, 1.213185188696881 ], [ 103.630636812162038, 1.213207659093161 ], [ 103.630549778144015, 1.213230130390667 ], [ 103.630288678779777, 1.213297540647551 ], [ 103.629853512254201, 1.213409892521585 ], [ 103.629804932490117, 1.213422435025517 ], [ 103.629766479125806, 1.213432362887215 ], [ 103.629679445996402, 1.213454833249781 ], [ 103.629505378836058, 1.213499774869986 ], [ 103.629418345703684, 1.213522245223353 ], [ 103.629331312570372, 1.213544714669278 ], [ 103.629244279435994, 1.213567185016512 ], [ 103.629070213164212, 1.213612126606138 ], [ 103.628906405373328, 1.213654417381416 ], [ 103.628722079710414, 1.213702007035408 ], [ 103.62863504656903, 1.213724478265529 ], [ 103.628373946240671, 1.21379188831997 ], [ 103.628286913095394, 1.213814358633462 ], [ 103.62793877960587, 1.213904238952283 ], [ 103.627764713304316, 1.213949180449868 ], [ 103.627416579791003, 1.214039060695028 ], [ 103.627329546634741, 1.214061531879116 ], [ 103.626024047376177, 1.214398584801989 ], [ 103.625937013305574, 1.214421055936867 ], [ 103.625849980132571, 1.214443526164384 ], [ 103.624979647449805, 1.214668227366045 ], [ 103.624892613367507, 1.214690696655308 ], [ 103.623761180090725, 1.21498280889346 ], [ 103.623674146893009, 1.215005279948467 ], [ 103.623238979991541, 1.215117630655459 ], [ 103.623151946787999, 1.215140100787646 ], [ 103.622716779857072, 1.21525245140231 ], [ 103.622673263252466, 1.215263686459563 ], [ 103.621268920624786, 1.215626255546098 ], [ 103.620370392509685, 1.21585823388489 ], [ 103.619365995195992, 1.216117546747418 ], [ 103.619235444426451, 1.2161512517388 ], [ 103.61910489455326, 1.216184956723315 ], [ 103.619061377928432, 1.216196190812248 ], [ 103.619017861303305, 1.216207425804766 ], [ 103.618669727394874, 1.216297306621485 ], [ 103.618582694140045, 1.216319775687526 ], [ 103.618060493691715, 1.216454595445003 ], [ 103.617973460430008, 1.21647706539378 ], [ 103.617755876372897, 1.216533241156536 ], [ 103.617712359740452, 1.216544476125925 ], [ 103.616972576053442, 1.216735469582793 ], [ 103.61679850860618, 1.21678041030438 ], [ 103.616450375497223, 1.216870288997524 ], [ 103.616276308038323, 1.216915229682038 ], [ 103.615928174906088, 1.217005108301041 ], [ 103.615754107435706, 1.21705004713974 ], [ 103.614602013851723, 1.217347488294437 ], [ 103.612732899343342, 1.217830045525115 ], [ 103.611834370245901, 1.218062021639961 ], [ 103.611732972129289, 1.218088200762028 ], [ 103.611689453666372, 1.218099435624237 ], [ 103.60919990300799, 1.218742173876431 ], [ 103.609099732248822, 1.218768035562195 ], [ 103.609057141933349, 1.218779260507335 ], [ 103.609014664794543, 1.218790913222736 ], [ 103.608972305325082, 1.21880299190008 ], [ 103.608930068017415, 1.218815497444069 ], [ 103.608887957364388, 1.218828426237687 ], [ 103.608845976960012, 1.21884177828119 ], [ 103.608804131296893, 1.218855552670649 ], [ 103.60876242486772, 1.218869747597697 ], [ 103.608720861266733, 1.218884360349568 ], [ 103.608679444986322, 1.218899392735358 ], [ 103.608638179621025, 1.218914838424873 ], [ 103.608597070561657, 1.21893070013164 ], [ 103.608556120503962, 1.218946975142802 ], [ 103.608515333940701, 1.218963660745688 ], [ 103.608474715364395, 1.218980756940679 ], [ 103.60843426926796, 1.21899825920634 ], [ 103.60839399834677, 1.219016169351649 ], [ 103.608353907992225, 1.219034482855248 ], [ 103.60831400089991, 1.219053198813027 ], [ 103.608274281562544, 1.21907231541664 ], [ 103.608234754472775, 1.219091830857757 ], [ 103.608195423224814, 1.219111743327973 ], [ 103.608156292311463, 1.219132049210261 ], [ 103.608117364428168, 1.21915274940916 ], [ 103.608078644067788, 1.219173840307679 ], [ 103.608040134824464, 1.219195320097362 ], [ 103.608001841191069, 1.219217185161185 ], [ 103.607963766761685, 1.219239434595101 ], [ 103.607925915130579, 1.219262065686348 ], [ 103.607888289891832, 1.219285077530864 ], [ 103.607850895538306, 1.219308466511608 ], [ 103.607813735664095, 1.219332231724533 ], [ 103.607776812965156, 1.219356367743717 ], [ 103.60774013283249, 1.219380875473996 ], [ 103.607703697063457, 1.21940575039373 ], [ 103.607667510150833, 1.219430989790217 ], [ 103.607631576587181, 1.219456593663881 ], [ 103.607595898169919, 1.219482556588689 ], [ 103.607560480290118, 1.21950887856514 ], [ 103.607525324745112, 1.219535555975949 ], [ 103.607490436926298, 1.21956258429978 ], [ 103.607455818630783, 1.219589962632439 ], [ 103.607421474351256, 1.219617689165599 ], [ 103.607387406783758, 1.219645757569001 ], [ 103.607353620420767, 1.219674168747375 ], [ 103.60732011705953, 1.219702919987826 ], [ 103.607286902091616, 1.219732004960292 ], [ 103.607253976415535, 1.219761423664874 ], [ 103.607221345422786, 1.219791170675898 ], [ 103.607189011808984, 1.219821245089211 ], [ 103.607156977371304, 1.219851645096278 ], [ 103.607125247501301, 1.219882364367054 ], [ 103.607093823996095, 1.219913401997342 ], [ 103.60706271045008, 1.219944753465674 ], [ 103.607031909558941, 1.219976416963559 ], [ 103.607001424916959, 1.220008389778258 ], [ 103.606971260118542, 1.220040667388268 ], [ 103.606941416062568, 1.220073245271911 ], [ 103.606911898140169, 1.220106122525279 ], [ 103.606882708148603, 1.220139296435449 ], [ 103.606853848783871, 1.220172761576537 ], [ 103.606825323640194, 1.220206515235771 ], [ 103.606797134514864, 1.220240554700245 ], [ 103.606769285900782, 1.220274875448567 ], [ 103.606741778696559, 1.220309476576434 ], [ 103.606714616496902, 1.220344349944969 ], [ 103.606687802895792, 1.220379496458843 ], [ 103.606661339690703, 1.220414910692048 ], [ 103.606635228678869, 1.22045058993171 ], [ 103.606609474353235, 1.220486529656387 ], [ 103.606584077612553, 1.220522727153132 ], [ 103.606559042051089, 1.220559179709156 ], [ 103.606534369466473, 1.220595880089769 ], [ 103.606510062554321, 1.220632827390873 ], [ 103.606486124908969, 1.220670017995306 ], [ 103.606462556530815, 1.22070744738133 ], [ 103.60643936191272, 1.220745111931877 ], [ 103.606416542852017, 1.220783008029702 ], [ 103.606394100247513, 1.220821132057447 ], [ 103.606372038592156, 1.220859479493707 ], [ 103.606350357886114, 1.220898048529795 ], [ 103.606329062622464, 1.220936832835591 ], [ 103.606308152801617, 1.220975827889289 ], [ 103.606287631119145, 1.221015032786807 ], [ 103.606267500271017, 1.221054443006567 ], [ 103.606247762054622, 1.221094054026967 ], [ 103.60622841826752, 1.221133859517657 ], [ 103.60620947070683, 1.22117385857441 ], [ 103.606190922068464, 1.221214046675716 ], [ 103.606172772352721, 1.221254420204144 ], [ 103.606155025154166, 1.221294973733851 ], [ 103.606137681371635, 1.221335702743126 ], [ 103.606120743700785, 1.221376606327869 ], [ 103.606104213040751, 1.221417677253296 ], [ 103.606088090290427, 1.22145891099771 ], [ 103.606072379043852, 1.221500307561395 ], [ 103.606057079301749, 1.221541858805183 ], [ 103.606042192861366, 1.221583562016118 ], [ 103.606027721520206, 1.221625411768256 ], [ 103.606013666176949, 1.221667406252936 ], [ 103.606000029527522, 1.221709540948615 ], [ 103.60598681157245, 1.221751809524805 ], [ 103.605974014109108, 1.221794208364226 ], [ 103.605971274655374, 1.22180362883015 ], [ 103.605971257579554, 1.221803677664039 ], [ 103.605844292687451, 1.222208002785948 ], [ 103.605757813031175, 1.222623012357969 ], [ 103.605712672114436, 1.223044610478025 ], [ 103.605707395764711, 1.231306695705778 ], [ 103.605706655901855, 1.232465356528472 ], [ 103.60570324681234, 1.237799746729461 ], [ 103.605700705134041, 1.241773859320226 ], [ 103.614603460313603, 1.241780097959339 ], [ 103.614603460323181, 1.241779981297078 ] ] ] ] } },
{ "type": "Feature", "properties": { "id": null, "NAME": "Tuas Megaport", "SHAPE_AREA": 12.156 }, "geometry": { "type": "MultiPolygon", "coordinates": [ [ [ [ 103.615011183668202, 1.241780089374036 ], [ 103.615011387631867, 1.241780089390988 ], [ 103.615011541985368, 1.238152159838032 ], [ 103.615012164380374, 1.221602395866624 ], [ 103.615012296262776, 1.217936779322955 ], [ 103.615012305155332, 1.217513549366347 ], [ 103.61460439391044, 1.217616245821736 ], [ 103.614603990127023, 1.228198732201593 ], [ 103.614603869756053, 1.231311087966693 ], [ 103.614603645391824, 1.237070982464871 ], [ 103.614603484076298, 1.241184793069837 ], [ 103.614603460323181, 1.241779981297078 ], [ 103.614603607670972, 1.241780093449807 ], [ 103.615011183668202, 1.241780089374036 ] ] ] ] } },
{ "type": "Feature", "properties": { "id": null, "NAME": "Tuas Megaport", "SHAPE_AREA": 1078.125 }, "geometry": { "type": "MultiPolygon", "coordinates": [ [ [ [ 103.620348956018475, 1.269686866143307 ], [ 103.620349846956472, 1.269669819055033 ], [ 103.62034977646411, 1.269652835192157 ], [ 103.62033934406908, 1.269548941595918 ], [ 103.620337685266549, 1.269275875764468 ], [ 103.620340465517714, 1.269207468491339 ], [ 103.620340722337275, 1.269176467999484 ], [ 103.620311692725096, 1.268901520641801 ], [ 103.620297762847144, 1.268901518583078 ], [ 103.620224157662335, 1.268204427343462 ], [ 103.620129201140742, 1.267305133287651 ], [ 103.619939289936354, 1.265506544276034 ], [ 103.619991711341612, 1.265500937069473 ], [ 103.619992897407201, 1.265500810557432 ], [ 103.619991623803728, 1.265461608309245 ], [ 103.619993711586432, 1.265422431661324 ], [ 103.619999141860845, 1.265383589902723 ], [ 103.620007869677593, 1.2653453633809 ], [ 103.620019832116796, 1.265308032441799 ], [ 103.620034948288009, 1.265271877429885 ], [ 103.620052538795107, 1.265238244879041 ], [ 103.620052563957543, 1.265238199663178 ], [ 103.620054288465937, 1.265235312188365 ], [ 103.620054359458919, 1.26523519734067 ], [ 103.620066242199201, 1.265216550446289 ], [ 103.620066547736286, 1.265216084726808 ], [ 103.620074156535452, 1.265204153246879 ], [ 103.620097961041679, 1.26517309049274 ], [ 103.620124326170199, 1.265144207454625 ], [ 103.620153063213422, 1.265117712119364 ], [ 103.620183965493339, 1.265093812472293 ], [ 103.620216790394537, 1.265072671277891 ], [ 103.620251313271424, 1.265054460345672 ], [ 103.620287255571284, 1.265039297219229 ], [ 103.620324365695723, 1.265027317531537 ], [ 103.620353666297817, 1.265020583383408 ], [ 103.620353704210487, 1.264864151928748 ], [ 103.620355091043351, 1.260852005002808 ], [ 103.620285824639481, 1.260851999299525 ], [ 103.619496249296404, 1.260851934156124 ], [ 103.617342699572418, 1.260851755253925 ], [ 103.617343264481036, 1.253978629629874 ], [ 103.644354269879329, 1.253980732230476 ], [ 103.644354700353759, 1.247963776049649 ], [ 103.637785329194671, 1.245027084074203 ], [ 103.617343995714222, 1.245025478602504 ], [ 103.617344553507138, 1.238152352146645 ], [ 103.64910272756633, 1.238154764468455 ], [ 103.649838624522374, 1.238154815828131 ], [ 103.649839237873479, 1.229201645903786 ], [ 103.617345275471337, 1.229199200042592 ], [ 103.617345883935059, 1.221602585663057 ], [ 103.656917528514128, 1.221605493418058 ], [ 103.65857532673121, 1.217166317913894 ], [ 103.657129960434233, 1.216631521589093 ], [ 103.620207425011458, 1.216628840699851 ], [ 103.615012296262776, 1.217936779322955 ], [ 103.615012164380374, 1.221602395866624 ], [ 103.615011541985368, 1.238152159838032 ], [ 103.615011387631867, 1.241780089390988 ], [ 103.615011183668202, 1.241780089374036 ], [ 103.615010878074898, 1.245499223377548 ], [ 103.615010874924408, 1.245537507589177 ], [ 103.615010780363733, 1.246686045689408 ], [ 103.615010567683683, 1.249265405624903 ], [ 103.615004846596861, 1.249670584910037 ], [ 103.61498518494777, 1.249988669681287 ], [ 103.614985175954033, 1.249988772777402 ], [ 103.614981318837465, 1.250051200325377 ], [ 103.61493605563976, 1.250434147163569 ], [ 103.614893931551677, 1.250668598588273 ], [ 103.614818897214249, 1.250980225210181 ], [ 103.614738932196133, 1.251264955790034 ], [ 103.614678685135161, 1.251496376083252 ], [ 103.614630370669445, 1.251724885339858 ], [ 103.614592685537971, 1.251955403162016 ], [ 103.614565701667019, 1.252187423115913 ], [ 103.61454948199399, 1.252420483984839 ], [ 103.614543945303652, 1.252658818160423 ], [ 103.614543930904318, 1.252940728409633 ], [ 103.614543930167869, 1.252949605592637 ], [ 103.614543872239508, 1.254058948697797 ], [ 103.61454387223614, 1.254058989393928 ], [ 103.614543590873836, 1.259427116592287 ], [ 103.614543590626781, 1.25943007927058 ], [ 103.614543529578981, 1.26058185662746 ], [ 103.614601934582808, 1.260581861565137 ], [ 103.614601735379154, 1.264341843001725 ], [ 103.614607211844884, 1.264653756687456 ], [ 103.614623653097539, 1.264964754283231 ], [ 103.614651043854892, 1.265274970537613 ], [ 103.614689348212721, 1.26558401295636 ], [ 103.614738519484064, 1.265891494470296 ], [ 103.614798494808568, 1.266197026199981 ], [ 103.614869198746007, 1.266500224690983 ], [ 103.614950543276493, 1.266800709200663 ], [ 103.615042425104889, 1.267098100793669 ], [ 103.615144899933682, 1.267392517040819 ], [ 103.615456785106574, 1.268240091023606 ], [ 103.615981980849909, 1.269680365224868 ], [ 103.615982118328986, 1.269680313688053 ], [ 103.615995700951089, 1.269717673885734 ], [ 103.616002869892853, 1.269733374155334 ], [ 103.616011620323903, 1.269748115938744 ], [ 103.616021997161596, 1.269762007762735 ], [ 103.61603405437657, 1.26977434423228 ], [ 103.616047585312643, 1.269785062024771 ], [ 103.616062383336356, 1.269793826510069 ], [ 103.616077936237687, 1.269801225477834 ], [ 103.616094324955057, 1.269806408837918 ], [ 103.616111315918786, 1.269808806824731 ], [ 103.616128423823284, 1.269809622193975 ], [ 103.616257317654402, 1.269809705438032 ], [ 103.61733107654058, 1.269810401871507 ], [ 103.618771632693552, 1.269810594947928 ], [ 103.619891872694765, 1.269810407921578 ], [ 103.620209205900679, 1.269810407138376 ], [ 103.620226080359657, 1.269809196697643 ], [ 103.620242820177893, 1.269806295094801 ], [ 103.620258895284451, 1.269800960711735 ], [ 103.620274494255398, 1.269794595320116 ], [ 103.620288871454477, 1.269785462489351 ], [ 103.620302026766907, 1.269774963975471 ], [ 103.62030235924972, 1.269774629390309 ], [ 103.620313817331038, 1.26976304640949 ], [ 103.620314149813865, 1.269762711824325 ], [ 103.620324537903514, 1.269749228697011 ], [ 103.620333479439651, 1.269734804916629 ], [ 103.620340606022026, 1.269719485670564 ], [ 103.620345998509308, 1.269703379488605 ], [ 103.620348956018475, 1.269686866143307 ] ] ] ] } },
{ "type": "Feature", "properties": { "id": null, "NAME": "Western Island", "SHAPE_AREA": 6081.102 }, "geometry": { "type": "MultiPolygon", "coordinates": [ [ [ [ 103.708882775656832, 1.255849028567589 ], [ 103.711677278538531, 1.257246280008431 ], [ 103.723958383308045, 1.242979607401936 ], [ 103.728370756279119, 1.243715002897116 ], [ 103.734474538889117, 1.244229779743742 ], [ 103.742784507984652, 1.244450398392296 ], [ 103.752932965818147, 1.243715002897116 ], [ 103.761169395364163, 1.242611909654346 ], [ 103.769258745811143, 1.240626341817359 ], [ 103.779113045446564, 1.237464141188084 ], [ 103.788526107784875, 1.233272386865557 ], [ 103.795585904538598, 1.228933553443994 ], [ 103.801616147599077, 1.223491626779661 ], [ 103.806028520570152, 1.216578909124967 ], [ 103.80749931156052, 1.210622205614007 ], [ 103.806028520570152, 1.204444883454494 ], [ 103.79940996111354, 1.19679677030462 ], [ 103.792423703909321, 1.192899174180165 ], [ 103.782422325174878, 1.189663434001372 ], [ 103.768302731667418, 1.187677866164385 ], [ 103.759954522006126, 1.187417536159091 ], [ 103.751535714377312, 1.187972024362457 ], [ 103.737636739518408, 1.190251750397516 ], [ 103.737342581320334, 1.190325289947034 ], [ 103.725723332496457, 1.193708109224863 ], [ 103.71616319105911, 1.197605705349318 ], [ 103.70895631520635, 1.201870999221363 ], [ 103.701087583407926, 1.208342479578949 ], [ 103.697631224580576, 1.213416708495692 ], [ 103.696013354491186, 1.216946606872557 ], [ 103.695498577644557, 1.223418087230143 ], [ 103.696675210436851, 1.227389222904116 ], [ 103.698881396922388, 1.230624963082909 ], [ 103.701528820705036, 1.233640084613147 ], [ 103.704985179532386, 1.236066889747242 ], [ 103.7103535666472, 1.238934932178445 ], [ 103.720428484931162, 1.242244211906756 ], [ 103.708882775656832, 1.255849028567589 ] ] ] ] } }
]
}
