{
    "type": "Feature",
    "properties": {
        "habitat":"seagrass"
    },
  "geometry":
{
    "type": "GeometryCollection",
    "geometries": [
        {
            "type": "Polygon",
            "coordinates": [
                [
                    [
                        104.02966291358435,
                        1.4385325132305482
                    ],
                    [
                        104.02966291332653,
                        1.4385505226240498
                    ],
                    [
                        104.02989555065604,
                        1.438604552355469
                    ],
                    [
                        104.02993134064927,
                        1.4386045528702534
                    ],
                    [
                        104.02996713192898,
                        1.4386405730750083
                    ],
                    [
                        104.03007450255366,
                        1.4386585821983071
                    ],
                    [
                        104.03009239799982,
                        1.4386585824542604
                    ],
                    [
                        104.03012818863803,
                        1.438676592358737
                    ],
                    [
                        104.03018187357098,
                        1.438712612815124
                    ],
                    [
                        104.03023556004968,
                        1.4387666435670419
                    ],
                    [
                        104.02952754628896,
                        1.438596709071954
                    ],
                    [
                        104.0293151096194,
                        1.4385043363755947
                    ],
                    [
                        104.0290032722974,
                        1.4384717684159232
                    ],
                    [
                        104.02875025873671,
                        1.438388431894836
                    ],
                    [
                        104.02889342039593,
                        1.4383344013198116
                    ],
                    [
                        104.02891131584084,
                        1.4383344015854334
                    ],
                    [
                        104.02907237136036,
                        1.4383884321524527
                    ],
                    [
                        104.02925132322994,
                        1.4384424620653538
                    ],
                    [
                        104.02926921867531,
                        1.438442462328036
                    ],
                    [
                        104.029537646622,
                        1.4385145029218551
                    ],
                    [
                        104.02955554206753,
                        1.4385145022778434
                    ],
                    [
                        104.02964501788075,
                        1.4385505223645905
                    ],
                    [
                        104.02966291358435,
                        1.4385325132305482
                    ]
                ]
            ]
        },
        {
            "type": "Polygon",
            "coordinates": [
                [
                    [
                        103.7581963511367,
                        1.2151427297783395
                    ],
                    [
                        103.75821438690987,
                        1.2157650299012217
                    ],
                    [
                        103.75815056496127,
                        1.2157794192674896
                    ],
                    [
                        103.75811599847374,
                        1.2150540961787826
                    ],
                    [
                        103.75815736299575,
                        1.2146467226805382
                    ],
                    [
                        103.75826793318798,
                        1.2146203906759827
                    ],
                    [
                        103.75826793309251,
                        1.2146564142317215
                    ],
                    [
                        103.75825003776949,
                        1.2146744250570976
                    ],
                    [
                        103.75825003727236,
                        1.214692437287131
                    ],
                    [
                        103.75817188618957,
                        1.2149864992025332
                    ],
                    [
                        103.75819635173114,
                        1.2150886948972144
                    ],
                    [
                        103.7581963511367,
                        1.2151427297783395
                    ]
                ]
            ]
        },
        {
            "type": "Polygon",
            "coordinates": [
                [
                    [
                        103.70846560500485,
                        1.2069654087974064
                    ],
                    [
                        103.70873403217146,
                        1.2070914903345957
                    ],
                    [
                        103.70852735499297,
                        1.207068149128239
                    ],
                    [
                        103.70846560500485,
                        1.2069654087974064
                    ]
                ]
            ]
        },
        {
            "type": "Polygon",
            "coordinates": [
                [
                    [
                        104.0745655057741,
                        1.3634647351400777
                    ],
                    [
                        104.07458340059627,
                        1.3634647351443927
                    ],
                    [
                        104.07460129538279,
                        1.3636268301580194
                    ],
                    [
                        104.0745655057741,
                        1.3634647351400777
                    ]
                ]
            ]
        },
        {
            "type": "Polygon",
            "coordinates": [
                [
                    [
                        103.85200296396283,
                        1.2131254189640597
                    ],
                    [
                        103.85194927869635,
                        1.2131434306767643
                    ],
                    [
                        103.85193138309035,
                        1.2131614430454458
                    ],
                    [
                        103.85193138296736,
                        1.2131434308006095
                    ],
                    [
                        103.85191348813687,
                        1.2131434309243292
                    ],
                    [
                        103.85191348789115,
                        1.213107407338993
                    ],
                    [
                        103.85200296396283,
                        1.2131254189640597
                    ]
                ]
            ]
        },
        {
            "type": "Polygon",
            "coordinates": [
                [
                    [
                        103.85168085001881,
                        1.2170159457372545
                    ],
                    [
                        103.85166295528441,
                        1.2170339571996778
                    ],
                    [
                        103.85166295516281,
                        1.2170159458596963
                    ],
                    [
                        103.85168085001881,
                        1.2170159457372545
                    ]
                ]
            ]
        },
        {
            "type": "Polygon",
            "coordinates": [
                [
                    [
                        103.70896666960951,
                        1.203777326933405
                    ],
                    [
                        103.70891298452788,
                        1.2037773262775597
                    ],
                    [
                        103.70871613803143,
                        1.2037773262752873
                    ],
                    [
                        103.70891940706039,
                        1.2036984199680194
                    ],
                    [
                        103.70896666960951,
                        1.203777326933405
                    ]
                ]
            ]
        },
        {
            "type": "Polygon",
            "coordinates": [
                [
                    [
                        104.03660624918821,
                        1.440423566148218
                    ],
                    [
                        104.03660624898701,
                        1.4404415764381204
                    ],
                    [
                        104.0365883535341,
                        1.440441576235563
                    ],
                    [
                        104.03658835373552,
                        1.4404235668499972
                    ],
                    [
                        104.03660624918821,
                        1.440423566148218
                    ]
                ]
            ]
        },
        {
            "type": "Polygon",
            "coordinates": [
                [
                    [
                        103.74005062314136,
                        1.1676094515367945
                    ],
                    [
                        103.73996114816575,
                        1.167573427709586
                    ],
                    [
                        103.74001483408263,
                        1.1675013796880986
                    ],
                    [
                        103.74005062314136,
                        1.1676094515367945
                    ]
                ]
            ]
        },
        {
            "type": "Polygon",
            "coordinates": [
                [
                    [
                        103.7346104842126,
                        1.2029667962764947
                    ],
                    [
                        103.73461048431865,
                        1.2030388442531612
                    ],
                    [
                        103.73453890400648,
                        1.2028767379944114
                    ],
                    [
                        103.7346104842126,
                        1.2029667962764947
                    ]
                ]
            ]
        },
        {
            "type": "Polygon",
            "coordinates": [
                [
                    [
                        103.8362372966797,
                        1.2126931385732183
                    ],
                    [
                        103.83621940274978,
                        1.212693138592478
                    ],
                    [
                        103.83621940273069,
                        1.2126751263466469
                    ],
                    [
                        103.8362372966797,
                        1.2126931385732183
                    ]
                ]
            ]
        },
        {
            "type": "Polygon",
            "coordinates": [
                [
                    [
                        104.03687467678544,
                        1.4404775964216536
                    ],
                    [
                        104.03691046689616,
                        1.440549637075873
                    ],
                    [
                        104.03689257194364,
                        1.4405856565505384
                    ],
                    [
                        104.03655256301447,
                        1.4405676469551794
                    ],
                    [
                        104.03658835423127,
                        1.4404595856210451
                    ],
                    [
                        104.03660624898701,
                        1.4404415764381204
                    ],
                    [
                        104.0368209913253,
                        1.44047759581996
                    ],
                    [
                        104.03687467678544,
                        1.4404775964216536
                    ]
                ]
            ]
        },
        {
            "type": "Polygon",
            "coordinates": [
                [
                    [
                        103.74439915683023,
                        1.1741297916444269
                    ],
                    [
                        103.74441705078848,
                        1.1739496708303467
                    ],
                    [
                        103.74448863290196,
                        1.173769551732739
                    ],
                    [
                        103.74462934730937,
                        1.1739662410533818
                    ],
                    [
                        103.74448265486356,
                        1.1741778115530843
                    ],
                    [
                        103.74439915683023,
                        1.1741297916444269
                    ]
                ]
            ]
        },
        {
            "type": "Polygon",
            "coordinates": [
                [
                    [
                        104.04771916459994,
                        1.4371457390125941
                    ],
                    [
                        104.04764559211961,
                        1.4371891542110813
                    ],
                    [
                        104.04753192946328,
                        1.4369379543470178
                    ],
                    [
                        104.04729754385394,
                        1.4369070872170933
                    ],
                    [
                        104.04729600713792,
                        1.4367705040684589
                    ],
                    [
                        104.04715613085506,
                        1.4365092483820237
                    ],
                    [
                        104.04740271314175,
                        1.4364839347958611
                    ],
                    [
                        104.047540212782,
                        1.4366594666481702
                    ],
                    [
                        104.04751452418479,
                        1.4368168625314683
                    ],
                    [
                        104.04771916459994,
                        1.4371457390125941
                    ]
                ]
            ]
        },
        {
            "type": "Polygon",
            "coordinates": [
                [
                    [
                        103.83685597087069,
                        1.2311351712000385
                    ],
                    [
                        103.83677415331938,
                        1.2311370659528413
                    ],
                    [
                        103.836845733902,
                        1.2310470082596234
                    ],
                    [
                        103.83686362979778,
                        1.2310830318181842
                    ],
                    [
                        103.8368674431696,
                        1.2311190544910542
                    ],
                    [
                        103.83685597087069,
                        1.2311351712000385
                    ]
                ]
            ]
        },
        {
            "type": "Polygon",
            "coordinates": [
                [
                    [
                        104.04804127811678,
                        1.4348404500335237
                    ],
                    [
                        104.04812047905604,
                        1.4347753704207054
                    ],
                    [
                        104.04820887111877,
                        1.4350993670944583
                    ],
                    [
                        104.04810244318689,
                        1.435119056873573
                    ],
                    [
                        104.04804127811678,
                        1.4348404500335237
                    ]
                ]
            ]
        },
        {
            "type": "Polygon",
            "coordinates": [
                [
                    [
                        103.83707837132701,
                        1.2338928374535911
                    ],
                    [
                        103.83718574247096,
                        1.2335686295867032
                    ],
                    [
                        103.83722153309375,
                        1.23342453611202
                    ],
                    [
                        103.837382589528,
                        1.2333885131929958
                    ],
                    [
                        103.83735779150366,
                        1.233579024104809
                    ],
                    [
                        103.83725000122033,
                        1.2335965608135322
                    ],
                    [
                        103.83718633680927,
                        1.2338572360554518
                    ],
                    [
                        103.83707837132701,
                        1.2338928374535911
                    ]
                ]
            ]
        },
        {
            "type": "Polygon",
            "coordinates": [
                [
                    [
                        103.83969107060335,
                        1.229588069125919
                    ],
                    [
                        103.83978054598624,
                        1.2294980113100344
                    ],
                    [
                        103.8398163362128,
                        1.229642104648782
                    ],
                    [
                        103.83981520056822,
                        1.2296776471117774
                    ],
                    [
                        103.83965527951939,
                        1.2298402315762413
                    ],
                    [
                        103.83969107060335,
                        1.229588069125919
                    ]
                ]
            ]
        },
        {
            "type": "Polygon",
            "coordinates": [
                [
                    [
                        103.75794581858466,
                        1.1992383569557612
                    ],
                    [
                        103.7578742382929,
                        1.1992563681071227
                    ],
                    [
                        103.75780265759552,
                        1.199256367928979
                    ],
                    [
                        103.7578563427575,
                        1.1992203449554408
                    ],
                    [
                        103.75787423797563,
                        1.1992023332200201
                    ],
                    [
                        103.75794581858466,
                        1.1992383569557612
                    ]
                ]
            ]
        },
        {
            "type": "Polygon",
            "coordinates": [
                [
                    [
                        103.85128715671121,
                        1.2134496297772206
                    ],
                    [
                        103.85125136626608,
                        1.213467641356532
                    ],
                    [
                        103.85125136614758,
                        1.2134496300160318
                    ],
                    [
                        103.85128715671121,
                        1.2134496297772206
                    ]
                ]
            ]
        },
        {
            "type": "Polygon",
            "coordinates": [
                [
                    [
                        103.74903401158996,
                        1.201597902488994
                    ],
                    [
                        103.7490876975964,
                        1.201597902346938
                    ],
                    [
                        103.74898032627566,
                        1.201633925276683
                    ],
                    [
                        103.74903401158996,
                        1.201597902488994
                    ]
                ]
            ]
        },
        {
            "type": "Polygon",
            "coordinates": [
                [
                    [
                        103.72775662426731,
                        1.1721304611902414
                    ],
                    [
                        103.7275319480637,
                        1.1722465540191023
                    ],
                    [
                        103.72746036633055,
                        1.1725094870256312
                    ],
                    [
                        103.72733700517014,
                        1.1727170818241393
                    ],
                    [
                        103.72725555916485,
                        1.1727068449347609
                    ],
                    [
                        103.72729914404894,
                        1.172552581974526
                    ],
                    [
                        103.72752398653783,
                        1.1721484736182533
                    ],
                    [
                        103.72759556850545,
                        1.1720944378694131
                    ],
                    [
                        103.72769382621316,
                        1.1718681977306602
                    ],
                    [
                        103.7277812483751,
                        1.1718717154063112
                    ],
                    [
                        103.72790836673923,
                        1.1716708401483402
                    ],
                    [
                        103.72809122413355,
                        1.1715988271241053
                    ],
                    [
                        103.72832300579134,
                        1.1713570369370303
                    ],
                    [
                        103.72866927945337,
                        1.1711217904887807
                    ],
                    [
                        103.72854611888523,
                        1.171351620061377
                    ],
                    [
                        103.728343452616,
                        1.1714387587661181
                    ],
                    [
                        103.72812414022069,
                        1.1717078485616994
                    ],
                    [
                        103.72792039932415,
                        1.1718185947127973
                    ],
                    [
                        103.7278997861677,
                        1.1719323303835776
                    ],
                    [
                        103.72775662426731,
                        1.1721304611902414
                    ]
                ]
            ]
        },
        {
            "type": "Polygon",
            "coordinates": [
                [
                    [
                        103.75032246589983,
                        1.21220682230807
                    ],
                    [
                        103.75023112928295,
                        1.2123530443688697
                    ],
                    [
                        103.75008982866856,
                        1.212332904326227
                    ],
                    [
                        103.75032246589983,
                        1.21220682230807
                    ]
                ]
            ]
        },
        {
            "type": "Polygon",
            "coordinates": [
                [
                    [
                        103.71009406704073,
                        1.2035791971606038
                    ],
                    [
                        103.71009406722067,
                        1.2036152215709344
                    ],
                    [
                        103.71004038222952,
                        1.2036332331428719
                    ],
                    [
                        103.71002248651402,
                        1.2036152210278854
                    ],
                    [
                        103.71002248633496,
                        1.2035791975220143
                    ],
                    [
                        103.71009406704073,
                        1.2035791971606038
                    ]
                ]
            ]
        },
        {
            "type": "Polygon",
            "coordinates": [
                [
                    [
                        103.79924792916242,
                        1.2671960103523716
                    ],
                    [
                        103.799265824589,
                        1.2671779983540667
                    ],
                    [
                        103.7993553003503,
                        1.2671239646396995
                    ],
                    [
                        103.79924792892697,
                        1.2672140216832235
                    ],
                    [
                        103.79924792916242,
                        1.2671960103523716
                    ]
                ]
            ]
        },
        {
            "type": "Polygon",
            "coordinates": [
                [
                    [
                        103.83607624065637,
                        1.234054940730792
                    ],
                    [
                        103.83609413566347,
                        1.234090964293716
                    ],
                    [
                        103.83625519229071,
                        1.2341810217178573
                    ],
                    [
                        103.83602255493835,
                        1.2341449992876403
                    ],
                    [
                        103.83607624065637,
                        1.234054940730792
                    ]
                ]
            ]
        },
        {
            "type": "Polygon",
            "coordinates": [
                [
                    [
                        103.74677921698964,
                        1.2274807114491977
                    ],
                    [
                        103.74679711253431,
                        1.2275167346697156
                    ],
                    [
                        103.74671307990522,
                        1.2279209583419934
                    ],
                    [
                        103.7467613215147,
                        1.228057083015498
                    ],
                    [
                        103.74657309041433,
                        1.228066458748538
                    ],
                    [
                        103.74648634905728,
                        1.2279583708190767
                    ],
                    [
                        103.74623375426191,
                        1.2282754037164678
                    ],
                    [
                        103.74636762762152,
                        1.2284893616951515
                    ],
                    [
                        103.74617851314007,
                        1.2283911071708005
                    ],
                    [
                        103.74614002374082,
                        1.228265589192872
                    ],
                    [
                        103.74631977046845,
                        1.2279403242050464
                    ],
                    [
                        103.74654512996702,
                        1.2277700759612955
                    ],
                    [
                        103.74677921698964,
                        1.2274807114491977
                    ]
                ]
            ]
        },
        {
            "type": "Polygon",
            "coordinates": [
                [
                    [
                        103.74275279845348,
                        1.2274626997805242
                    ],
                    [
                        103.74298478084883,
                        1.2277281774517539
                    ],
                    [
                        103.7432180730531,
                        1.2278409442143199
                    ],
                    [
                        103.74307477191125,
                        1.2278387272746487
                    ],
                    [
                        103.74290391963643,
                        1.2277248710583746
                    ],
                    [
                        103.74275279845348,
                        1.2274626997805242
                    ]
                ]
            ]
        },
        {
            "type": "Polygon",
            "coordinates": [
                [
                    [
                        103.8358614982337,
                        1.233010270640974
                    ],
                    [
                        103.83580781261249,
                        1.2331903858877613
                    ],
                    [
                        103.83575412771988,
                        1.2331903859374396
                    ],
                    [
                        103.8358436032032,
                        1.232938223494312
                    ],
                    [
                        103.8358614982337,
                        1.233010270640974
                    ]
                ]
            ]
        },
        {
            "type": "Polygon",
            "coordinates": [
                [
                    [
                        104.04101201477754,
                        1.394604909311384
                    ],
                    [
                        104.04045726341951,
                        1.3945868984672696
                    ],
                    [
                        104.04026041623223,
                        1.3945328678278
                    ],
                    [
                        104.04020673116779,
                        1.3945148568570356
                    ],
                    [
                        104.0399383024972,
                        1.3943347532297352
                    ],
                    [
                        104.04011725526809,
                        1.3939745460267323
                    ],
                    [
                        104.04034989236632,
                        1.394046586526004
                    ],
                    [
                        104.04051094911934,
                        1.3942627111584631
                    ],
                    [
                        104.04074358693121,
                        1.3943527637134125
                    ],
                    [
                        104.04105402620291,
                        1.3944148058862358
                    ],
                    [
                        104.04140532473198,
                        1.3943461329830904
                    ],
                    [
                        104.04165623745057,
                        1.3943917364240226
                    ],
                    [
                        104.0416562378665,
                        1.3944066890806222
                    ],
                    [
                        104.0416479539246,
                        1.3945294374372563
                    ],
                    [
                        104.04135404632302,
                        1.394525743967228
                    ],
                    [
                        104.04126254363133,
                        1.3945867926574949
                    ],
                    [
                        104.041178632296,
                        1.394629753508025
                    ],
                    [
                        104.04113728023162,
                        1.39462291933042
                    ],
                    [
                        104.04101201477754,
                        1.394604909311384
                    ]
                ]
            ]
        },
        {
            "type": "Polygon",
            "coordinates": [
                [
                    [
                        103.83083901325591,
                        1.2548099557491756
                    ],
                    [
                        103.83111927177555,
                        1.254764950272723
                    ],
                    [
                        103.83120874730618,
                        1.254786170370605
                    ],
                    [
                        103.83110548287785,
                        1.2548442332380372
                    ],
                    [
                        103.83083901325591,
                        1.2548099557491756
                    ]
                ]
            ]
        },
        {
            "type": "Polygon",
            "coordinates": [
                [
                    [
                        103.70855508033206,
                        1.2038313627105304
                    ],
                    [
                        103.70857297603824,
                        1.203849373929976
                    ],
                    [
                        103.70844770934896,
                        1.203849374489579
                    ],
                    [
                        103.70855508033206,
                        1.2038313627105304
                    ]
                ]
            ]
        },
        {
            "type": "Polygon",
            "coordinates": [
                [
                    [
                        103.74014010029136,
                        1.1678796316094797
                    ],
                    [
                        103.7401937856358,
                        1.1678796315916227
                    ],
                    [
                        103.74024747161134,
                        1.1679696909031019
                    ],
                    [
                        103.74012220487708,
                        1.1678796310122839
                    ],
                    [
                        103.74014010029136,
                        1.1678796316094797
                    ]
                ]
            ]
        },
        {
            "type": "Polygon",
            "coordinates": [
                [
                    [
                        103.8578725879729,
                        1.2189251831565933
                    ],
                    [
                        103.85789048398516,
                        1.2188531358276984
                    ],
                    [
                        103.85789048357611,
                        1.218907171653436
                    ],
                    [
                        103.85790837877042,
                        1.2189431950715133
                    ],
                    [
                        103.8578725879729,
                        1.2189251831565933
                    ]
                ]
            ]
        },
        {
            "type": "Polygon",
            "coordinates": [
                [
                    [
                        103.71982300656595,
                        1.1923398289313212
                    ],
                    [
                        103.71984090122658,
                        1.1923398287694145
                    ],
                    [
                        103.71984090138744,
                        1.192357840982425
                    ],
                    [
                        103.71982300656595,
                        1.1923398289313212
                    ]
                ]
            ]
        },
        {
            "type": "Polygon",
            "coordinates": [
                [
                    [
                        104.02692215507277,
                        1.4154887751309033
                    ],
                    [
                        104.02694893239465,
                        1.4153534998048496
                    ],
                    [
                        104.02714270985258,
                        1.414963205697484
                    ],
                    [
                        104.02719692021272,
                        1.4146142615563368
                    ],
                    [
                        104.02721481489645,
                        1.4144881897309307
                    ],
                    [
                        104.02722681248784,
                        1.4143982448197618
                    ],
                    [
                        104.0273221900801,
                        1.4144342655471112
                    ],
                    [
                        104.02731893941004,
                        1.414677126835939
                    ],
                    [
                        104.02716941705938,
                        1.4149468888205798
                    ],
                    [
                        104.02711601041027,
                        1.4153762321944798
                    ],
                    [
                        104.02706204506326,
                        1.4155052064263929
                    ],
                    [
                        104.02695289176133,
                        1.4161034525240015
                    ],
                    [
                        104.02677572288846,
                        1.416441737371343
                    ],
                    [
                        104.02670546960763,
                        1.4167852684632416
                    ],
                    [
                        104.02661466585656,
                        1.4168919931331316
                    ],
                    [
                        104.02642743084316,
                        1.4173699326040279
                    ],
                    [
                        104.02640953523427,
                        1.417441972610878
                    ],
                    [
                        104.0263916402177,
                        1.4175320238266895
                    ],
                    [
                        104.0262484792902,
                        1.4178742180575954
                    ],
                    [
                        104.0261868243424,
                        1.4180643230562997
                    ],
                    [
                        104.0259966172635,
                        1.4184191849590067
                    ],
                    [
                        104.02586086555961,
                        1.4182346818140967
                    ],
                    [
                        104.02598235793366,
                        1.4181293427840311
                    ],
                    [
                        104.02622055189966,
                        1.4177618384485478
                    ],
                    [
                        104.0262388667962,
                        1.4174683200410925
                    ],
                    [
                        104.02637374416511,
                        1.4171538098335252
                    ],
                    [
                        104.02640764818774,
                        1.4169968229703134
                    ],
                    [
                        104.0266083392179,
                        1.4166460361188677
                    ],
                    [
                        104.02667464270323,
                        1.4162201182773528
                    ],
                    [
                        104.0268845265008,
                        1.415938691341024
                    ],
                    [
                        104.02695467457421,
                        1.4157030285504717
                    ],
                    [
                        104.02692849552342,
                        1.4155869201310094
                    ],
                    [
                        104.02690369883712,
                        1.4155507804211336
                    ],
                    [
                        104.02692215507277,
                        1.4154887751309033
                    ]
                ]
            ]
        },
        {
            "type": "Polygon",
            "coordinates": [
                [
                    [
                        104.02686662653983,
                        1.4155353985837436
                    ],
                    [
                        104.02685691535055,
                        1.4155328898037356
                    ],
                    [
                        104.02686882497282,
                        1.4155089169662642
                    ],
                    [
                        104.02686662653983,
                        1.4155353985837436
                    ]
                ]
            ]
        },
        {
            "type": "Polygon",
            "coordinates": [
                [
                    [
                        103.71004038231915,
                        1.2036512444436411
                    ],
                    [
                        103.710022486693,
                        1.2036512445337475
                    ],
                    [
                        103.71002248660349,
                        1.2036332332329904
                    ],
                    [
                        103.71004038222952,
                        1.2036332331428719
                    ],
                    [
                        103.71004038231915,
                        1.2036512444436411
                    ]
                ]
            ]
        },
        {
            "type": "Polygon",
            "coordinates": [
                [
                    [
                        103.85078609084762,
                        1.2210325474129127
                    ],
                    [
                        103.85080398561394,
                        1.2210145359564113
                    ],
                    [
                        103.85080398573021,
                        1.2210325472959407
                    ],
                    [
                        103.85078609084762,
                        1.2210325474129127
                    ]
                ]
            ]
        },
        {
            "type": "Polygon",
            "coordinates": [
                [
                    [
                        103.8548661952752,
                        1.219483545182391
                    ],
                    [
                        103.85493777612908,
                        1.2194295096829133
                    ],
                    [
                        103.85509883356701,
                        1.2194295092816003
                    ],
                    [
                        103.8548661952752,
                        1.219483545182391
                    ]
                ]
            ]
        },
        {
            "type": "Polygon",
            "coordinates": [
                [
                    [
                        103.83366038876072,
                        1.215953256197594
                    ],
                    [
                        103.83364249480933,
                        1.215953256199716
                    ],
                    [
                        103.83366038875856,
                        1.2159352439521764
                    ],
                    [
                        103.83366038876072,
                        1.215953256197594
                    ]
                ]
            ]
        },
        {
            "type": "Polygon",
            "coordinates": [
                [
                    [
                        103.729045078508,
                        1.4476809091520155
                    ],
                    [
                        103.72897653596684,
                        1.4477230338818863
                    ],
                    [
                        103.72893350047009,
                        1.4475223647748754
                    ],
                    [
                        103.72902718351094,
                        1.4476088794940307
                    ],
                    [
                        103.72902920067833,
                        1.4476129627826178
                    ],
                    [
                        103.729045078508,
                        1.4476809091520155
                    ]
                ]
            ]
        },
        {
            "type": "Polygon",
            "coordinates": [
                [
                    [
                        103.74151802955511,
                        1.1657362012436003
                    ],
                    [
                        103.74144644916247,
                        1.1657542138356156
                    ],
                    [
                        103.74146434415763,
                        1.1656281297265185
                    ],
                    [
                        103.74153592454695,
                        1.1656101171337834
                    ],
                    [
                        103.74151802955511,
                        1.1657362012436003
                    ]
                ]
            ]
        },
        {
            "type": "Polygon",
            "coordinates": [
                [
                    [
                        103.70712346541113,
                        1.2137738404164433
                    ],
                    [
                        103.70708767473894,
                        1.213719805747536
                    ],
                    [
                        103.70708767448559,
                        1.2136477596536124
                    ],
                    [
                        103.70714136013939,
                        1.2137558290550217
                    ],
                    [
                        103.70712346541113,
                        1.2137738404164433
                    ]
                ]
            ]
        },
        {
            "type": "Polygon",
            "coordinates": [
                [
                    [
                        103.83621940276885,
                        1.2127111499339596
                    ],
                    [
                        103.8362372966989,
                        1.2127111499146999
                    ],
                    [
                        103.8362372967181,
                        1.2127291621605256
                    ],
                    [
                        103.83621940276885,
                        1.2127111499339596
                    ]
                ]
            ]
        },
        {
            "type": "Polygon",
            "coordinates": [
                [
                    [
                        104.01455189158597,
                        1.4289739993772386
                    ],
                    [
                        104.01461465070535,
                        1.4290072603461572
                    ],
                    [
                        104.01466674004126,
                        1.4290411995257837
                    ],
                    [
                        104.01452357848494,
                        1.4289691596850003
                    ],
                    [
                        104.01455189158597,
                        1.4289739993772386
                    ]
                ]
            ]
        },
        {
            "type": "Polygon",
            "coordinates": [
                [
                    [
                        103.70735610310889,
                        1.2140260040715707
                    ],
                    [
                        103.70730241673712,
                        1.213971969470037
                    ],
                    [
                        103.70735610284927,
                        1.2139539579770633
                    ],
                    [
                        103.70735610310889,
                        1.2140260040715707
                    ]
                ]
            ]
        },
        {
            "type": "Polygon",
            "coordinates": [
                [
                    [
                        103.85561779312523,
                        1.2189071716481996
                    ],
                    [
                        103.85570726941764,
                        1.2188171133007886
                    ],
                    [
                        103.85568937409728,
                        1.218871147468214
                    ],
                    [
                        103.85561779312523,
                        1.2189071716481996
                    ]
                ]
            ]
        },
        {
            "type": "Polygon",
            "coordinates": [
                [
                    [
                        103.83391092171769,
                        1.214386238725787
                    ],
                    [
                        103.83385723628305,
                        1.2142961802216938
                    ],
                    [
                        103.83389302685957,
                        1.2142961802144747
                    ],
                    [
                        103.83401829257497,
                        1.2144762972155738
                    ],
                    [
                        103.83400039773478,
                        1.214476297220078
                    ],
                    [
                        103.83391092171769,
                        1.214386238725787
                    ]
                ]
            ]
        },
        {
            "type": "Polygon",
            "coordinates": [
                [
                    [
                        103.83620150700385,
                        1.2126751263657891
                    ],
                    [
                        103.83620150702282,
                        1.2126931386116204
                    ],
                    [
                        103.83618361217552,
                        1.2126751263848112
                    ],
                    [
                        103.83620150700385,
                        1.2126751263657891
                    ]
                ]
            ]
        },
        {
            "type": "Polygon",
            "coordinates": [
                [
                    [
                        103.72894955610494,
                        1.1850450212457408
                    ],
                    [
                        103.72887797582818,
                        1.185117068312152
                    ],
                    [
                        103.72886008031405,
                        1.1850450214684494
                    ],
                    [
                        103.7288600800904,
                        1.185027009249055
                    ],
                    [
                        103.72894955610494,
                        1.1850450212457408
                    ]
                ]
            ]
        },
        {
            "type": "Polygon",
            "coordinates": [
                [
                    [
                        103.75909111126165,
                        1.1993824510481061
                    ],
                    [
                        103.75905532061931,
                        1.1995265461212297
                    ],
                    [
                        103.75907321604976,
                        1.1994004627919221
                    ],
                    [
                        103.75909111126165,
                        1.1993824510481061
                    ]
                ]
            ]
        },
        {
            "type": "Polygon",
            "coordinates": [
                [
                    [
                        104.07247176713248,
                        1.4257806865412237
                    ],
                    [
                        104.07230487344069,
                        1.4259488762014885
                    ],
                    [
                        104.07217834909888,
                        1.4259300571061682
                    ],
                    [
                        104.07207807331928,
                        1.4257806860554818
                    ],
                    [
                        104.07232860602356,
                        1.4256185956967704
                    ],
                    [
                        104.07247176713248,
                        1.4257806865412237
                    ]
                ]
            ]
        },
        {
            "type": "Polygon",
            "coordinates": [
                [
                    [
                        103.8382773497558,
                        1.2315873551863674
                    ],
                    [
                        103.83827734962304,
                        1.231515308926439
                    ],
                    [
                        103.83833103541401,
                        1.2315333210689494
                    ],
                    [
                        103.8382773497558,
                        1.2315873551863674
                    ]
                ]
            ]
        },
        {
            "type": "Polygon",
            "coordinates": [
                [
                    [
                        104.03733995156297,
                        1.4408738170892914
                    ],
                    [
                        104.03732205653934,
                        1.4409998871072975
                    ],
                    [
                        104.03725047608272,
                        1.4408738170106734
                    ],
                    [
                        104.03733995156297,
                        1.4408738170892914
                    ]
                ]
            ]
        },
        {
            "type": "Polygon",
            "coordinates": [
                [
                    [
                        103.71360152534416,
                        1.2149626132620543
                    ],
                    [
                        103.71387031106175,
                        1.2147431127209183
                    ],
                    [
                        103.71401311513624,
                        1.2145663549087173
                    ],
                    [
                        103.7137855457477,
                        1.214875139676483
                    ],
                    [
                        103.71360152534416,
                        1.2149626132620543
                    ]
                ]
            ]
        },
        {
            "type": "Polygon",
            "coordinates": [
                [
                    [
                        103.83944053715634,
                        1.2300743822004123
                    ],
                    [
                        103.8396373847044,
                        1.229894265636059
                    ],
                    [
                        103.83961948920091,
                        1.2300383591041266
                    ],
                    [
                        103.83944053736109,
                        1.2301644407043637
                    ],
                    [
                        103.83931527103672,
                        1.2302004636680168
                    ],
                    [
                        103.83944053715634,
                        1.2300743822004123
                    ]
                ]
            ]
        },
        {
            "type": "Polygon",
            "coordinates": [
                [
                    [
                        103.75716061431557,
                        1.204524146755614
                    ],
                    [
                        103.75707447729785,
                        1.2044054528003751
                    ],
                    [
                        103.75711173451757,
                        1.2039693176607122
                    ],
                    [
                        103.75726580102015,
                        1.203885396949839
                    ],
                    [
                        103.757235289341,
                        1.2043075652752195
                    ],
                    [
                        103.75711694352269,
                        1.204410201005906
                    ],
                    [
                        103.75716061431557,
                        1.204524146755614
                    ]
                ]
            ]
        },
        {
            "type": "Polygon",
            "coordinates": [
                [
                    [
                        103.75855425581035,
                        1.2004811716465584
                    ],
                    [
                        103.75855425532107,
                        1.2004991820698625
                    ],
                    [
                        103.7585363605876,
                        1.2004991824816618
                    ],
                    [
                        103.75853636017851,
                        1.2004811711539767
                    ],
                    [
                        103.75855425581035,
                        1.2004811716465584
                    ]
                ]
            ]
        },
        {
            "type": "Polygon",
            "coordinates": [
                [
                    [
                        103.7416254007964,
                        1.1755347239486613
                    ],
                    [
                        103.74160750533278,
                        1.1755347233571316
                    ],
                    [
                        103.74155382073896,
                        1.1755347233906341
                    ],
                    [
                        103.74162540076223,
                        1.1754806881704005
                    ],
                    [
                        103.7416254007964,
                        1.1755347239486613
                    ]
                ]
            ]
        },
        {
            "type": "Polygon",
            "coordinates": [
                [
                    [
                        104.01307406735623,
                        1.4278705409539927
                    ],
                    [
                        104.01309196233807,
                        1.4278885516715056
                    ],
                    [
                        104.0131098582187,
                        1.4279065614843944
                    ],
                    [
                        104.01312775320109,
                        1.4279245722015335
                    ],
                    [
                        104.01314564818368,
                        1.427942582014153
                    ],
                    [
                        104.01316354287277,
                        1.4280146227764732
                    ],
                    [
                        104.01314564799279,
                        1.4280326326930088
                    ],
                    [
                        104.01300248673493,
                        1.427870541158203
                    ],
                    [
                        104.01305617237475,
                        1.4278525311406758
                    ],
                    [
                        104.01307406735623,
                        1.4278705409539927
                    ]
                ]
            ]
        },
        {
            "type": "Polygon",
            "coordinates": [
                [
                    [
                        103.75361518195088,
                        1.2250851662495845
                    ],
                    [
                        103.75368676242083,
                        1.2250851665830487
                    ],
                    [
                        103.7534899154299,
                        1.2252832942754799
                    ],
                    [
                        103.75348991523259,
                        1.2252292594044585
                    ],
                    [
                        103.7535257062535,
                        1.2251572124755685
                    ],
                    [
                        103.7535972861595,
                        1.2250851666180747
                    ],
                    [
                        103.75361518195088,
                        1.2250851662495845
                    ]
                ]
            ]
        },
        {
            "type": "Polygon",
            "coordinates": [
                [
                    [
                        103.70728452136879,
                        1.214314192325955
                    ],
                    [
                        103.70730241706288,
                        1.214314192261302
                    ],
                    [
                        103.70730241712717,
                        1.214332204463127
                    ],
                    [
                        103.70728452143301,
                        1.2143322036234059
                    ],
                    [
                        103.70728452136879,
                        1.214314192325955
                    ]
                ]
            ]
        },
        {
            "type": "Polygon",
            "coordinates": [
                [
                    [
                        103.85334510390014,
                        1.2212666985836123
                    ],
                    [
                        103.85336299878402,
                        1.2212666993538361
                    ],
                    [
                        103.85336299891735,
                        1.2212847106930664
                    ],
                    [
                        103.85334510390014,
                        1.2212666985836123
                    ]
                ]
            ]
        },
        {
            "type": "Polygon",
            "coordinates": [
                [
                    [
                        104.05467725530495,
                        1.4327450433951583
                    ],
                    [
                        104.05502089435635,
                        1.432635864021583
                    ],
                    [
                        104.05510988012833,
                        1.432715260613079
                    ],
                    [
                        104.0550216633113,
                        1.4327923276545058
                    ],
                    [
                        104.05467725530495,
                        1.4327450433951583
                    ]
                ]
            ]
        },
        {
            "type": "Polygon",
            "coordinates": [
                [
                    [
                        103.71055934243213,
                        1.2176643661189899
                    ],
                    [
                        103.71048776160522,
                        1.2177184003523183
                    ],
                    [
                        103.71054144671376,
                        1.2176643662030846
                    ],
                    [
                        103.71055934243213,
                        1.2176643661189899
                    ]
                ]
            ]
        },
        {
            "type": "Polygon",
            "coordinates": [
                [
                    [
                        103.72296071204292,
                        1.2134676417158081
                    ],
                    [
                        103.72335418811903,
                        1.2132717645205673
                    ],
                    [
                        103.72398149885936,
                        1.2131174161218337
                    ],
                    [
                        103.72401652924236,
                        1.2131614428780362
                    ],
                    [
                        103.72369012530527,
                        1.2132722928251123
                    ],
                    [
                        103.72346746618481,
                        1.2133003298632288
                    ],
                    [
                        103.72336434203812,
                        1.213387591320619
                    ],
                    [
                        103.7230279683386,
                        1.213493657594578
                    ],
                    [
                        103.72296071204292,
                        1.2134676417158081
                    ]
                ]
            ]
        },
        {
            "type": "Polygon",
            "coordinates": [
                [
                    [
                        103.75884057824781,
                        1.1985719208714942
                    ],
                    [
                        103.75880478842882,
                        1.1987520385980879
                    ],
                    [
                        103.7587689980859,
                        1.198752038521909
                    ],
                    [
                        103.75866162641464,
                        1.1988420976434149
                    ],
                    [
                        103.75859004646853,
                        1.198914143702708
                    ],
                    [
                        103.75853636034374,
                        1.198986192060623
                    ],
                    [
                        103.75851846472162,
                        1.1989861915685371
                    ],
                    [
                        103.758500569998,
                        1.1989861919807214
                    ],
                    [
                        103.75848267519451,
                        1.1990222159528614
                    ],
                    [
                        103.75837076013543,
                        1.1990316254992586
                    ],
                    [
                        103.75829599855489,
                        1.199235594761362
                    ],
                    [
                        103.75818429359906,
                        1.1991512705198109
                    ],
                    [
                        103.75813789549916,
                        1.1989845559325416
                    ],
                    [
                        103.75821945452527,
                        1.1987067445785704
                    ],
                    [
                        103.75824248819073,
                        1.198429391023782
                    ],
                    [
                        103.75839319821473,
                        1.1985178845529725
                    ],
                    [
                        103.75841109424282,
                        1.1985358963735993
                    ],
                    [
                        103.75871531299254,
                        1.198553908824814
                    ],
                    [
                        103.75884057824781,
                        1.1985719208714942
                    ]
                ]
            ]
        },
        {
            "type": "Polygon",
            "coordinates": [
                [
                    [
                        103.74812135675384,
                        1.2231218978751626
                    ],
                    [
                        103.74808556643082,
                        1.2231399098600997
                    ],
                    [
                        103.7481213569915,
                        1.223085875235056
                    ],
                    [
                        103.74812135675384,
                        1.2231218978751626
                    ]
                ]
            ]
        },
        {
            "type": "Polygon",
            "coordinates": [
                [
                    [
                        104.05444775815984,
                        1.4314545536333174
                    ],
                    [
                        104.05432249188723,
                        1.431364503578715
                    ],
                    [
                        104.05444775844788,
                        1.4313825134559333
                    ],
                    [
                        104.05444775815984,
                        1.4314545536333174
                    ]
                ]
            ]
        },
        {
            "type": "Polygon",
            "coordinates": [
                [
                    [
                        103.73024405650041,
                        1.2093789822723156
                    ],
                    [
                        103.73032359868841,
                        1.209080785764629
                    ],
                    [
                        103.73038721862854,
                        1.2090367592334523
                    ],
                    [
                        103.73036379224796,
                        1.2091894538642767
                    ],
                    [
                        103.73024405650041,
                        1.2093789822723156
                    ]
                ]
            ]
        },
        {
            "type": "Polygon",
            "coordinates": [
                [
                    [
                        103.74765608186965,
                        1.2235181546127563
                    ],
                    [
                        103.74756660583593,
                        1.2236262241759597
                    ],
                    [
                        103.74756660550943,
                        1.223608212856206
                    ],
                    [
                        103.74765608186965,
                        1.2235181546127563
                    ]
                ]
            ]
        },
        {
            "type": "Polygon",
            "coordinates": [
                [
                    [
                        103.98400924182755,
                        1.3162957362724672
                    ],
                    [
                        103.98343214495998,
                        1.3163539045594226
                    ],
                    [
                        103.98397226643846,
                        1.316098531633731
                    ],
                    [
                        103.98400924182755,
                        1.3162957362724672
                    ]
                ]
            ]
        },
        {
            "type": "Polygon",
            "coordinates": [
                [
                    [
                        103.83172999579588,
                        1.2158823408308903
                    ],
                    [
                        103.83171386464863,
                        1.2160253019972465
                    ],
                    [
                        103.83167402263942,
                        1.216025301972896
                    ],
                    [
                        103.83165612689054,
                        1.216025301961766
                    ],
                    [
                        103.83162033720114,
                        1.2160072915024598
                    ],
                    [
                        103.83172999579588,
                        1.2158823408308903
                    ]
                ]
            ]
        },
        {
            "type": "Polygon",
            "coordinates": [
                [
                    [
                        103.76002166195843,
                        1.1984458383749301
                    ],
                    [
                        103.76005142265473,
                        1.1982671792047894
                    ],
                    [
                        103.76018271826783,
                        1.1983017430357186
                    ],
                    [
                        103.76002166195843,
                        1.1984458383749301
                    ]
                ]
            ]
        },
        {
            "type": "Polygon",
            "coordinates": [
                [
                    [
                        103.73113276963247,
                        1.1825954013489035
                    ],
                    [
                        103.7310969792824,
                        1.1828475684029947
                    ],
                    [
                        103.73104329342775,
                        1.182829556904236
                    ],
                    [
                        103.73100750397683,
                        1.182811545164256
                    ],
                    [
                        103.73088223718948,
                        1.1827394970560319
                    ],
                    [
                        103.7307569704089,
                        1.18266744984701
                    ],
                    [
                        103.73104329385579,
                        1.182523354574341
                    ],
                    [
                        103.73113276963247,
                        1.1825954013489035
                    ]
                ]
            ]
        },
        {
            "type": "Polygon",
            "coordinates": [
                [
                    [
                        103.85087556736833,
                        1.218582961219128
                    ],
                    [
                        103.85080398581738,
                        1.218817113627142
                    ],
                    [
                        103.8507610927438,
                        1.2187300795965166
                    ],
                    [
                        103.85076568984307,
                        1.2186347440868932
                    ],
                    [
                        103.85083977685329,
                        1.2186009736976795
                    ],
                    [
                        103.85087556736833,
                        1.218582961219128
                    ]
                ]
            ]
        },
        {
            "type": "Polygon",
            "coordinates": [
                [
                    [
                        103.80985977995248,
                        1.2598833975539825
                    ],
                    [
                        103.80998504579249,
                        1.2599014091158853
                    ],
                    [
                        103.80996715048899,
                        1.2599194202879918
                    ],
                    [
                        103.80985977995248,
                        1.2598833975539825
                    ]
                ]
            ]
        },
        {
            "type": "Polygon",
            "coordinates": [
                [
                    [
                        103.85130505220309,
                        1.2161333736276758
                    ],
                    [
                        103.85130505232222,
                        1.2161513840634477
                    ],
                    [
                        103.85128715645436,
                        1.2161333737475277
                    ],
                    [
                        103.85130505220309,
                        1.2161333736276758
                    ]
                ]
            ]
        },
        {
            "type": "Polygon",
            "coordinates": [
                [
                    [
                        104.01196456547328,
                        1.4269160042533529
                    ],
                    [
                        104.01198246035608,
                        1.426897994345819
                    ],
                    [
                        104.01198246084697,
                        1.4269160046637368
                    ],
                    [
                        104.01196456547328,
                        1.4269160042533529
                    ]
                ]
            ]
        },
        {
            "type": "Polygon",
            "coordinates": [
                [
                    [
                        104.02325643362688,
                        1.4352907020196803
                    ],
                    [
                        104.02318485324112,
                        1.4351106013298136
                    ],
                    [
                        104.02307748197833,
                        1.4349845309221891
                    ],
                    [
                        104.02300590036333,
                        1.4348764705408694
                    ],
                    [
                        104.02337477938865,
                        1.435046524300803
                    ],
                    [
                        104.02336079850306,
                        1.4352894362376654
                    ],
                    [
                        104.02327432839678,
                        1.4353807529544118
                    ],
                    [
                        104.02325643362688,
                        1.4352907020196803
                    ]
                ]
            ]
        },
        {
            "type": "Polygon",
            "coordinates": [
                [
                    [
                        103.8438248603173,
                        1.221086582572414
                    ],
                    [
                        103.84382486017765,
                        1.2210505589879252
                    ],
                    [
                        103.84391433617961,
                        1.2209965237104425
                    ],
                    [
                        103.8439501260867,
                        1.2210325471529362
                    ],
                    [
                        103.84395012615737,
                        1.2210505593973755
                    ],
                    [
                        103.84391433660215,
                        1.2211045935595615
                    ],
                    [
                        103.8438248603173,
                        1.221086582572414
                    ]
                ]
            ]
        },
        {
            "type": "Polygon",
            "coordinates": [
                [
                    [
                        103.71082777025406,
                        1.2035071508550028
                    ],
                    [
                        103.71077408427544,
                        1.2035071502365353
                    ],
                    [
                        103.71057791957439,
                        1.2035513529714204
                    ],
                    [
                        103.71048073653307,
                        1.2034953124040566
                    ],
                    [
                        103.71029091434045,
                        1.2035611857604098
                    ],
                    [
                        103.7105310231078,
                        1.2034426318985672
                    ],
                    [
                        103.71076366065533,
                        1.2034066080696644
                    ],
                    [
                        103.71082777025406,
                        1.2035071508550028
                    ]
                ]
            ]
        },
        {
            "type": "Polygon",
            "coordinates": [
                [
                    [
                        103.7580531896409,
                        1.2020301844177015
                    ],
                    [
                        103.75817845635132,
                        1.20206620783152
                    ],
                    [
                        103.75819635150103,
                        1.202084219654422
                    ],
                    [
                        103.75821424656503,
                        1.2021382550362447
                    ],
                    [
                        103.7579816094245,
                        1.2028947496494882
                    ],
                    [
                        103.757892133833,
                        1.2030928789944413
                    ],
                    [
                        103.7578742381844,
                        1.203092879400781
                    ],
                    [
                        103.75783844778579,
                        1.2030928793087674
                    ],
                    [
                        103.7577847623264,
                        1.203038844736605
                    ],
                    [
                        103.75778476241871,
                        1.2030028202738108
                    ],
                    [
                        103.75776686735874,
                        1.2029487857940395
                    ],
                    [
                        103.7577668667375,
                        1.202840715118683
                    ],
                    [
                        103.75782055277969,
                        1.2028407148054603
                    ],
                    [
                        103.75796371350685,
                        1.2026425851459803
                    ],
                    [
                        103.75798160892668,
                        1.202552526294274
                    ],
                    [
                        103.75796371404415,
                        1.2024264437937435
                    ],
                    [
                        103.75803529521463,
                        1.202084219711733
                    ],
                    [
                        103.75803529530283,
                        1.202048197057204
                    ],
                    [
                        103.7580531896409,
                        1.2020301844177015
                    ]
                ]
            ]
        },
        {
            "type": "Polygon",
            "coordinates": [
                [
                    [
                        104.0213416476824,
                        1.4337238252097266
                    ],
                    [
                        104.02130585759123,
                        1.4336337748207022
                    ],
                    [
                        104.02164586577032,
                        1.4337958666025923
                    ],
                    [
                        104.02155638958263,
                        1.4337958667716266
                    ],
                    [
                        104.0213416476824,
                        1.4337238252097266
                    ]
                ]
            ]
        },
        {
            "type": "Polygon",
            "coordinates": [
                [
                    [
                        103.8508039859008,
                        1.2140800398268
                    ],
                    [
                        103.85089346196665,
                        1.213953958051463
                    ],
                    [
                        103.85100083285933,
                        1.2138278761555736
                    ],
                    [
                        103.85101872870992,
                        1.2138458873783282
                    ],
                    [
                        103.85094714818878,
                        1.2140800397964011
                    ],
                    [
                        103.8508039859008,
                        1.2140800398268
                    ]
                ]
            ]
        },
        {
            "type": "Polygon",
            "coordinates": [
                [
                    [
                        103.72304414150994,
                        1.1915112830407746
                    ],
                    [
                        103.72306203706569,
                        1.1915112828573324
                    ],
                    [
                        103.72279360876486,
                        1.1915653195286597
                    ],
                    [
                        103.72304414150994,
                        1.1915112830407746
                    ]
                ]
            ]
        },
        {
            "type": "Polygon",
            "coordinates": [
                [
                    [
                        103.7581963515871,
                        1.2020481969997756
                    ],
                    [
                        103.75819635109482,
                        1.2020662074227244
                    ],
                    [
                        103.75817845635132,
                        1.20206620783152
                    ],
                    [
                        103.7581963515871,
                        1.2020481969997756
                    ]
                ]
            ]
        },
        {
            "type": "Polygon",
            "coordinates": [
                [
                    [
                        103.83366038875856,
                        1.2159352439521764
                    ],
                    [
                        103.83366038875639,
                        1.2159172326111032
                    ],
                    [
                        103.83367828450457,
                        1.2159172326088616
                    ],
                    [
                        103.83366038875856,
                        1.2159352439521764
                    ]
                ]
            ]
        },
        {
            "type": "Polygon",
            "coordinates": [
                [
                    [
                        103.83607624063791,
                        1.2340369293922016
                    ],
                    [
                        103.83611203149484,
                        1.2340549406934087
                    ],
                    [
                        103.83609413652485,
                        1.2340549407121606
                    ],
                    [
                        103.83607624065637,
                        1.234054940730792
                    ],
                    [
                        103.83607624063791,
                        1.2340369293922016
                    ]
                ]
            ]
        },
        {
            "type": "Polygon",
            "coordinates": [
                [
                    [
                        103.7413927635472,
                        1.1723105817660544
                    ],
                    [
                        103.74141065871395,
                        1.1723466050042834
                    ],
                    [
                        103.74139276358166,
                        1.1723646175451914
                    ],
                    [
                        103.74130328754116,
                        1.1723285937487955
                    ],
                    [
                        103.7413390781167,
                        1.1723105818002522
                    ],
                    [
                        103.7413927635472,
                        1.1723105817660544
                    ]
                ]
            ]
        },
        {
            "type": "Polygon",
            "coordinates": [
                [
                    [
                        103.71256360445166,
                        1.2031649271942797
                    ],
                    [
                        103.71267097550438,
                        1.203164926549115
                    ],
                    [
                        103.7126172897424,
                        1.2032009494773157
                    ],
                    [
                        103.71258149939104,
                        1.203200949692081
                    ],
                    [
                        103.71256360445166,
                        1.2031649271942797
                    ]
                ]
            ]
        },
        {
            "type": "Polygon",
            "coordinates": [
                [
                    [
                        103.79223301259297,
                        1.2108199201991663
                    ],
                    [
                        103.79223301303445,
                        1.210790605201589
                    ],
                    [
                        103.79237617449675,
                        1.2108919668236435
                    ],
                    [
                        103.79223301259297,
                        1.2108199201991663
                    ]
                ]
            ]
        },
        {
            "type": "Polygon",
            "coordinates": [
                [
                    [
                        103.79332461951267,
                        1.2103876392137334
                    ],
                    [
                        103.79323514351123,
                        1.2104596850420188
                    ],
                    [
                        103.79330672406931,
                        1.2103696267062505
                    ],
                    [
                        103.7933783058925,
                        1.210315591043172
                    ],
                    [
                        103.79332461951267,
                        1.2103876392137334
                    ]
                ]
            ]
        },
        {
            "type": "Polygon",
            "coordinates": [
                [
                    [
                        103.71347625885483,
                        1.215088694922595
                    ],
                    [
                        103.71354783955579,
                        1.2150346596910861
                    ],
                    [
                        103.71347625895947,
                        1.21510670712849
                    ],
                    [
                        103.71347625885483,
                        1.215088694922595
                    ]
                ]
            ]
        },
        {
            "type": "Polygon",
            "coordinates": [
                [
                    [
                        103.85441881546657,
                        1.2201860000233458
                    ],
                    [
                        103.85438302523484,
                        1.2202400343232012
                    ],
                    [
                        103.85422196899844,
                        1.2204021394487516
                    ],
                    [
                        103.85422196858158,
                        1.2203481045266074
                    ],
                    [
                        103.854352302492,
                        1.2201590875402502
                    ],
                    [
                        103.85464150934051,
                        1.219599617746254
                    ],
                    [
                        103.85483040477574,
                        1.2195015568095824
                    ],
                    [
                        103.85464659477823,
                        1.2196921216147922
                    ],
                    [
                        103.85452048953474,
                        1.219906818938911
                    ],
                    [
                        103.85441881546657,
                        1.2201860000233458
                    ]
                ]
            ]
        },
        {
            "type": "Polygon",
            "coordinates": [
                [
                    [
                        103.8512334705349,
                        1.2134676414757635
                    ],
                    [
                        103.85125136626608,
                        1.213467641356532
                    ],
                    [
                        103.8512334706533,
                        1.2134856537206435
                    ],
                    [
                        103.8512334705349,
                        1.2134676414757635
                    ]
                ]
            ]
        },
        {
            "type": "Polygon",
            "coordinates": [
                [
                    [
                        103.70891298489374,
                        1.2126571148214198
                    ],
                    [
                        103.70880561325743,
                        1.2126030795739655
                    ],
                    [
                        103.70882350886573,
                        1.2125850681992807
                    ],
                    [
                        103.70891298489374,
                        1.2126571148214198
                    ]
                ]
            ]
        },
        {
            "type": "Polygon",
            "coordinates": [
                [
                    [
                        103.74448863224181,
                        1.1737335272743226
                    ],
                    [
                        103.74454231790023,
                        1.1734993718187796
                    ],
                    [
                        103.74467619083632,
                        1.1735620621229024
                    ],
                    [
                        103.74465454667877,
                        1.1737667372235638
                    ],
                    [
                        103.74448863224181,
                        1.1737335272743226
                    ]
                ]
            ]
        },
        {
            "type": "Polygon",
            "coordinates": [
                [
                    [
                        103.85592201156696,
                        1.218618984051694
                    ],
                    [
                        103.85583253603731,
                        1.2186910310668515
                    ],
                    [
                        103.85581464042157,
                        1.2187090434608967
                    ],
                    [
                        103.85577885068818,
                        1.2187090428569147
                    ],
                    [
                        103.85577885024088,
                        1.2186550079346472
                    ],
                    [
                        103.85592201201537,
                        1.2185649500338
                    ],
                    [
                        103.85592201156696,
                        1.218618984051694
                    ]
                ]
            ]
        },
        {
            "type": "Polygon",
            "coordinates": [
                [
                    [
                        103.84507752356687,
                        1.2198077550305197
                    ],
                    [
                        103.84513120975342,
                        1.2197537189649683
                    ],
                    [
                        103.8451312090118,
                        1.2197897425496653
                    ],
                    [
                        103.84509541844183,
                        1.2198077549518673
                    ],
                    [
                        103.84507752356687,
                        1.2198077550305197
                    ]
                ]
            ]
        },
        {
            "type": "Polygon",
            "coordinates": [
                [
                    [
                        104.0190331677094,
                        1.4246647363525708
                    ],
                    [
                        104.01905106251505,
                        1.4246467263987554
                    ],
                    [
                        104.01906895786404,
                        1.4246467258516224
                    ],
                    [
                        104.01915109412292,
                        1.424759711620074
                    ],
                    [
                        104.01903966873331,
                        1.4248636170494413
                    ],
                    [
                        104.01885697617415,
                        1.4248407488627939
                    ],
                    [
                        104.01899737665556,
                        1.4246827468531031
                    ],
                    [
                        104.01901527236022,
                        1.4246647368994423
                    ],
                    [
                        104.0190331677094,
                        1.4246647363525708
                    ]
                ]
            ]
        },
        {
            "type": "Polygon",
            "coordinates": [
                [
                    [
                        103.83784786485839,
                        1.253975655400139
                    ],
                    [
                        103.8378120746501,
                        1.253975655462008
                    ],
                    [
                        103.83766891349099,
                        1.2537775301058802
                    ],
                    [
                        103.83763312223994,
                        1.25368747348593
                    ],
                    [
                        103.83793734102589,
                        1.253831565460985
                    ],
                    [
                        103.83815503511174,
                        1.253985522376771
                    ],
                    [
                        103.83834893081267,
                        1.254155770553407
                    ],
                    [
                        103.83814711935058,
                        1.254138568101377
                    ],
                    [
                        103.83806023044617,
                        1.2540028845524416
                    ],
                    [
                        103.83786575999352,
                        1.2539936676092232
                    ],
                    [
                        103.83784786485839,
                        1.253975655400139
                    ]
                ]
            ]
        },
        {
            "type": "Polygon",
            "coordinates": [
                [
                    [
                        104.05512777605782,
                        1.4333095941409104
                    ],
                    [
                        104.05491334831527,
                        1.4333892282861158
                    ],
                    [
                        104.05483334419502,
                        1.4332473894872537
                    ],
                    [
                        104.05441556800247,
                        1.4335070013718407
                    ],
                    [
                        104.05413777312873,
                        1.4336006609490097
                    ],
                    [
                        104.05391820809463,
                        1.4338681612162982
                    ],
                    [
                        104.05377927485921,
                        1.4339544123630155
                    ],
                    [
                        104.05313990496735,
                        1.4341693006399145
                    ],
                    [
                        104.05292809985845,
                        1.4341622761558237
                    ],
                    [
                        104.052277897002,
                        1.434203704130033
                    ],
                    [
                        104.05217506919386,
                        1.434264128701058
                    ],
                    [
                        104.05220942568722,
                        1.43414922591447
                    ],
                    [
                        104.05270332579644,
                        1.4340742306435164
                    ],
                    [
                        104.05298867042558,
                        1.434071455671207
                    ],
                    [
                        104.05314588294377,
                        1.434128155431744
                    ],
                    [
                        104.05336988801112,
                        1.4339640463204963
                    ],
                    [
                        104.05340983658007,
                        1.433813876675735
                    ],
                    [
                        104.05342773203895,
                        1.4337958664820742
                    ],
                    [
                        104.05355247476933,
                        1.4339727927774681
                    ],
                    [
                        104.05377735254349,
                        1.4338955904530357
                    ],
                    [
                        104.05390737231606,
                        1.4337116424786043
                    ],
                    [
                        104.05399667378576,
                        1.4337188614414174
                    ],
                    [
                        104.05426492660442,
                        1.4334005017346396
                    ],
                    [
                        104.05453765384547,
                        1.4331427805190105
                    ],
                    [
                        104.05470265961542,
                        1.4330387652304366
                    ],
                    [
                        104.05489733955837,
                        1.4330950651225511
                    ],
                    [
                        104.05492477685804,
                        1.4331867108941363
                    ],
                    [
                        104.05512777605782,
                        1.4333095941409104
                    ]
                ]
            ]
        },
        {
            "type": "Polygon",
            "coordinates": [
                [
                    [
                        104.01230457427782,
                        1.4272221765741977
                    ],
                    [
                        104.01228667907921,
                        1.4272942165326674
                    ],
                    [
                        104.01223299318043,
                        1.4272041664341149
                    ],
                    [
                        104.01228667840863,
                        1.4272041667534072
                    ],
                    [
                        104.01230457427782,
                        1.4272221765741977
                    ]
                ]
            ]
        },
        {
            "type": "Polygon",
            "coordinates": [
                [
                    [
                        103.7241536434751,
                        1.1914212239317066
                    ],
                    [
                        103.7243325948679,
                        1.1913671889885376
                    ],
                    [
                        103.72460102390276,
                        1.191385200121571
                    ],
                    [
                        103.72473466047823,
                        1.1915944652879713
                    ],
                    [
                        103.72439826017884,
                        1.191579320104304
                    ],
                    [
                        103.7239549357428,
                        1.191611193009911
                    ],
                    [
                        103.72395679716843,
                        1.191709413333487
                    ],
                    [
                        103.72364478368009,
                        1.191683082049521
                    ],
                    [
                        103.72359674333084,
                        1.1915214504023142
                    ],
                    [
                        103.72340050817617,
                        1.191577210127273
                    ],
                    [
                        103.72316940842033,
                        1.1914932713476794
                    ],
                    [
                        103.72338415075765,
                        1.1914212238847104
                    ],
                    [
                        103.72354520697682,
                        1.191403211802171
                    ],
                    [
                        103.72385562955462,
                        1.1915110189824714
                    ],
                    [
                        103.7239746908012,
                        1.1914392362398412
                    ],
                    [
                        103.72402837746874,
                        1.191439236575146
                    ],
                    [
                        103.7241536434751,
                        1.1914212239317066
                    ]
                ]
            ]
        },
        {
            "type": "Polygon",
            "coordinates": [
                [
                    [
                        103.84366380336314,
                        1.2228877470395758
                    ],
                    [
                        103.84364590763795,
                        1.2229057584486693
                    ],
                    [
                        103.84362801281104,
                        1.2229237698576219
                    ],
                    [
                        103.8435476941981,
                        1.2229134983850396
                    ],
                    [
                        103.84365263626698,
                        1.2228071871239001
                    ],
                    [
                        103.84366380336314,
                        1.2228877470395758
                    ]
                ]
            ]
        },
        {
            "type": "Polygon",
            "coordinates": [
                [
                    [
                        103.71055934234852,
                        1.2176463539153912
                    ],
                    [
                        103.710577237983,
                        1.2176283425319132
                    ],
                    [
                        103.71055934243213,
                        1.2176643661189899
                    ],
                    [
                        103.71055934234852,
                        1.2176463539153912
                    ]
                ]
            ]
        },
        {
            "type": "Polygon",
            "coordinates": [
                [
                    [
                        104.01296669657275,
                        1.427762480262736
                    ],
                    [
                        104.01302038241259,
                        1.42781651151349
                    ],
                    [
                        104.01300248673493,
                        1.427870541158203
                    ],
                    [
                        104.01273405864697,
                        1.4276724297726717
                    ],
                    [
                        104.01276984940442,
                        1.4276724296754064
                    ],
                    [
                        104.01289511545556,
                        1.4277444701462578
                    ],
                    [
                        104.01296669657275,
                        1.427762480262736
                    ]
                ]
            ]
        },
        {
            "type": "Polygon",
            "coordinates": [
                [
                    [
                        103.75513627349154,
                        1.2120447171736464
                    ],
                    [
                        103.75510048273166,
                        1.2119906812549837
                    ],
                    [
                        103.755154168299,
                        1.2120447167891926
                    ],
                    [
                        103.75513627349154,
                        1.2120447171736464
                    ]
                ]
            ]
        },
        {
            "type": "Polygon",
            "coordinates": [
                [
                    [
                        103.85885682407964,
                        1.2207803843451417
                    ],
                    [
                        103.85885682369064,
                        1.2208344192653378
                    ],
                    [
                        103.85882103320107,
                        1.2208524309456223
                    ],
                    [
                        103.85873155717076,
                        1.2208704422319459
                    ],
                    [
                        103.85873155773125,
                        1.2208344195546925
                    ],
                    [
                        103.85874945227333,
                        1.2207983958029274
                    ],
                    [
                        103.85885682407964,
                        1.2207803843451417
                    ]
                ]
            ]
        },
        {
            "type": "Polygon",
            "coordinates": [
                [
                    [
                        104.04768337521848,
                        1.434894481177429
                    ],
                    [
                        104.04790412922415,
                        1.4347924705424528
                    ],
                    [
                        104.04804127811678,
                        1.4348404500335237
                    ],
                    [
                        104.04776323926941,
                        1.4349059526548615
                    ],
                    [
                        104.04762968883638,
                        1.4350565706017895
                    ],
                    [
                        104.04731697714652,
                        1.4350367286136363
                    ],
                    [
                        104.04712862384007,
                        1.4350745810340981
                    ],
                    [
                        104.04737915644532,
                        1.4349845313877607
                    ],
                    [
                        104.04755810833748,
                        1.4348944812278888
                    ],
                    [
                        104.04768337521848,
                        1.434894481177429
                    ]
                ]
            ]
        },
        {
            "type": "Polygon",
            "coordinates": [
                [
                    [
                        103.7324281051813,
                        1.4470684744019722
                    ],
                    [
                        103.73242727127719,
                        1.4470685801750385
                    ],
                    [
                        103.73242732340057,
                        1.4470684743669797
                    ],
                    [
                        103.7324281051813,
                        1.4470684744019722
                    ]
                ]
            ]
        },
        {
            "type": "Polygon",
            "coordinates": [
                [
                    [
                        103.73244516227606,
                        1.4470504638862967
                    ],
                    [
                        103.73245553617248,
                        1.4469176677937756
                    ],
                    [
                        103.73249885173692,
                        1.4470505702900236
                    ],
                    [
                        103.73244516247452,
                        1.4470663101221064
                    ],
                    [
                        103.73244516227606,
                        1.4470504638862967
                    ]
                ]
            ]
        },
        {
            "type": "Polygon",
            "coordinates": [
                [
                    [
                        104.0512087281082,
                        1.4341020376685356
                    ],
                    [
                        104.05119083262728,
                        1.4341200478477423
                    ],
                    [
                        104.05115504303565,
                        1.4340660168357768
                    ],
                    [
                        104.0512087281082,
                        1.4341020376685356
                    ]
                ]
            ]
        },
        {
            "type": "Polygon",
            "coordinates": [
                [
                    [
                        103.8387426251074,
                        1.2308308689985934
                    ],
                    [
                        103.83879631074117,
                        1.2307768339671805
                    ],
                    [
                        103.83884999551125,
                        1.2307408111780112
                    ],
                    [
                        103.8388678913947,
                        1.230758823384038
                    ],
                    [
                        103.83886789143182,
                        1.230776833818663
                    ],
                    [
                        103.83884999562228,
                        1.230794845194945
                    ],
                    [
                        103.83881420490098,
                        1.2308308688515215
                    ],
                    [
                        103.83881420493776,
                        1.230848881094849
                    ],
                    [
                        103.838724729369,
                        1.2308849030519704
                    ],
                    [
                        103.8387426251074,
                        1.2308308689985934
                    ]
                ]
            ]
        },
        {
            "type": "Polygon",
            "coordinates": [
                [
                    [
                        104.02751903734944,
                        1.4025834991371955
                    ],
                    [
                        104.02751903703684,
                        1.402601509442985
                    ],
                    [
                        104.02750114217808,
                        1.4025834988225134
                    ],
                    [
                        104.02751903734944,
                        1.4025834991371955
                    ]
                ]
            ]
        },
        {
            "type": "Polygon",
            "coordinates": [
                [
                    [
                        103.71982300695332,
                        1.192483923922176
                    ],
                    [
                        103.71998406347184,
                        1.1925919948358807
                    ],
                    [
                        103.72003774909386,
                        1.192573983038436
                    ],
                    [
                        103.72018313836713,
                        1.1926159334486877
                    ],
                    [
                        103.72029656490743,
                        1.1929258816907944
                    ],
                    [
                        103.72057460487429,
                        1.1931323494737218
                    ],
                    [
                        103.7206767850173,
                        1.1931071789117755
                    ],
                    [
                        103.72089671816614,
                        1.1934565626885218
                    ],
                    [
                        103.72093250873621,
                        1.193492586779045
                    ],
                    [
                        103.72110821052617,
                        1.1936351678557542
                    ],
                    [
                        103.72122720202401,
                        1.193625546691708
                    ],
                    [
                        103.72172362830389,
                        1.1939340880127463
                    ],
                    [
                        103.72202411503531,
                        1.1939608938589368
                    ],
                    [
                        103.72214938238591,
                        1.1940689659147876
                    ],
                    [
                        103.72179976147221,
                        1.1940246043739564
                    ],
                    [
                        103.72147897579144,
                        1.1938611609623664
                    ],
                    [
                        103.72097658235887,
                        1.1936463557574308
                    ],
                    [
                        103.7202922746764,
                        1.1931206000767176
                    ],
                    [
                        103.72014076916044,
                        1.1929046516367836
                    ],
                    [
                        103.71997445099126,
                        1.1928178104514033
                    ],
                    [
                        103.71960766973001,
                        1.1924008473581336
                    ],
                    [
                        103.71929436453043,
                        1.191405340547251
                    ],
                    [
                        103.71911648741803,
                        1.191182109933509
                    ],
                    [
                        103.71897605212081,
                        1.1908902794582306
                    ],
                    [
                        103.71877547325936,
                        1.1906924125691765
                    ],
                    [
                        103.71870434719304,
                        1.1905260310843109
                    ],
                    [
                        103.71827675830602,
                        1.1902370680470848
                    ],
                    [
                        103.71825302610247,
                        1.1901061305574965
                    ],
                    [
                        103.71800597981677,
                        1.1899179021876214
                    ],
                    [
                        103.71788204221279,
                        1.1897544585512596
                    ],
                    [
                        103.71773070119032,
                        1.1896966588109448
                    ],
                    [
                        103.71737354855979,
                        1.1893775462316885
                    ],
                    [
                        103.71727360527491,
                        1.1893942211835724
                    ],
                    [
                        103.71675397956078,
                        1.1892036723246922
                    ],
                    [
                        103.71670039142086,
                        1.189233768174138
                    ],
                    [
                        103.71635534923308,
                        1.1891020392418832
                    ],
                    [
                        103.71590220146602,
                        1.1888881830933686
                    ],
                    [
                        103.71550065203174,
                        1.1885309883593713
                    ],
                    [
                        103.7154467223989,
                        1.1883506595499496
                    ],
                    [
                        103.71546218029975,
                        1.1880111069344614
                    ],
                    [
                        103.71566170963949,
                        1.18728683234493
                    ],
                    [
                        103.71572996956415,
                        1.1871899308927085
                    ],
                    [
                        103.71578697575748,
                        1.1868365351426662
                    ],
                    [
                        103.71602094141379,
                        1.1863155276604134
                    ],
                    [
                        103.71623336893282,
                        1.1853665616717928
                    ],
                    [
                        103.71621065018478,
                        1.1850900506020208
                    ],
                    [
                        103.71625225126589,
                        1.184375783212151
                    ],
                    [
                        103.71621412733383,
                        1.1842355762784236
                    ],
                    [
                        103.7162612240177,
                        1.1836620272040357
                    ],
                    [
                        103.716212249557,
                        1.1831196121916892
                    ],
                    [
                        103.71626375860352,
                        1.1829784187869685
                    ],
                    [
                        103.71619714092847,
                        1.1827836820339495
                    ],
                    [
                        103.71623568350661,
                        1.1823889334336315
                    ],
                    [
                        103.71628804076425,
                        1.182203818734155
                    ],
                    [
                        103.71625215473647,
                        1.1820274988446693
                    ],
                    [
                        103.71648847939483,
                        1.1814608978583476
                    ],
                    [
                        103.71661976585906,
                        1.181334568320512
                    ],
                    [
                        103.71649449959982,
                        1.1818208891369653
                    ],
                    [
                        103.71649449974564,
                        1.1818389013492234
                    ],
                    [
                        103.71636270650059,
                        1.181879182457236
                    ],
                    [
                        103.71637962364125,
                        1.1820910683583263
                    ],
                    [
                        103.7165392380121,
                        1.1821832035556903
                    ],
                    [
                        103.71659225975047,
                        1.1823515730026048
                    ],
                    [
                        103.71640502378106,
                        1.1824693195592588
                    ],
                    [
                        103.71630191686414,
                        1.1827708598919378
                    ],
                    [
                        103.71638712897418,
                        1.18367611711053
                    ],
                    [
                        103.7163871289393,
                        1.183784187669086
                    ],
                    [
                        103.71630905647679,
                        1.184033311232286
                    ],
                    [
                        103.71634915410999,
                        1.1841167395825904
                    ],
                    [
                        103.71654818552805,
                        1.184090390347704
                    ],
                    [
                        103.71654818581753,
                        1.1841264138673502
                    ],
                    [
                        103.7163285586565,
                        1.1842440007679533
                    ],
                    [
                        103.71632896879125,
                        1.1845982762212384
                    ],
                    [
                        103.71641936324252,
                        1.184737798057864
                    ],
                    [
                        103.71640700777883,
                        1.1849124111719864
                    ],
                    [
                        103.71627131721701,
                        1.1850467269271083
                    ],
                    [
                        103.71629733824362,
                        1.1853168343381855
                    ],
                    [
                        103.71625434773169,
                        1.1855681398049804
                    ],
                    [
                        103.71630609325564,
                        1.1857237911370797
                    ],
                    [
                        103.71619102425062,
                        1.1858788457240208
                    ],
                    [
                        103.71621513191653,
                        1.1861593306260307
                    ],
                    [
                        103.71605657445524,
                        1.1865041948179946
                    ],
                    [
                        103.7160788737382,
                        1.1866276748726967
                    ],
                    [
                        103.7159660848089,
                        1.1867466345785656
                    ],
                    [
                        103.71555252121661,
                        1.1878670294031597
                    ],
                    [
                        103.715538976752,
                        1.1883007218368848
                    ],
                    [
                        103.71562836597793,
                        1.1884793275445926
                    ],
                    [
                        103.71596608453476,
                        1.1888190200943323
                    ],
                    [
                        103.71613626399251,
                        1.1889298173439087
                    ],
                    [
                        103.71629765331468,
                        1.188935586838827
                    ],
                    [
                        103.71638712899691,
                        1.1890256462845274
                    ],
                    [
                        103.71642291916957,
                        1.1890256460013178
                    ],
                    [
                        103.71673572752933,
                        1.1890701304944329
                    ],
                    [
                        103.7168173211845,
                        1.1891258020680324
                    ],
                    [
                        103.71711278400377,
                        1.1891251869742694
                    ],
                    [
                        103.71734469675144,
                        1.1893103706846082
                    ],
                    [
                        103.7175760759965,
                        1.1893403266557823
                    ],
                    [
                        103.71775554354167,
                        1.189448010481801
                    ],
                    [
                        103.71775485363601,
                        1.1895740588582593
                    ],
                    [
                        103.71797240876752,
                        1.189597576050462
                    ],
                    [
                        103.71796959518075,
                        1.189736166054486
                    ],
                    [
                        103.71814085837417,
                        1.1897821456812476
                    ],
                    [
                        103.71848317308466,
                        1.189995966099733
                    ],
                    [
                        103.71872129874089,
                        1.1902786322407046
                    ],
                    [
                        103.7189670687844,
                        1.1903686918156666
                    ],
                    [
                        103.71903851024994,
                        1.1907093686199213
                    ],
                    [
                        103.71926579997582,
                        1.1908186360874276
                    ],
                    [
                        103.71929625139113,
                        1.1911212844937527
                    ],
                    [
                        103.71943710600694,
                        1.1913773555267648
                    ],
                    [
                        103.71958441883056,
                        1.1915088561416047
                    ],
                    [
                        103.71968632848889,
                        1.1917243295619142
                    ],
                    [
                        103.71960826331714,
                        1.1918174857342938
                    ],
                    [
                        103.71965464414679,
                        1.1919509202030585
                    ],
                    [
                        103.71982300694216,
                        1.1919795919057503
                    ],
                    [
                        103.71985879632747,
                        1.1920876621466598
                    ],
                    [
                        103.71987669170024,
                        1.1922677814018596
                    ],
                    [
                        103.71987669202257,
                        1.1923038049235966
                    ],
                    [
                        103.71984090106567,
                        1.1923218165563847
                    ],
                    [
                        103.71982300656595,
                        1.1923398289313212
                    ],
                    [
                        103.71982300695332,
                        1.192483923922176
                    ]
                ]
            ]
        },
        {
            "type": "Polygon",
            "coordinates": [
                [
                    [
                        103.76623129222732,
                        1.1900343106249087
                    ],
                    [
                        103.76632077055642,
                        1.1900883468103218
                    ],
                    [
                        103.7662312937007,
                        1.1901964180396636
                    ],
                    [
                        103.76599750276205,
                        1.1904664194987653
                    ],
                    [
                        103.76592707552115,
                        1.1904846072588486
                    ],
                    [
                        103.7659628670257,
                        1.1903585242939008
                    ],
                    [
                        103.76596291105616,
                        1.190358375979134
                    ],
                    [
                        103.76619550022444,
                        1.190070229314926
                    ],
                    [
                        103.76621339532876,
                        1.1900522175168002
                    ],
                    [
                        103.76623129222732,
                        1.1900343106249087
                    ]
                ]
            ]
        },
        {
            "type": "Polygon",
            "coordinates": [
                [
                    [
                        103.75159302497258,
                        1.2161874078700181
                    ],
                    [
                        103.75159302443069,
                        1.2162054200969488
                    ],
                    [
                        103.75150354865391,
                        1.2161693965320672
                    ],
                    [
                        103.75157512888441,
                        1.2161693960019377
                    ],
                    [
                        103.75159302497258,
                        1.2161874078700181
                    ]
                ]
            ]
        },
        {
            "type": "Polygon",
            "coordinates": [
                [
                    [
                        103.85101872785103,
                        1.2177184005876378
                    ],
                    [
                        103.85107241461434,
                        1.2175022605355486
                    ],
                    [
                        103.85107241473207,
                        1.2175202718755407
                    ],
                    [
                        103.85105451878132,
                        1.2176283427469163
                    ],
                    [
                        103.85105451913418,
                        1.2176823776711694
                    ],
                    [
                        103.85101872785103,
                        1.2177184005876378
                    ]
                ]
            ]
        },
        {
            "type": "Polygon",
            "coordinates": [
                [
                    [
                        103.74278858841623,
                        1.1702932398418595
                    ],
                    [
                        103.74257621492346,
                        1.1705002012827967
                    ],
                    [
                        103.74247657585245,
                        1.1704403616602017
                    ],
                    [
                        103.74226809083699,
                        1.170542100387601
                    ],
                    [
                        103.74197586900212,
                        1.1706210427501698
                    ],
                    [
                        103.74173277170443,
                        1.1705634186094933
                    ],
                    [
                        103.74206449731777,
                        1.1704470097439243
                    ],
                    [
                        103.74244025236838,
                        1.1702669946970286
                    ],
                    [
                        103.7428064845516,
                        1.170131131268168
                    ],
                    [
                        103.74278858841623,
                        1.1702932398418595
                    ]
                ]
            ]
        },
        {
            "type": "Polygon",
            "coordinates": [
                [
                    [
                        103.73056617006797,
                        1.2085324303038962
                    ],
                    [
                        103.73071712573513,
                        1.208144017144412
                    ],
                    [
                        103.73087038796118,
                        1.2080641251202457
                    ],
                    [
                        103.73067133991057,
                        1.2084162678490673
                    ],
                    [
                        103.73056617006797,
                        1.2085324303038962
                    ]
                ]
            ]
        },
        {
            "type": "Polygon",
            "coordinates": [
                [
                    [
                        103.98339713675529,
                        1.3167315129026036
                    ],
                    [
                        103.9833362215181,
                        1.3166867235634692
                    ],
                    [
                        103.98332950939911,
                        1.3165670100119413
                    ],
                    [
                        103.98375979750939,
                        1.3165307823321941
                    ],
                    [
                        103.9838165371787,
                        1.3167400996970122
                    ],
                    [
                        103.98363306666182,
                        1.3167013652730408
                    ],
                    [
                        103.98355950010614,
                        1.3167806288862107
                    ],
                    [
                        103.98355164537824,
                        1.3167569170025297
                    ],
                    [
                        103.98339779631196,
                        1.316731889981422
                    ],
                    [
                        103.98339713675529,
                        1.3167315129026036
                    ]
                ]
            ]
        },
        {
            "type": "Polygon",
            "coordinates": [
                [
                    [
                        103.8344119877001,
                        1.2383056675183401
                    ],
                    [
                        103.83426882587759,
                        1.2381975986404572
                    ],
                    [
                        103.834286720856,
                        1.2381435628111555
                    ],
                    [
                        103.8342688258397,
                        1.2380895278990254
                    ],
                    [
                        103.83439409262289,
                        1.2381075400939878
                    ],
                    [
                        103.83439409263721,
                        1.2381435627701105
                    ],
                    [
                        103.8344656726878,
                        1.2382876561577805
                    ],
                    [
                        103.83453725448628,
                        1.2383056674640658
                    ],
                    [
                        103.83455514858619,
                        1.2383056674558264
                    ],
                    [
                        103.83451935861332,
                        1.2383597014862726
                    ],
                    [
                        103.8344835686157,
                        1.2383597015021448
                    ],
                    [
                        103.83446567271072,
                        1.2383416901718771
                    ],
                    [
                        103.83444777770451,
                        1.2383236779371212
                    ],
                    [
                        103.83444777769698,
                        1.2383056675034412
                    ],
                    [
                        103.83442988269854,
                        1.2383056675109514
                    ],
                    [
                        103.8344119877001,
                        1.2383056675183401
                    ]
                ]
            ]
        },
        {
            "type": "Polygon",
            "coordinates": [
                [
                    [
                        103.73041696202111,
                        1.1868101863577292
                    ],
                    [
                        103.73029169554462,
                        1.1867741617459289
                    ],
                    [
                        103.73016050440593,
                        1.186711789162412
                    ],
                    [
                        103.73003654042769,
                        1.1868545474236898
                    ],
                    [
                        103.72979062970843,
                        1.1867741619064138
                    ],
                    [
                        103.7296764261288,
                        1.186676750353872
                    ],
                    [
                        103.72973694466314,
                        1.1864670278885532
                    ],
                    [
                        103.72966536428898,
                        1.1863238652583852
                    ],
                    [
                        103.72950430725872,
                        1.1863959125812675
                    ],
                    [
                        103.72944201398627,
                        1.1862971988877231
                    ],
                    [
                        103.7295129136431,
                        1.1859002345648182
                    ],
                    [
                        103.72948641118735,
                        1.1857114611252395
                    ],
                    [
                        103.72980806237706,
                        1.1856897024917707
                    ],
                    [
                        103.72993379178178,
                        1.185549353528365
                    ],
                    [
                        103.73014129096187,
                        1.1854694435664552
                    ],
                    [
                        103.73017867963944,
                        1.1855882974048493
                    ],
                    [
                        103.73074506083708,
                        1.1854512386852383
                    ],
                    [
                        103.73076790188394,
                        1.1856911980893048
                    ],
                    [
                        103.73085461701156,
                        1.18587534432829
                    ],
                    [
                        103.73105438204452,
                        1.1860353401103465
                    ],
                    [
                        103.73105050227929,
                        1.1861337908546745
                    ],
                    [
                        103.73121112248683,
                        1.186260594102892
                    ],
                    [
                        103.73139259045772,
                        1.186296495953985
                    ],
                    [
                        103.7315595020143,
                        1.1864481712399586
                    ],
                    [
                        103.73138330195648,
                        1.1867561495376293
                    ],
                    [
                        103.73131172205504,
                        1.1867201269622525
                    ],
                    [
                        103.73111487463636,
                        1.1867741617361296
                    ],
                    [
                        103.73106118870818,
                        1.1867561502316144
                    ],
                    [
                        103.73090013135496,
                        1.186666090367075
                    ],
                    [
                        103.73097124941303,
                        1.1864822249362574
                    ],
                    [
                        103.73073618261878,
                        1.1864785842472567
                    ],
                    [
                        103.73060370820156,
                        1.1865681864102993
                    ],
                    [
                        103.73066749467301,
                        1.1867201264876297
                    ],
                    [
                        103.7305064378731,
                        1.18681018608939
                    ],
                    [
                        103.73041696202111,
                        1.1868101863577292
                    ]
                ]
            ]
        },
        {
            "type": "Polygon",
            "coordinates": [
                [
                    [
                        103.71783663986714,
                        1.180578066743023
                    ],
                    [
                        103.71769347829635,
                        1.180740174290737
                    ],
                    [
                        103.71760400175508,
                        1.1806321035955316
                    ],
                    [
                        103.71778295400894,
                        1.1805420436891905
                    ],
                    [
                        103.71783663986714,
                        1.180578066743023
                    ]
                ]
            ]
        },
        {
            "type": "Polygon",
            "coordinates": [
                [
                    [
                        103.84824497317673,
                        1.2164035480224669
                    ],
                    [
                        103.84817339267236,
                        1.2163675248344064
                    ],
                    [
                        103.84826286813568,
                        1.2162594544866554
                    ],
                    [
                        103.84829865933212,
                        1.2163675241382528
                    ],
                    [
                        103.84824497317673,
                        1.2164035480224669
                    ]
                ]
            ]
        },
        {
            "type": "Polygon",
            "coordinates": [
                [
                    [
                        103.7596637572775,
                        1.1986619791214272
                    ],
                    [
                        103.75966375734161,
                        1.1986259555602903
                    ],
                    [
                        103.75968165296186,
                        1.1986259560446968
                    ],
                    [
                        103.7598427094085,
                        1.1986799916712272
                    ],
                    [
                        103.75975323352,
                        1.1986980023904008
                    ],
                    [
                        103.7596637572775,
                        1.1986619791214272
                    ]
                ]
            ]
        },
        {
            "type": "Polygon",
            "coordinates": [
                [
                    [
                        103.80182483692408,
                        1.4689325857047413
                    ],
                    [
                        103.80177115197526,
                        1.468824526180591
                    ],
                    [
                        103.80175325655375,
                        1.4687344775608517
                    ],
                    [
                        103.80185339285887,
                        1.4686789745846198
                    ],
                    [
                        103.80203957904294,
                        1.468878555742534
                    ],
                    [
                        103.80182483692408,
                        1.4689325857047413
                    ]
                ]
            ]
        },
        {
            "type": "Polygon",
            "coordinates": [
                [
                    [
                        103.80404384114951,
                        1.4694008402749814
                    ],
                    [
                        103.80406173670706,
                        1.469418849099119
                    ],
                    [
                        103.80422215899546,
                        1.4694212694761504
                    ],
                    [
                        103.80420320344363,
                        1.4695137919325885
                    ],
                    [
                        103.80390067996979,
                        1.4694188496828713
                    ],
                    [
                        103.80404384114951,
                        1.4694008402749814
                    ]
                ]
            ]
        },
        {
            "type": "Polygon",
            "coordinates": [
                [
                    [
                        103.74269911257011,
                        1.1671411393708684
                    ],
                    [
                        103.74260963763393,
                        1.167159151409832
                    ],
                    [
                        103.74252016025835,
                        1.1671411389876334
                    ],
                    [
                        103.7424664755025,
                        1.1671231268222917
                    ],
                    [
                        103.74243068436091,
                        1.1671051152380445
                    ],
                    [
                        103.74264949000116,
                        1.166980578683996
                    ],
                    [
                        103.7427527979044,
                        1.1671411393027036
                    ],
                    [
                        103.74269911257011,
                        1.1671411393708684
                    ]
                ]
            ]
        },
        {
            "type": "Polygon",
            "coordinates": [
                [
                    [
                        103.85243244934478,
                        1.2223834209613376
                    ],
                    [
                        103.85250402993645,
                        1.222401432691579
                    ],
                    [
                        103.85250402942115,
                        1.2224554676134713
                    ],
                    [
                        103.85246823861146,
                        1.2224374565312075
                    ],
                    [
                        103.85244549511775,
                        1.2224096058606286
                    ],
                    [
                        103.85244449595115,
                        1.222407599081205
                    ],
                    [
                        103.85243244934478,
                        1.2223834209613376
                    ]
                ]
            ]
        },
        {
            "type": "Polygon",
            "coordinates": [
                [
                    [
                        104.03538937610845,
                        1.4401354054758182
                    ],
                    [
                        104.0355862229627,
                        1.44017142567352
                    ],
                    [
                        104.03560411805722,
                        1.4402794858218586
                    ],
                    [
                        104.03538937610845,
                        1.4401354054758182
                    ]
                ]
            ]
        },
        {
            "type": "Polygon",
            "coordinates": [
                [
                    [
                        104.0091764626937,
                        1.4185045755509174
                    ],
                    [
                        104.00926593818077,
                        1.4182524323395496
                    ],
                    [
                        104.00930172926152,
                        1.4182704426366848
                    ],
                    [
                        104.00923014867685,
                        1.4185766163506064
                    ],
                    [
                        104.0091764626937,
                        1.4185045755509174
                    ]
                ]
            ]
        },
        {
            "type": "Polygon",
            "coordinates": [
                [
                    [
                        103.70565605897028,
                        1.217682377905325
                    ],
                    [
                        103.70565352534751,
                        1.217850234813931
                    ],
                    [
                        103.70579922071883,
                        1.2178624940670235
                    ],
                    [
                        103.70560764266067,
                        1.217851008569818
                    ],
                    [
                        103.70536973556732,
                        1.2176643656082173
                    ],
                    [
                        103.70565605897028,
                        1.217682377905325
                    ]
                ]
            ]
        },
        {
            "type": "Polygon",
            "coordinates": [
                [
                    [
                        103.70900246010268,
                        1.2071815492484874
                    ],
                    [
                        103.70932457377339,
                        1.2071995608811563
                    ],
                    [
                        103.709209024857,
                        1.2072671223671876
                    ],
                    [
                        103.70900246010268,
                        1.2071815492484874
                    ]
                ]
            ]
        },
        {
            "type": "Polygon",
            "coordinates": [
                [
                    [
                        103.72714818834544,
                        1.2121707988989017
                    ],
                    [
                        103.72741331322757,
                        1.2120188255752458
                    ],
                    [
                        103.72747030173272,
                        1.212080740567495
                    ],
                    [
                        103.72714818834544,
                        1.2121707988989017
                    ]
                ]
            ]
        },
        {
            "type": "Polygon",
            "coordinates": [
                [
                    [
                        103.85840944382561,
                        1.2190152412048223
                    ],
                    [
                        103.85849891940039,
                        1.2190512648513354
                    ],
                    [
                        103.85839154855823,
                        1.2190692762935833
                    ],
                    [
                        103.85839154839172,
                        1.2190512649546643
                    ],
                    [
                        103.85840944382561,
                        1.2190152412048223
                    ]
                ]
            ]
        },
        {
            "type": "Polygon",
            "coordinates": [
                [
                    [
                        103.75864373184187,
                        1.2004271356026393
                    ],
                    [
                        103.75867952187484,
                        1.2003731007941987
                    ],
                    [
                        103.75866162698482,
                        1.2004451474222104
                    ],
                    [
                        103.75864373184187,
                        1.2004271356026393
                    ]
                ]
            ]
        },
        {
            "type": "Polygon",
            "coordinates": [
                [
                    [
                        103.84344906129351,
                        1.2215188625139155
                    ],
                    [
                        103.84337748098329,
                        1.2215548845598216
                    ],
                    [
                        103.84337748064891,
                        1.2214648269552824
                    ],
                    [
                        103.84344906109145,
                        1.2214648266850907
                    ],
                    [
                        103.84344906129351,
                        1.2215188625139155
                    ]
                ]
            ]
        },
        {
            "type": "Polygon",
            "coordinates": [
                [
                    [
                        103.85395354014813,
                        1.2206002680739145
                    ],
                    [
                        103.85391774990167,
                        1.2206543023676275
                    ],
                    [
                        103.85386406498917,
                        1.2206182791977462
                    ],
                    [
                        103.85411459807125,
                        1.2204201507206598
                    ],
                    [
                        103.85413249246601,
                        1.2204741864079778
                    ],
                    [
                        103.85395354014813,
                        1.2206002680739145
                    ]
                ]
            ]
        },
        {
            "type": "Polygon",
            "coordinates": [
                [
                    [
                        104.05083292928217,
                        1.4341380580063139
                    ],
                    [
                        104.05065614361624,
                        1.4341657410002684
                    ],
                    [
                        104.05044884646132,
                        1.4343278324695776
                    ],
                    [
                        104.05009922634022,
                        1.4343181584470586
                    ],
                    [
                        104.05035101705981,
                        1.4343079622250605
                    ],
                    [
                        104.05054660567741,
                        1.4341560676056477
                    ],
                    [
                        104.05079713870182,
                        1.4341020372619921
                    ],
                    [
                        104.05083292928217,
                        1.4341380580063139
                    ]
                ]
            ]
        },
        {
            "type": "Polygon",
            "coordinates": [
                [
                    [
                        103.75450994142655,
                        1.224454759514468
                    ],
                    [
                        103.7542112103076,
                        1.2240210554446516
                    ],
                    [
                        103.75406062167004,
                        1.2238885534361736
                    ],
                    [
                        103.7539372953943,
                        1.2239864571658963
                    ],
                    [
                        103.75391939977119,
                        1.223950433987506
                    ],
                    [
                        103.75386354816632,
                        1.2238189169298863
                    ],
                    [
                        103.75340101651354,
                        1.223688913370085
                    ],
                    [
                        103.75300480533598,
                        1.2235313457995094
                    ],
                    [
                        103.75289937400198,
                        1.2235361665005147
                    ],
                    [
                        103.75288147911974,
                        1.2235361659605417
                    ],
                    [
                        103.75241620338429,
                        1.2233200268673277
                    ],
                    [
                        103.75265836500793,
                        1.223310246268979
                    ],
                    [
                        103.75341646400413,
                        1.2235920835315068
                    ],
                    [
                        103.75417954433685,
                        1.2238507011786008
                    ],
                    [
                        103.75430348255435,
                        1.2239961311848975
                    ],
                    [
                        103.75454889495414,
                        1.2240522940590988
                    ],
                    [
                        103.75474161762332,
                        1.2241921479595583
                    ],
                    [
                        103.75482523938038,
                        1.224337419395165
                    ],
                    [
                        103.7546806092915,
                        1.2244644331195453
                    ],
                    [
                        103.75450994142655,
                        1.224454759514468
                    ]
                ]
            ]
        },
        {
            "type": "Polygon",
            "coordinates": [
                [
                    [
                        103.83668467651897,
                        1.2135396891864487
                    ],
                    [
                        103.83670257216234,
                        1.2134676419899337
                    ],
                    [
                        103.83673836266034,
                        1.2134136070163655
                    ],
                    [
                        103.83679204817275,
                        1.2135036654633566
                    ],
                    [
                        103.83672046800639,
                        1.213557700482927
                    ],
                    [
                        103.8366846765633,
                        1.2135757118691506
                    ],
                    [
                        103.83668467651897,
                        1.2135396891864487
                    ]
                ]
            ]
        },
        {
            "type": "Polygon",
            "coordinates": [
                [
                    [
                        103.839583698365,
                        1.2400167618337006
                    ],
                    [
                        103.83960159337484,
                        1.2400167617911189
                    ],
                    [
                        103.83958369840725,
                        1.2400347740757531
                    ],
                    [
                        103.839583698365,
                        1.2400167618337006
                    ]
                ]
            ]
        },
        {
            "type": "Polygon",
            "coordinates": [
                [
                    [
                        103.75089511139387,
                        1.2157371161121175
                    ],
                    [
                        103.75120126989003,
                        1.2158493200515537
                    ],
                    [
                        103.75127091157114,
                        1.215953256267701
                    ],
                    [
                        103.75146775846315,
                        1.2160973492453195
                    ],
                    [
                        103.75118664329524,
                        1.2160165610088751
                    ],
                    [
                        103.75089511139387,
                        1.2157371161121175
                    ]
                ]
            ]
        },
        {
            "type": "Polygon",
            "coordinates": [
                [
                    [
                        103.70900246020457,
                        1.2184028443526767
                    ],
                    [
                        103.70909421720016,
                        1.2183298303250663
                    ],
                    [
                        103.70950946807822,
                        1.218242233946724
                    ],
                    [
                        103.70993301111379,
                        1.2180606220871892
                    ],
                    [
                        103.70981156270116,
                        1.2181933182307536
                    ],
                    [
                        103.70954081875055,
                        1.218327772785551
                    ],
                    [
                        103.70923517655129,
                        1.2184208203260716
                    ],
                    [
                        103.70900246020457,
                        1.2184028443526767
                    ]
                ]
            ]
        },
        {
            "type": "Polygon",
            "coordinates": [
                [
                    [
                        103.8059765222183,
                        1.4701212310745333
                    ],
                    [
                        103.80594073220003,
                        1.4701392410300407
                    ],
                    [
                        103.80592283684116,
                        1.4701032218237455
                    ],
                    [
                        103.80592283638181,
                        1.4700672028384132
                    ],
                    [
                        103.8059765222183,
                        1.4701212310745333
                    ]
                ]
            ]
        },
        {
            "type": "Polygon",
            "coordinates": [
                [
                    [
                        103.85153768957282,
                        1.2132875251234323
                    ],
                    [
                        103.85150189889123,
                        1.2132695131206672
                    ],
                    [
                        103.85150189877106,
                        1.213251500875802
                    ],
                    [
                        103.85155558404276,
                        1.2132334891719665
                    ],
                    [
                        103.85155558350577,
                        1.2132875250022055
                    ],
                    [
                        103.85153768957282,
                        1.2132875251234323
                    ]
                ]
            ]
        },
        {
            "type": "Polygon",
            "coordinates": [
                [
                    [
                        103.8509650427594,
                        1.2179165292984704
                    ],
                    [
                        103.85098293828555,
                        1.217880505596351
                    ],
                    [
                        103.8509829385199,
                        1.217916530084959
                    ],
                    [
                        103.8509650427594,
                        1.2179165292984704
                    ]
                ]
            ]
        },
        {
            "type": "Polygon",
            "coordinates": [
                [
                    [
                        103.74966034316184,
                        1.222977805395372
                    ],
                    [
                        103.74942770660634,
                        1.222905758230348
                    ],
                    [
                        103.74917717339149,
                        1.2228337122900124
                    ],
                    [
                        103.74908769800099,
                        1.2227796764083083
                    ],
                    [
                        103.7492007484314,
                        1.2227556139362192
                    ],
                    [
                        103.74966034316184,
                        1.222977805395372
                    ]
                ]
            ]
        },
        {
            "type": "Polygon",
            "coordinates": [
                [
                    [
                        103.64345236065888,
                        1.3599166375949188
                    ],
                    [
                        103.64347025578618,
                        1.3599706699618899
                    ],
                    [
                        103.64334153870902,
                        1.3598085732500445
                    ],
                    [
                        103.6433449900844,
                        1.3598085735233885
                    ],
                    [
                        103.64338078018513,
                        1.359826584865654
                    ],
                    [
                        103.64345236065888,
                        1.3599166375949188
                    ]
                ]
            ]
        },
        {
            "type": "Polygon",
            "coordinates": [
                [
                    [
                        103.72637264740227,
                        1.181622758220765
                    ],
                    [
                        103.72633685683259,
                        1.1816587830791683
                    ],
                    [
                        103.72631896133824,
                        1.1816587823854399
                    ],
                    [
                        103.72630106743176,
                        1.1816407703776857
                    ],
                    [
                        103.72637264740227,
                        1.181622758220765
                    ]
                ]
            ]
        },
        {
            "type": "Polygon",
            "coordinates": [
                [
                    [
                        103.74797819539859,
                        1.223338038180296
                    ],
                    [
                        103.74792450929446,
                        1.2233560495898217
                    ],
                    [
                        103.74796030043068,
                        1.2232840027431395
                    ],
                    [
                        103.74799609051684,
                        1.2233020152087966
                    ],
                    [
                        103.74799608994783,
                        1.2233200265287485
                    ],
                    [
                        103.74797819539859,
                        1.223338038180296
                    ]
                ]
            ]
        },
        {
            "type": "Polygon",
            "coordinates": [
                [
                    [
                        103.7147647124972,
                        1.2164936065893017
                    ],
                    [
                        103.71488783043348,
                        1.216537474561971
                    ],
                    [
                        103.71517487825331,
                        1.2164483839139348
                    ],
                    [
                        103.71548395570021,
                        1.2161138309664241
                    ],
                    [
                        103.71569526321757,
                        1.2161693961948437
                    ],
                    [
                        103.71563345984809,
                        1.2162512754559645
                    ],
                    [
                        103.7152887074553,
                        1.2164898955925318
                    ],
                    [
                        103.7149347170647,
                        1.2166119835192906
                    ],
                    [
                        103.7147647124972,
                        1.2164936065893017
                    ]
                ]
            ]
        },
        {
            "type": "Polygon",
            "coordinates": [
                [
                    [
                        103.85658413330847,
                        1.2235361661413078
                    ],
                    [
                        103.85654834394549,
                        1.2234821306288095
                    ],
                    [
                        103.8566378200779,
                        1.2234641194139768
                    ],
                    [
                        103.85658413330847,
                        1.2235361661413078
                    ]
                ]
            ]
        },
        {
            "type": "Polygon",
            "coordinates": [
                [
                    [
                        103.74089169836581,
                        1.2276608279930137
                    ],
                    [
                        103.74098117367015,
                        1.227768897191493
                    ],
                    [
                        103.74089169858694,
                        1.2277328741609745
                    ],
                    [
                        103.7408738025042,
                        1.227714863126713
                    ],
                    [
                        103.74089169836581,
                        1.2276608279930137
                    ]
                ]
            ]
        },
        {
            "type": "Polygon",
            "coordinates": [
                [
                    [
                        103.85794416850634,
                        1.218943194742592
                    ],
                    [
                        103.85801575033902,
                        1.2187090430589254
                    ],
                    [
                        103.85801575017506,
                        1.2186910317199067
                    ],
                    [
                        103.85810522580984,
                        1.2186369959719057
                    ],
                    [
                        103.85830207262462,
                        1.2187991016197712
                    ],
                    [
                        103.85815557415002,
                        1.218826330708128
                    ],
                    [
                        103.85792627355688,
                        1.2190332534107429
                    ],
                    [
                        103.85794416850634,
                        1.218943194742592
                    ]
                ]
            ]
        },
        {
            "type": "Polygon",
            "coordinates": [
                [
                    [
                        103.83587939394121,
                        1.2328481658619612
                    ],
                    [
                        103.8359330787571,
                        1.2327761195503324
                    ],
                    [
                        103.83596886957848,
                        1.2327761204192882
                    ],
                    [
                        103.83587939394121,
                        1.2328481658619612
                    ]
                ]
            ]
        },
        {
            "type": "Polygon",
            "coordinates": [
                [
                    [
                        103.75007193345759,
                        1.2124049517752182
                    ],
                    [
                        103.75009438030278,
                        1.2125172247945863
                    ],
                    [
                        103.74989298056167,
                        1.2126210920467329
                    ],
                    [
                        103.7498750866513,
                        1.2126210914916036
                    ],
                    [
                        103.75007193345759,
                        1.2124049517752182
                    ]
                ]
            ]
        },
        {
            "type": "Polygon",
            "coordinates": [
                [
                    [
                        103.83348143754057,
                        1.2154849523014462
                    ],
                    [
                        103.8335530178191,
                        1.2153948937821883
                    ],
                    [
                        103.83358880841179,
                        1.2154129051201465
                    ],
                    [
                        103.83359676030454,
                        1.21567507793292
                    ],
                    [
                        103.83366038874338,
                        1.2158091618515896
                    ],
                    [
                        103.83366038874772,
                        1.2158451854381094
                    ],
                    [
                        103.83364249480523,
                        1.2159172326132253
                    ],
                    [
                        103.83360670420555,
                        1.2158992212760522
                    ],
                    [
                        103.8335530178526,
                        1.2158091618625304
                    ],
                    [
                        103.83357145449136,
                        1.2156325637183267
                    ],
                    [
                        103.83348143754057,
                        1.2154849523014462
                    ]
                ]
            ]
        },
        {
            "type": "Polygon",
            "coordinates": [
                [
                    [
                        103.73600631026218,
                        1.1653399377058253
                    ],
                    [
                        103.73565517760551,
                        1.165453392457635
                    ],
                    [
                        103.7354336638129,
                        1.1653939734033263
                    ],
                    [
                        103.73598346063199,
                        1.1653112305761535
                    ],
                    [
                        103.73600631026218,
                        1.1653399377058253
                    ]
                ]
            ]
        },
        {
            "type": "Polygon",
            "coordinates": [
                [
                    [
                        103.84337748097376,
                        1.2227616660410432
                    ],
                    [
                        103.84328800400428,
                        1.2228157003960463
                    ],
                    [
                        103.8432164233942,
                        1.2227796770781068
                    ],
                    [
                        103.84323431912144,
                        1.2227616656718776
                    ],
                    [
                        103.84321642306485,
                        1.2226896185699838
                    ],
                    [
                        103.84332379499196,
                        1.2226535963946437
                    ],
                    [
                        103.84337748097376,
                        1.2227616660410432
                    ]
                ]
            ]
        },
        {
            "type": "Polygon",
            "coordinates": [
                [
                    [
                        103.83210350700061,
                        1.2379634484115634
                    ],
                    [
                        103.83210350699231,
                        1.2379814588452893
                    ],
                    [
                        103.832103506984,
                        1.2379994710877231
                    ],
                    [
                        103.83204982199483,
                        1.2379994710621178
                    ],
                    [
                        103.83210350700061,
                        1.2379634484115634
                    ]
                ]
            ]
        },
        {
            "type": "Polygon",
            "coordinates": [
                [
                    [
                        103.84307326190994,
                        1.2223834208918019
                    ],
                    [
                        103.84312694755002,
                        1.2224014329395925
                    ],
                    [
                        103.84323431922815,
                        1.2225455259757476
                    ],
                    [
                        103.8432164235682,
                        1.222581548721905
                    ],
                    [
                        103.84310905273642,
                        1.2226716067213435
                    ],
                    [
                        103.84296589024686,
                        1.2224914911298743
                    ],
                    [
                        103.84296589011849,
                        1.2224554675456516
                    ],
                    [
                        103.84305536611932,
                        1.2223834209570628
                    ],
                    [
                        103.84305536605456,
                        1.2223654096171164
                    ],
                    [
                        103.84307326190994,
                        1.2223834208918019
                    ]
                ]
            ]
        },
        {
            "type": "Polygon",
            "coordinates": [
                [
                    [
                        103.74155382015152,
                        1.166186501805718
                    ],
                    [
                        103.74164329574025,
                        1.1662585509422716
                    ],
                    [
                        103.74164329605588,
                        1.166276562266655
                    ],
                    [
                        103.7416043420992,
                        1.1664286090877398
                    ],
                    [
                        103.74172633293628,
                        1.1665174732344346
                    ],
                    [
                        103.74169698181315,
                        1.1667628869672362
                    ],
                    [
                        103.74164329585686,
                        1.1667268625583025
                    ],
                    [
                        103.74162540044907,
                        1.1667268628756817
                    ],
                    [
                        103.7415538205691,
                        1.1666728265538242
                    ],
                    [
                        103.74150543850604,
                        1.1666075687326984
                    ],
                    [
                        103.74148223970204,
                        1.1661504786160315
                    ],
                    [
                        103.74155382015152,
                        1.166186501805718
                    ]
                ]
            ]
        },
        {
            "type": "Polygon",
            "coordinates": [
                [
                    [
                        103.70955721128612,
                        1.20366925632725
                    ],
                    [
                        103.70953931583277,
                        1.2037052799193415
                    ],
                    [
                        103.70950352629146,
                        1.2036872678880854
                    ],
                    [
                        103.70955721128612,
                        1.20366925632725
                    ]
                ]
            ]
        },
        {
            "type": "Polygon",
            "coordinates": [
                [
                    [
                        104.02724050305238,
                        1.413984009383674
                    ],
                    [
                        104.02730429517862,
                        1.4139840094472724
                    ],
                    [
                        104.02729117486619,
                        1.4141449701269608
                    ],
                    [
                        104.02724050305238,
                        1.413984009383674
                    ]
                ]
            ]
        },
        {
            "type": "Polygon",
            "coordinates": [
                [
                    [
                        103.83976265091219,
                        1.2402869350849217
                    ],
                    [
                        103.83978054588025,
                        1.2402689237034656
                    ],
                    [
                        103.83983423104664,
                        1.2403229584886213
                    ],
                    [
                        103.8397984419214,
                        1.2403229585768474
                    ],
                    [
                        103.83976265091219,
                        1.2402869350849217
                    ]
                ]
            ]
        },
        {
            "type": "Polygon",
            "coordinates": [
                [
                    [
                        103.83765101829819,
                        1.232145714116771
                    ],
                    [
                        103.83772259803851,
                        1.2320916799825807
                    ],
                    [
                        103.83772259809747,
                        1.2321277026602402
                    ],
                    [
                        103.83764329323779,
                        1.2324124756587238
                    ],
                    [
                        103.8375615422832,
                        1.232505945559047
                    ],
                    [
                        103.83756154225479,
                        1.2324879342202744
                    ],
                    [
                        103.83754364729532,
                        1.2324879342488033
                    ],
                    [
                        103.83756154222638,
                        1.2324699228814993
                    ],
                    [
                        103.83761522701818,
                        1.232415887874454
                    ],
                    [
                        103.83759733205916,
                        1.2324158879033442
                    ],
                    [
                        103.83761522698941,
                        1.2323978765356707
                    ],
                    [
                        103.83763312247135,
                        1.2321637263890795
                    ],
                    [
                        103.83765101829819,
                        1.232145714116771
                    ]
                ]
            ]
        },
        {
            "type": "Polygon",
            "coordinates": [
                [
                    [
                        103.76524705831574,
                        1.1906647263701202
                    ],
                    [
                        103.7652649534299,
                        1.190646714578841
                    ],
                    [
                        103.76528284900073,
                        1.1906467141190706
                    ],
                    [
                        103.76519337344203,
                        1.1907727975466975
                    ],
                    [
                        103.76519337297181,
                        1.1907187617431954
                    ],
                    [
                        103.76524705831574,
                        1.1906647263701202
                    ]
                ]
            ]
        },
        {
            "type": "Polygon",
            "coordinates": [
                [
                    [
                        103.70739189263124,
                        1.2140079926431437
                    ],
                    [
                        103.70766122953448,
                        1.2140985618560503
                    ],
                    [
                        103.7076324208646,
                        1.2142851342560392
                    ],
                    [
                        103.70767821639348,
                        1.2144582848746022
                    ],
                    [
                        103.70767821659351,
                        1.2145123205764157
                    ],
                    [
                        103.70749068345906,
                        1.2143734341647918
                    ],
                    [
                        103.70741532771007,
                        1.2143564421704685
                    ],
                    [
                        103.70733090197442,
                        1.2142314859656265
                    ],
                    [
                        103.70728452130462,
                        1.2142961801241572
                    ],
                    [
                        103.70728452136879,
                        1.214314192325955
                    ],
                    [
                        103.70721315924351,
                        1.2142061392791839
                    ],
                    [
                        103.70732031204747,
                        1.2141160624980893
                    ],
                    [
                        103.70739189295665,
                        1.2140980518439846
                    ],
                    [
                        103.70735610317374,
                        1.2140440162734543
                    ],
                    [
                        103.70735610310889,
                        1.2140260040715707
                    ],
                    [
                        103.70739189263124,
                        1.2140079926431437
                    ]
                ],
                [
                    [
                        103.70739189295665,
                        1.2140980518439846
                    ],
                    [
                        103.70746347432362,
                        1.2142061220797202
                    ],
                    [
                        103.7074813691186,
                        1.2142061220137585
                    ],
                    [
                        103.70739189295665,
                        1.2140980518439846
                    ]
                ]
            ]
        },
        {
            "type": "Polygon",
            "coordinates": [
                [
                    [
                        103.70714136020304,
                        1.2137738403524472
                    ],
                    [
                        103.70714136026663,
                        1.213791852554215
                    ],
                    [
                        103.70712346541113,
                        1.2137738404164433
                    ],
                    [
                        103.70714136020304,
                        1.2137738403524472
                    ]
                ]
            ]
        },
        {
            "type": "Polygon",
            "coordinates": [
                [
                    [
                        103.72686186462012,
                        1.173499372084103
                    ],
                    [
                        103.72683733840957,
                        1.1737799654793966
                    ],
                    [
                        103.72673659797337,
                        1.1737695514817397
                    ],
                    [
                        103.72686186462012,
                        1.173499372084103
                    ]
                ]
            ]
        },
        {
            "type": "Polygon",
            "coordinates": [
                [
                    [
                        103.75123512038893,
                        1.2115043653017217
                    ],
                    [
                        103.7509130072287,
                        1.2117565293549426
                    ],
                    [
                        103.75090253878317,
                        1.2116924331066148
                    ],
                    [
                        103.75125301573316,
                        1.2114863536199059
                    ],
                    [
                        103.75123512038893,
                        1.2115043653017217
                    ]
                ]
            ]
        },
        {
            "type": "Polygon",
            "coordinates": [
                [
                    [
                        103.7583395138014,
                        1.2017600079648036
                    ],
                    [
                        103.7583216175857,
                        1.2018140432612483
                    ],
                    [
                        103.7582500372277,
                        1.2018320553224373
                    ],
                    [
                        103.75823214248568,
                        1.2018320557316835
                    ],
                    [
                        103.75817845631481,
                        1.2017059731453004
                    ],
                    [
                        103.75830372277449,
                        1.201651937202389
                    ],
                    [
                        103.7583395138014,
                        1.2017600079648036
                    ]
                ]
            ]
        },
        {
            "type": "Polygon",
            "coordinates": [
                [
                    [
                        103.70698030290653,
                        1.2143862385961144
                    ],
                    [
                        103.70705188376172,
                        1.2143502148461005
                    ],
                    [
                        103.70712346545051,
                        1.2142961807010495
                    ],
                    [
                        103.70729706890515,
                        1.2145126020609078
                    ],
                    [
                        103.70737458268681,
                        1.214495100843333
                    ],
                    [
                        103.70760663453844,
                        1.214710448735103
                    ],
                    [
                        103.7071885276609,
                        1.2146461596517748
                    ],
                    [
                        103.70697307687493,
                        1.2145063223130468
                    ],
                    [
                        103.70682768795793,
                        1.214341719561092
                    ],
                    [
                        103.70668452593435,
                        1.2140535329666058
                    ],
                    [
                        103.70670623053542,
                        1.2137034649506808
                    ],
                    [
                        103.70667467850961,
                        1.21344875138266
                    ],
                    [
                        103.7067571200867,
                        1.213423122900228
                    ],
                    [
                        103.7067908837944,
                        1.212991703457473
                    ],
                    [
                        103.70694276530052,
                        1.2124784049027957
                    ],
                    [
                        103.70710225734378,
                        1.212271252625262
                    ],
                    [
                        103.70739056497979,
                        1.2120374873400799
                    ],
                    [
                        103.7079599872886,
                        1.211946162388641
                    ],
                    [
                        103.70830361237647,
                        1.2121495859469071
                    ],
                    [
                        103.70839402365398,
                        1.2122428453714604
                    ],
                    [
                        103.70819717651267,
                        1.21245898627379
                    ],
                    [
                        103.70812559633619,
                        1.2124229621554736
                    ],
                    [
                        103.70790939382353,
                        1.2125516827645137
                    ],
                    [
                        103.70790190542179,
                        1.2126730334910472
                    ],
                    [
                        103.70769611183823,
                        1.2127111500311627
                    ],
                    [
                        103.70759835174889,
                        1.2128685589247563
                    ],
                    [
                        103.70735608465519,
                        1.212832236499848
                    ],
                    [
                        103.70745770709054,
                        1.2130135145335486
                    ],
                    [
                        103.70752552168999,
                        1.213261633372275
                    ],
                    [
                        103.70766502187128,
                        1.2132872261407917
                    ],
                    [
                        103.70759942672908,
                        1.213522574556693
                    ],
                    [
                        103.70746347379689,
                        1.2133235476952013
                    ],
                    [
                        103.70737399842844,
                        1.2131794549319954
                    ],
                    [
                        103.70737399849402,
                        1.2131974662296432
                    ],
                    [
                        103.70739189277762,
                        1.2133055366625838
                    ],
                    [
                        103.70718404512527,
                        1.2133827893788283
                    ],
                    [
                        103.70733820701763,
                        1.2136657700467355
                    ],
                    [
                        103.7072845209759,
                        1.2137017937418553
                    ],
                    [
                        103.70708767448559,
                        1.2136477596536124
                    ],
                    [
                        103.70696240760454,
                        1.213719806190597
                    ],
                    [
                        103.70680834192972,
                        1.2138033910394668
                    ],
                    [
                        103.70677517330721,
                        1.2139967007252326
                    ],
                    [
                        103.70689071303534,
                        1.2143085459652625
                    ],
                    [
                        103.70698030290653,
                        1.2143862385961144
                    ]
                ],
                [
                    [
                        103.7074276827752,
                        1.2124409743432438
                    ],
                    [
                        103.70748136892237,
                        1.212440974142144
                    ],
                    [
                        103.70749926377266,
                        1.2124589862770396
                    ],
                    [
                        103.70754625671177,
                        1.2123072580311949
                    ],
                    [
                        103.70767821624999,
                        1.2122608577026786
                    ],
                    [
                        103.70778558736113,
                        1.212422962588495
                    ],
                    [
                        103.70774979703911,
                        1.2122248339266686
                    ],
                    [
                        103.70780348304449,
                        1.2121888111225234
                    ],
                    [
                        103.70782137789571,
                        1.2122068214466366
                    ],
                    [
                        103.70801822485096,
                        1.2121707989812447
                    ],
                    [
                        103.7079469411565,
                        1.2120183679503749
                    ],
                    [
                        103.70727491014755,
                        1.2122331707499445
                    ],
                    [
                        103.70704641426852,
                        1.2124759951206652
                    ],
                    [
                        103.70698614036529,
                        1.2128411542538995
                    ],
                    [
                        103.70716766992454,
                        1.2128934485345753
                    ],
                    [
                        103.70719272166677,
                        1.2126734904911707
                    ],
                    [
                        103.70732031229866,
                        1.212693138336249
                    ],
                    [
                        103.70741972318243,
                        1.212667123557791
                    ],
                    [
                        103.70748136905591,
                        1.212476997642162
                    ],
                    [
                        103.7074276827752,
                        1.2124409743432438
                    ]
                ],
                [
                    [
                        103.70701609425076,
                        1.2133415597133683
                    ],
                    [
                        103.70699819881504,
                        1.2134136067749872
                    ],
                    [
                        103.70712346478194,
                        1.2133415593301655
                    ],
                    [
                        103.70701609425076,
                        1.2133415597133683
                    ]
                ]
            ]
        },
        {
            "type": "Polygon",
            "coordinates": [
                [
                    [
                        103.85180611645842,
                        1.2131434307598012
                    ],
                    [
                        103.851788221872,
                        1.2131794544680397
                    ],
                    [
                        103.85171664087359,
                        1.213197466298909
                    ],
                    [
                        103.8516808508479,
                        1.2131434307131506
                    ],
                    [
                        103.85180611645842,
                        1.2131434307598012
                    ]
                ]
            ]
        },
        {
            "type": "Polygon",
            "coordinates": [
                [
                    [
                        103.8614888607494,
                        1.4298525049207709
                    ],
                    [
                        103.86145307092585,
                        1.4297984741521133
                    ],
                    [
                        103.86133757373372,
                        1.4298623417381389
                    ],
                    [
                        103.86132656369679,
                        1.4301198956150665
                    ],
                    [
                        103.8611309572784,
                        1.4301406667198473
                    ],
                    [
                        103.86085295198221,
                        1.4298117141193816
                    ],
                    [
                        103.86063934606271,
                        1.429392741252333
                    ],
                    [
                        103.86072988854463,
                        1.4293387116697123
                    ],
                    [
                        103.86071933210167,
                        1.4291302622886666
                    ],
                    [
                        103.86083026874905,
                        1.4290522858103805
                    ],
                    [
                        103.86089832005376,
                        1.429276181029602
                    ],
                    [
                        103.86114885289244,
                        1.429330211913661
                    ],
                    [
                        103.86122043319358,
                        1.42942026215308
                    ],
                    [
                        103.86119173782768,
                        1.4295197931568997
                    ],
                    [
                        103.86144207827971,
                        1.4296378041257343
                    ],
                    [
                        103.86150675625139,
                        1.4297804648952084
                    ],
                    [
                        103.8614888607494,
                        1.4298525049207709
                    ]
                ]
            ]
        },
        {
            "type": "Polygon",
            "coordinates": [
                [
                    [
                        103.83362459884873,
                        1.2139719697829965
                    ],
                    [
                        103.8337140748427,
                        1.2140620282871273
                    ],
                    [
                        103.83378565510905,
                        1.2141700981325807
                    ],
                    [
                        103.83374986544096,
                        1.2142241330666117
                    ],
                    [
                        103.83362459884873,
                        1.2139719697829965
                    ]
                ]
            ]
        },
        {
            "type": "Polygon",
            "coordinates": [
                [
                    [
                        103.71220570012471,
                        1.2096851815586989
                    ],
                    [
                        103.71240254819332,
                        1.2100454164246661
                    ],
                    [
                        103.71231841878472,
                        1.2100432693078713
                    ],
                    [
                        103.71220570012471,
                        1.2096851815586989
                    ]
                ]
            ]
        },
        {
            "type": "Polygon",
            "coordinates": [
                [
                    [
                        104.02852116828943,
                        1.404258458585614
                    ],
                    [
                        104.02845937379584,
                        1.4047005423680792
                    ],
                    [
                        104.02826154765611,
                        1.4052361428451605
                    ],
                    [
                        104.02821694982414,
                        1.4054471398175095
                    ],
                    [
                        104.02805589303952,
                        1.4056092316076063
                    ],
                    [
                        104.02802010353263,
                        1.4056632637157531
                    ],
                    [
                        104.02786862320238,
                        1.4055253101575835
                    ],
                    [
                        104.02785953607214,
                        1.4054082118322577
                    ],
                    [
                        104.02798169093987,
                        1.4052381522995738
                    ],
                    [
                        104.02806389737121,
                        1.404988290070117
                    ],
                    [
                        104.02811216546235,
                        1.4045874425644727
                    ],
                    [
                        104.02820548622378,
                        1.4043248541695994
                    ],
                    [
                        104.0281893382236,
                        1.4041228805595332
                    ],
                    [
                        104.02824777796754,
                        1.4038169166179406
                    ],
                    [
                        104.0284136923066,
                        1.4042072691515248
                    ],
                    [
                        104.02850327251114,
                        1.4042404479760184
                    ],
                    [
                        104.02852116828943,
                        1.404258458585614
                    ]
                ]
            ]
        },
        {
            "type": "Polygon",
            "coordinates": [
                [
                    [
                        103.85143031812781,
                        1.2133235476249886
                    ],
                    [
                        103.85141242341567,
                        1.213341559990273
                    ],
                    [
                        103.8514124232961,
                        1.2133235477453914
                    ],
                    [
                        103.85143031812781,
                        1.2133235476249886
                    ]
                ]
            ]
        },
        {
            "type": "Polygon",
            "coordinates": [
                [
                    [
                        103.85105451869256,
                        1.2137558295357715
                    ],
                    [
                        103.8510545188098,
                        1.213773839971903
                    ],
                    [
                        103.8510366239751,
                        1.213773840089848
                    ],
                    [
                        103.85105451869256,
                        1.2137558295357715
                    ]
                ]
            ]
        },
        {
            "type": "Polygon",
            "coordinates": [
                [
                    [
                        103.74305701718548,
                        1.1702932395057026
                    ],
                    [
                        103.74307491183136,
                        1.17014914315799
                    ],
                    [
                        103.7430928071912,
                        1.170095107050467
                    ],
                    [
                        103.74311070262104,
                        1.1700951067253624
                    ],
                    [
                        103.74332698197729,
                        1.1701935049645054
                    ],
                    [
                        103.74348285839217,
                        1.1701059783554273
                    ],
                    [
                        103.74368334837388,
                        1.1703472756098965
                    ],
                    [
                        103.74356714377637,
                        1.170226327577742
                    ],
                    [
                        103.7434507106294,
                        1.170257215110488
                    ],
                    [
                        103.74337913005301,
                        1.1702211910560967
                    ],
                    [
                        103.74328186016483,
                        1.170363352216135
                    ],
                    [
                        103.74298543585147,
                        1.1703652870061696
                    ],
                    [
                        103.74305701718548,
                        1.1702932395057026
                    ]
                ]
            ]
        },
        {
            "type": "Polygon",
            "coordinates": [
                [
                    [
                        103.71825427587629,
                        1.2023363851398396
                    ],
                    [
                        103.71792300546392,
                        1.2022430371228445
                    ],
                    [
                        103.717532361265,
                        1.2022203100981053
                    ],
                    [
                        103.71741990365577,
                        1.2022868348054419
                    ],
                    [
                        103.71691213661852,
                        1.2022283143038452
                    ],
                    [
                        103.71703062210818,
                        1.2021672251021507
                    ],
                    [
                        103.71720847329964,
                        1.2022062740969335
                    ],
                    [
                        103.71768137678714,
                        1.2021479302851903
                    ],
                    [
                        103.7180147529816,
                        1.202184251961489
                    ],
                    [
                        103.71825427587629,
                        1.2023363851398396
                    ]
                ]
            ]
        },
        {
            "type": "Polygon",
            "coordinates": [
                [
                    [
                        103.70944984007858,
                        1.2096311454467759
                    ],
                    [
                        103.70941404972889,
                        1.2096491578148898
                    ],
                    [
                        103.70928098935228,
                        1.2096233013762006
                    ],
                    [
                        103.70919151319222,
                        1.2094768329096721
                    ],
                    [
                        103.70936825468816,
                        1.2092063749153668
                    ],
                    [
                        103.70948563066575,
                        1.2092709111507396
                    ],
                    [
                        103.70944984073193,
                        1.2095771106437663
                    ],
                    [
                        103.70944983991512,
                        1.2095951228476465
                    ],
                    [
                        103.70944984007858,
                        1.2096311454467759
                    ]
                ]
            ]
        },
        {
            "type": "Polygon",
            "coordinates": [
                [
                    [
                        103.75867952233472,
                        1.2009855013106783
                    ],
                    [
                        103.75859004636511,
                        1.201003512890463
                    ],
                    [
                        103.75861573528722,
                        1.200753300298582
                    ],
                    [
                        103.75851846471366,
                        1.2006072526680351
                    ],
                    [
                        103.75855425532107,
                        1.2004991820698625
                    ],
                    [
                        103.75864373152598,
                        1.200571229841867
                    ],
                    [
                        103.75880576694802,
                        1.2007428338797717
                    ],
                    [
                        103.75867952233472,
                        1.2009855013106783
                    ]
                ]
            ]
        },
        {
            "type": "Polygon",
            "coordinates": [
                [
                    [
                        103.71120356933679,
                        1.203327032190632
                    ],
                    [
                        103.71130505137276,
                        1.2032704823952802
                    ],
                    [
                        103.71164409028691,
                        1.2032789425818964
                    ],
                    [
                        103.71189176580049,
                        1.2031905024238452
                    ],
                    [
                        103.71213411965766,
                        1.2032189618303082
                    ],
                    [
                        103.71211622444683,
                        1.2032910098564509
                    ],
                    [
                        103.71209832892502,
                        1.203309020358347
                    ],
                    [
                        103.71202674822094,
                        1.2033090207734145
                    ],
                    [
                        103.71193727289264,
                        1.2033270325917045
                    ],
                    [
                        103.71190148164204,
                        1.2033270327972836
                    ],
                    [
                        103.71173326867523,
                        1.2032909565300258
                    ],
                    [
                        103.71161515922762,
                        1.2033990796326968
                    ],
                    [
                        103.71141831104002,
                        1.2034170911311457
                    ],
                    [
                        103.71134673053157,
                        1.2034531150356746
                    ],
                    [
                        103.71132883580435,
                        1.2034531151345806
                    ],
                    [
                        103.71131094017862,
                        1.2034531152333448
                    ],
                    [
                        103.71127515052858,
                        1.203417091018593
                    ],
                    [
                        103.71120356933679,
                        1.203327032190632
                    ]
                ]
            ]
        },
        {
            "type": "Polygon",
            "coordinates": [
                [
                    [
                        103.72542420239421,
                        1.191547307369176
                    ],
                    [
                        103.7252810413327,
                        1.191529294931778
                    ],
                    [
                        103.7253705173218,
                        1.1915292948446088
                    ],
                    [
                        103.72542420239421,
                        1.191547307369176
                    ]
                ]
            ]
        },
        {
            "type": "Polygon",
            "coordinates": [
                [
                    [
                        103.85831996792112,
                        1.2189431948774068
                    ],
                    [
                        103.85837365309061,
                        1.2189071716977176
                    ],
                    [
                        103.8584452348588,
                        1.2189612059480688
                    ],
                    [
                        103.85840944349236,
                        1.2189792176226422
                    ],
                    [
                        103.85831996792112,
                        1.2189431948774068
                    ]
                ]
            ]
        },
        {
            "type": "Polygon",
            "coordinates": [
                [
                    [
                        103.71134673063253,
                        1.2084964060186323
                    ],
                    [
                        103.71143221366286,
                        1.2085071709006092
                    ],
                    [
                        103.7116151594559,
                        1.2088746527482346
                    ],
                    [
                        103.71152046561714,
                        1.2088067750988771
                    ],
                    [
                        103.71134673063253,
                        1.2084964060186323
                    ]
                ]
            ]
        },
        {
            "type": "Polygon",
            "coordinates": [
                [
                    [
                        103.82453383970709,
                        1.256209072647568
                    ],
                    [
                        103.824587526023,
                        1.2561910614935685
                    ],
                    [
                        103.82462331542222,
                        1.256173049374135
                    ],
                    [
                        103.82467700191461,
                        1.2561010033077624
                    ],
                    [
                        103.82476647768277,
                        1.2560469695983005
                    ],
                    [
                        103.82476647750681,
                        1.2561010036044804
                    ],
                    [
                        103.82449804910574,
                        1.2563171414425236
                    ],
                    [
                        103.82442646868714,
                        1.2562991298625987
                    ],
                    [
                        103.8244264688701,
                        1.2562450949521866
                    ],
                    [
                        103.82453383970709,
                        1.256209072647568
                    ]
                ]
            ]
        },
        {
            "type": "Polygon",
            "coordinates": [
                [
                    [
                        103.83620150702282,
                        1.2126931386116204
                    ],
                    [
                        103.83621940274978,
                        1.212693138592478
                    ],
                    [
                        103.83621940276885,
                        1.2127111499339596
                    ],
                    [
                        103.83620150702282,
                        1.2126931386116204
                    ]
                ]
            ]
        },
        {
            "type": "Polygon",
            "coordinates": [
                [
                    [
                        103.8394763275736,
                        1.240088808341771
                    ],
                    [
                        103.83947632740751,
                        1.2400167620866351
                    ],
                    [
                        103.83958369840725,
                        1.2400347740757531
                    ],
                    [
                        103.8395658035658,
                        1.2401068203733439
                    ],
                    [
                        103.83953001354494,
                        1.2401068204579044
                    ],
                    [
                        103.8394763275736,
                        1.240088808341771
                    ]
                ]
            ]
        },
        {
            "type": "Polygon",
            "coordinates": [
                [
                    [
                        103.79707814777655,
                        1.270054488060333
                    ],
                    [
                        103.79706516678212,
                        1.2700450481169245
                    ],
                    [
                        103.79699720992275,
                        1.269966875668953
                    ],
                    [
                        103.79696141929001,
                        1.2696606834561655
                    ],
                    [
                        103.79714362172331,
                        1.2698288354875824
                    ],
                    [
                        103.79728328713064,
                        1.2697688418881254
                    ],
                    [
                        103.79722574501972,
                        1.2698966359706774
                    ],
                    [
                        103.7972590772549,
                        1.2698817614461853
                    ],
                    [
                        103.79716632708731,
                        1.270001116404147
                    ],
                    [
                        103.79707814777655,
                        1.270054488060333
                    ]
                ]
            ]
        },
        {
            "type": "Polygon",
            "coordinates": [
                [
                    [
                        104.05527093776558,
                        1.4329133723510215
                    ],
                    [
                        104.05518146141902,
                        1.432769291682629
                    ],
                    [
                        104.05525919375864,
                        1.4327788549172236
                    ],
                    [
                        104.05556330698934,
                        1.4330093494606815
                    ],
                    [
                        104.05554499321896,
                        1.4331341326128053
                    ],
                    [
                        104.05534251830977,
                        1.4331835230253895
                    ],
                    [
                        104.05528883307444,
                        1.4329313817799414
                    ],
                    [
                        104.05527093776558,
                        1.4329133723510215
                    ]
                ]
            ]
        },
        {
            "type": "Polygon",
            "coordinates": [
                [
                    [
                        103.7166197661907,
                        1.1820370328457734
                    ],
                    [
                        103.71653029026427,
                        1.181892937692265
                    ],
                    [
                        103.71660187103235,
                        1.1818569135831427
                    ],
                    [
                        103.71667345222266,
                        1.1819829975745513
                    ],
                    [
                        103.7166197661907,
                        1.1820370328457734
                    ]
                ]
            ]
        },
        {
            "type": "Polygon",
            "coordinates": [
                [
                    [
                        104.02982751857282,
                        1.4117621340953819
                    ],
                    [
                        104.02966646173125,
                        1.4118407926203387
                    ],
                    [
                        104.02978201066591,
                        1.411513791139618
                    ],
                    [
                        104.0294051287447,
                        1.4107512869267462
                    ],
                    [
                        104.02904012921984,
                        1.4103999690783502
                    ],
                    [
                        104.02909381461522,
                        1.4104179793598295
                    ],
                    [
                        104.02921908124482,
                        1.4104720096101466
                    ],
                    [
                        104.0293264523593,
                        1.410544050767713
                    ],
                    [
                        104.02944790926036,
                        1.410611703681031
                    ],
                    [
                        104.02973028296691,
                        1.4110746453176966
                    ],
                    [
                        104.02977383181582,
                        1.4112464507648328
                    ],
                    [
                        104.02979172770422,
                        1.411318492260533
                    ],
                    [
                        104.02982751818642,
                        1.411714717668745
                    ],
                    [
                        104.02982751857282,
                        1.4117621340953819
                    ]
                ]
            ]
        },
        {
            "type": "Polygon",
            "coordinates": [
                [
                    [
                        103.75928795801009,
                        1.199940816629435
                    ],
                    [
                        103.75927006417847,
                        1.1999408170463175
                    ],
                    [
                        103.75927006376436,
                        1.1999228057182574
                    ],
                    [
                        103.75928795801009,
                        1.199940816629435
                    ]
                ]
            ]
        },
        {
            "type": "Polygon",
            "coordinates": [
                [
                    [
                        103.74350439700294,
                        1.1670871024561178
                    ],
                    [
                        103.74343281601223,
                        1.1671231273266147
                    ],
                    [
                        103.74354018684303,
                        1.1670330669174531
                    ],
                    [
                        103.74350439667586,
                        1.1670690911308896
                    ],
                    [
                        103.74350439700294,
                        1.1670871024561178
                    ]
                ]
            ]
        },
        {
            "type": "Polygon",
            "coordinates": [
                [
                    [
                        103.83736469450545,
                        1.253489347412112
                    ],
                    [
                        103.83740048470717,
                        1.2534893482607838
                    ],
                    [
                        103.83747368879052,
                        1.2535137280204889
                    ],
                    [
                        103.83761522710847,
                        1.2536694621795712
                    ],
                    [
                        103.83731100925725,
                        1.253525370166547
                    ],
                    [
                        103.83736469450545,
                        1.253489347412112
                    ]
                ]
            ]
        },
        {
            "type": "Polygon",
            "coordinates": [
                [
                    [
                        104.08410364378696,
                        1.4080046017378969
                    ],
                    [
                        104.08410364365957,
                        1.4079865915024299
                    ],
                    [
                        104.08412153982908,
                        1.40800460160951
                    ],
                    [
                        104.08410364378696,
                        1.4080046017378969
                    ]
                ]
            ]
        },
        {
            "type": "Polygon",
            "coordinates": [
                [
                    [
                        103.84441540139618,
                        1.2204381619970528
                    ],
                    [
                        103.84450487736603,
                        1.2203841276042002
                    ],
                    [
                        103.84446908693216,
                        1.2204381626782732
                    ],
                    [
                        103.84441540139618,
                        1.2204381619970528
                    ]
                ]
            ]
        },
        {
            "type": "Polygon",
            "coordinates": [
                [
                    [
                        104.02141322863612,
                        1.4353987624909421
                    ],
                    [
                        104.02141322913077,
                        1.435470802814857
                    ],
                    [
                        104.02132375213922,
                        1.4353627429491194
                    ],
                    [
                        104.02134164756895,
                        1.4353627432775329
                    ],
                    [
                        104.02141322863612,
                        1.4353987624909421
                    ]
                ]
            ]
        },
        {
            "type": "Polygon",
            "coordinates": [
                [
                    [
                        103.85853471009736,
                        1.2189612060112605
                    ],
                    [
                        103.85858839610329,
                        1.2190152413305322
                    ],
                    [
                        103.85849891940039,
                        1.2190512648513354
                    ],
                    [
                        103.8585168153967,
                        1.2189792175186462
                    ],
                    [
                        103.85853471009736,
                        1.2189612060112605
                    ]
                ]
            ]
        },
        {
            "type": "Polygon",
            "coordinates": [
                [
                    [
                        103.84484488543377,
                        1.2201679882713472
                    ],
                    [
                        103.84473751422094,
                        1.2201319642425448
                    ],
                    [
                        103.84480909611968,
                        1.2200599185756742
                    ],
                    [
                        103.84486278105629,
                        1.2201319646095987
                    ],
                    [
                        103.84486278113296,
                        1.220149975949723
                    ],
                    [
                        103.84484488543377,
                        1.2201679882713472
                    ]
                ]
            ]
        },
        {
            "type": "Polygon",
            "coordinates": [
                [
                    [
                        103.86290258143461,
                        1.4315454549685167
                    ],
                    [
                        103.86288468619442,
                        1.431635505406143
                    ],
                    [
                        103.86286679072244,
                        1.4317075454407666
                    ],
                    [
                        103.86279521076632,
                        1.4317255558659037
                    ],
                    [
                        103.86274152450794,
                        1.43174356605793
                    ],
                    [
                        103.86272362901185,
                        1.4317435662888354
                    ],
                    [
                        103.86268783978146,
                        1.4315994853360223
                    ],
                    [
                        103.86268783955241,
                        1.4315814758375156
                    ],
                    [
                        103.8628488953664,
                        1.431437395056046
                    ],
                    [
                        103.86290258143461,
                        1.4315454549685167
                    ]
                ]
            ]
        },
        {
            "type": "Polygon",
            "coordinates": [
                [
                    [
                        103.75440257041802,
                        1.2246348758929446
                    ],
                    [
                        103.75440257020162,
                        1.2245808401160974
                    ],
                    [
                        103.75445625592413,
                        1.224544818156576
                    ],
                    [
                        103.75440257041802,
                        1.2246348758929446
                    ]
                ]
            ]
        },
        {
            "type": "Polygon",
            "coordinates": [
                [
                    [
                        103.74153592539808,
                        1.1655560822561952
                    ],
                    [
                        103.74144644929507,
                        1.165556082032778
                    ],
                    [
                        103.74150013472521,
                        1.1653579501828635
                    ],
                    [
                        103.74155382016762,
                        1.1655200574812101
                    ],
                    [
                        103.74153592539808,
                        1.1655560822561952
                    ]
                ]
            ]
        },
        {
            "type": "Polygon",
            "coordinates": [
                [
                    [
                        103.85594469882776,
                        1.2246030088358346
                    ],
                    [
                        103.85595119316214,
                        1.2245837539399753
                    ],
                    [
                        103.85602938272046,
                        1.2246348761385564
                    ],
                    [
                        103.85604727792958,
                        1.2246708995673101
                    ],
                    [
                        103.8559756980112,
                        1.2247429455306493
                    ],
                    [
                        103.85594469882776,
                        1.2246030088358346
                    ]
                ]
            ]
        },
        {
            "type": "Polygon",
            "coordinates": [
                [
                    [
                        103.74640341831685,
                        1.2034351027856136
                    ],
                    [
                        103.74640341888706,
                        1.2034170914637445
                    ],
                    [
                        103.74642131249391,
                        1.2034531146813452
                    ],
                    [
                        103.74640341831685,
                        1.2034351027856136
                    ]
                ]
            ]
        },
        {
            "type": "Polygon",
            "coordinates": [
                [
                    [
                        104.07966563574738,
                        1.420125493194002
                    ],
                    [
                        104.07938888891572,
                        1.4202951690967438
                    ],
                    [
                        104.07934628399981,
                        1.4201885944586568
                    ],
                    [
                        104.07952051694473,
                        1.420076875225453
                    ],
                    [
                        104.07966563574738,
                        1.420125493194002
                    ]
                ]
            ]
        },
        {
            "type": "Polygon",
            "coordinates": [
                [
                    [
                        103.8524145535549,
                        1.222383421089366
                    ],
                    [
                        103.85241455350109,
                        1.2223758000030278
                    ],
                    [
                        103.85241988626127,
                        1.2223834210512277
                    ],
                    [
                        103.8524145535549,
                        1.222383421089366
                    ]
                ]
            ]
        },
        {
            "type": "Polygon",
            "coordinates": [
                [
                    [
                        103.85242089529737,
                        1.2223834210440103
                    ],
                    [
                        103.85241455349092,
                        1.2223743593491194
                    ],
                    [
                        103.85241455432626,
                        1.2223654088457938
                    ],
                    [
                        103.85243244934478,
                        1.2223834209613376
                    ],
                    [
                        103.85242089529737,
                        1.2223834210440103
                    ]
                ]
            ]
        },
        {
            "type": "Polygon",
            "coordinates": [
                [
                    [
                        103.84627650180838,
                        1.2186910310321297
                    ],
                    [
                        103.84633018679139,
                        1.218582961826219
                    ],
                    [
                        103.84633018705037,
                        1.2186369958469265
                    ],
                    [
                        103.84631229162957,
                        1.2187090431033998
                    ],
                    [
                        103.84627650180838,
                        1.2186910310321297
                    ]
                ]
            ]
        },
        {
            "type": "Polygon",
            "coordinates": [
                [
                    [
                        103.76513968762576,
                        1.1907727980194223
                    ],
                    [
                        103.76519337344203,
                        1.1907727975466975
                    ],
                    [
                        103.7651396871964,
                        1.190826832918457
                    ],
                    [
                        103.76513968762576,
                        1.1907727980194223
                    ]
                ]
            ]
        },
        {
            "type": "Polygon",
            "coordinates": [
                [
                    [
                        103.85155558357913,
                        1.2161153615015252
                    ],
                    [
                        103.8515913744198,
                        1.2161513839383464
                    ],
                    [
                        103.85151979424064,
                        1.216169395764796
                    ],
                    [
                        103.85153768962756,
                        1.2161153616230347
                    ],
                    [
                        103.85153768950688,
                        1.216097349378537
                    ],
                    [
                        103.85155558357913,
                        1.2161153615015252
                    ]
                ]
            ]
        },
        {
            "type": "Polygon",
            "coordinates": [
                [
                    [
                        104.02236167325695,
                        1.4345162692362865
                    ],
                    [
                        104.02234377847353,
                        1.4344802492068063
                    ],
                    [
                        104.02234377821361,
                        1.4344442285943084
                    ],
                    [
                        104.02234377827325,
                        1.4343901985798435
                    ],
                    [
                        104.02246069090782,
                        1.4343984348042804
                    ],
                    [
                        104.02274016461891,
                        1.4346124226340096
                    ],
                    [
                        104.02275536847944,
                        1.4346963702832871
                    ],
                    [
                        104.02268378705271,
                        1.4347323896222537
                    ],
                    [
                        104.02255852093931,
                        1.4346783600890447
                    ],
                    [
                        104.02245114909341,
                        1.4345883102564134
                    ],
                    [
                        104.02236167325695,
                        1.4345162692362865
                    ]
                ]
            ]
        },
        {
            "type": "Polygon",
            "coordinates": [
                [
                    [
                        103.75474257886408,
                        1.211666470602529
                    ],
                    [
                        103.75422178297153,
                        1.2112985327179104
                    ],
                    [
                        103.75395519068857,
                        1.2111621430815298
                    ],
                    [
                        103.7540361030673,
                        1.2111205257042643
                    ],
                    [
                        103.75465242123524,
                        1.2115050506518696
                    ],
                    [
                        103.75474257886408,
                        1.211666470602529
                    ]
                ]
            ]
        },
        {
            "type": "Polygon",
            "coordinates": [
                [
                    [
                        103.83163823261278,
                        1.21654764169208
                    ],
                    [
                        103.83169191807275,
                        1.2165476417254832
                    ],
                    [
                        103.8317634983761,
                        1.2165656540136778
                    ],
                    [
                        103.83176349834487,
                        1.216619688036576
                    ],
                    [
                        103.83163823261278,
                        1.21654764169208
                    ]
                ]
            ]
        },
        {
            "type": "Polygon",
            "coordinates": [
                [
                    [
                        103.83686362972672,
                        1.2310289959924738
                    ],
                    [
                        103.8368636297504,
                        1.23104700823584
                    ],
                    [
                        103.836845733902,
                        1.2310470082596234
                    ],
                    [
                        103.83686362972672,
                        1.2310289959924738
                    ]
                ]
            ]
        },
        {
            "type": "Polygon",
            "coordinates": [
                [
                    [
                        103.80662074925213,
                        1.470283319836091
                    ],
                    [
                        103.80679970190252,
                        1.4703553590499923
                    ],
                    [
                        103.80687128224488,
                        1.4704454073686395
                    ],
                    [
                        103.8065670643353,
                        1.470301329586208
                    ],
                    [
                        103.80662074925213,
                        1.470283319836091
                    ]
                ]
            ]
        },
        {
            "type": "Polygon",
            "coordinates": [
                [
                    [
                        103.73200963497492,
                        1.1846487591095
                    ],
                    [
                        103.73206068109062,
                        1.1847650450373703
                    ],
                    [
                        103.731518277057,
                        1.1848424051420352
                    ],
                    [
                        103.73143808887592,
                        1.1846766041900372
                    ],
                    [
                        103.73145488347369,
                        1.1844866521638266
                    ],
                    [
                        103.7316696254791,
                        1.1845767121617814
                    ],
                    [
                        103.73168752009673,
                        1.1845767119180524
                    ],
                    [
                        103.73200963497492,
                        1.1846487591095
                    ]
                ]
            ]
        },
        {
            "type": "Polygon",
            "coordinates": [
                [
                    [
                        103.83933316638326,
                        1.2303805797309608
                    ],
                    [
                        103.83931527135763,
                        1.2303445561889939
                    ],
                    [
                        103.83931527127741,
                        1.2303085335109418
                    ],
                    [
                        103.83933316622232,
                        1.2303085334705055
                    ],
                    [
                        103.83933316638326,
                        1.2303805797309608
                    ]
                ]
            ]
        },
        {
            "type": "Polygon",
            "coordinates": [
                [
                    [
                        104.0284316928017,
                        1.4090672091729437
                    ],
                    [
                        104.02855695845143,
                        1.4091752703830112
                    ],
                    [
                        104.02857485457646,
                        1.4092293006888983
                    ],
                    [
                        104.028574854279,
                        1.4092473109925416
                    ],
                    [
                        104.02864643488195,
                        1.40937338340914
                    ],
                    [
                        104.02870012087288,
                        1.4095174658276521
                    ],
                    [
                        104.02870012058678,
                        1.4095895061369892
                    ],
                    [
                        104.02868222506717,
                        1.4096075170467302
                    ],
                    [
                        104.02870012062907,
                        1.4098056297777775
                    ],
                    [
                        104.0287895961769,
                        1.4098956809727243
                    ],
                    [
                        104.02893275806646,
                        1.4101658351776756
                    ],
                    [
                        104.02887907208958,
                        1.410183845497759
                    ],
                    [
                        104.02877065294999,
                        1.4100003530475265
                    ],
                    [
                        104.02856578527206,
                        1.4098019142538727
                    ],
                    [
                        104.02848967689397,
                        1.4094621675779277
                    ],
                    [
                        104.02825696709097,
                        1.4092133366078305
                    ],
                    [
                        104.02811185104686,
                        1.408922884172444
                    ],
                    [
                        104.02792674730425,
                        1.408946061268643
                    ],
                    [
                        104.0278181694754,
                        1.4083967249038367
                    ],
                    [
                        104.02773712289388,
                        1.4081679940558447
                    ],
                    [
                        104.02793946980532,
                        1.4080952331618315
                    ],
                    [
                        104.02797211397548,
                        1.4083945803989342
                    ],
                    [
                        104.02805589324714,
                        1.4085809309450172
                    ],
                    [
                        104.02815777728233,
                        1.4087800467949387
                    ],
                    [
                        104.0284316928017,
                        1.4090672091729437
                    ]
                ]
            ]
        },
        {
            "type": "Polygon",
            "coordinates": [
                [
                    [
                        104.0830657231536,
                        1.4076624063011403
                    ],
                    [
                        104.08352582535083,
                        1.4077449125579538
                    ],
                    [
                        104.08363836847262,
                        1.4076443957801328
                    ],
                    [
                        104.08369164752514,
                        1.4079456443454346
                    ],
                    [
                        104.08301662071939,
                        1.4077915137460684
                    ],
                    [
                        104.08292256123303,
                        1.4076804165874537
                    ],
                    [
                        104.0830657231536,
                        1.4076624063011403
                    ]
                ]
            ]
        },
        {
            "type": "Polygon",
            "coordinates": [
                [
                    [
                        103.74996456178884,
                        1.2275887817340028
                    ],
                    [
                        103.75017846532926,
                        1.2274637383604678
                    ],
                    [
                        103.75033025965062,
                        1.227308440232715
                    ],
                    [
                        103.7506653924493,
                        1.2271473734367901
                    ],
                    [
                        103.7511098549575,
                        1.2269943977100393
                    ],
                    [
                        103.75083314323487,
                        1.227148164541316
                    ],
                    [
                        103.75070099112762,
                        1.227168428146135
                    ],
                    [
                        103.75049311631047,
                        1.227364410093589
                    ],
                    [
                        103.75024737207173,
                        1.2274278725211862
                    ],
                    [
                        103.74996456178884,
                        1.2275887817340028
                    ]
                ]
            ]
        },
        {
            "type": "Polygon",
            "coordinates": [
                [
                    [
                        103.7243744333152,
                        1.2130713845839645
                    ],
                    [
                        103.72448803452856,
                        1.212973129157384
                    ],
                    [
                        103.72466075619928,
                        1.212963314752426
                    ],
                    [
                        103.7243744333152,
                        1.2130713845839645
                    ]
                ]
            ]
        },
        {
            "type": "Polygon",
            "coordinates": [
                [
                    [
                        103.82424751705388,
                        1.2564252094942236
                    ],
                    [
                        103.82424751699166,
                        1.2564432199251727
                    ],
                    [
                        103.82409490075668,
                        1.2564544072872008
                    ],
                    [
                        103.82409760578827,
                        1.2563243514562703
                    ],
                    [
                        103.82430783759288,
                        1.2562991294529324
                    ],
                    [
                        103.82435488808508,
                        1.2563351513823815
                    ],
                    [
                        103.82426541127597,
                        1.2564252095567867
                    ],
                    [
                        103.82424751705388,
                        1.2564252094942236
                    ]
                ]
            ]
        },
        {
            "type": "Polygon",
            "coordinates": [
                [
                    [
                        103.80147896567786,
                        1.4683288015575553
                    ],
                    [
                        103.80144070683382,
                        1.468497826523039
                    ],
                    [
                        103.80119850541983,
                        1.4683382616814389
                    ],
                    [
                        103.80118061079274,
                        1.4683202519303744
                    ],
                    [
                        103.80134166641808,
                        1.468266223065569
                    ],
                    [
                        103.80147896567786,
                        1.4683288015575553
                    ]
                ]
            ]
        },
        {
            "type": "Polygon",
            "coordinates": [
                [
                    [
                        103.80066164956801,
                        1.2660252722609207
                    ],
                    [
                        103.80059006882874,
                        1.2660973184859738
                    ],
                    [
                        103.8005005926901,
                        1.2660432842579137
                    ],
                    [
                        103.80066164956801,
                        1.2660252722609207
                    ]
                ]
            ]
        },
        {
            "type": "Polygon",
            "coordinates": [
                [
                    [
                        103.72952824918413,
                        1.4485994270182907
                    ],
                    [
                        103.72952824836449,
                        1.448617437391082
                    ],
                    [
                        103.72950046753773,
                        1.4486314175496462
                    ],
                    [
                        103.72950672316463,
                        1.4485814183662113
                    ],
                    [
                        103.72952824918413,
                        1.4485994270182907
                    ]
                ]
            ]
        },
        {
            "type": "Polygon",
            "coordinates": [
                [
                    [
                        103.83188876489592,
                        1.216853840061149
                    ],
                    [
                        103.83190665975175,
                        1.216853840070733
                    ],
                    [
                        103.83194245036195,
                        1.216853840089543
                    ],
                    [
                        103.83196034609809,
                        1.2168898636849987
                    ],
                    [
                        103.83196034606166,
                        1.2169619099530495
                    ],
                    [
                        103.83188876489592,
                        1.216853840061149
                    ]
                ]
            ]
        },
        {
            "type": "Polygon",
            "coordinates": [
                [
                    [
                        103.85536726095216,
                        1.2284353265317876
                    ],
                    [
                        103.85536726018282,
                        1.2284510950440437
                    ],
                    [
                        103.85531495992832,
                        1.2284412505575655
                    ],
                    [
                        103.85531357526006,
                        1.228435326976737
                    ],
                    [
                        103.85536726095216,
                        1.2284353265317876
                    ]
                ]
            ]
        },
        {
            "type": "Polygon",
            "coordinates": [
                [
                    [
                        103.85536726018708,
                        1.2284516168627913
                    ],
                    [
                        103.85537640803689,
                        1.228453338698262
                    ],
                    [
                        103.85540305101011,
                        1.2284591616846936
                    ],
                    [
                        103.8554030511101,
                        1.2284713498149868
                    ],
                    [
                        103.85531508752265,
                        1.2284417949843833
                    ],
                    [
                        103.85536726018708,
                        1.2284516168627913
                    ]
                ]
            ]
        },
        {
            "type": "Polygon",
            "coordinates": [
                [
                    [
                        103.65041359179895,
                        1.3729923393230055
                    ],
                    [
                        103.6504672766807,
                        1.3729923389337884
                    ],
                    [
                        103.65055675371033,
                        1.3730103498105528
                    ],
                    [
                        103.65076618676699,
                        1.3730634843813418
                    ],
                    [
                        103.65077149618294,
                        1.373208465397219
                    ],
                    [
                        103.65056669303542,
                        1.3731486913730209
                    ],
                    [
                        103.6502793815774,
                        1.373184817409937
                    ],
                    [
                        103.64997350376754,
                        1.3730579004108399
                    ],
                    [
                        103.65041359179895,
                        1.3729923393230055
                    ]
                ]
            ]
        },
        {
            "type": "Polygon",
            "coordinates": [
                [
                    [
                        103.75841109356585,
                        1.2139359462063908
                    ],
                    [
                        103.75835740841856,
                        1.2140260040510766
                    ],
                    [
                        103.7582251699334,
                        1.2138798704093396
                    ],
                    [
                        103.75821216712102,
                        1.2136665973549048
                    ],
                    [
                        103.75831043427722,
                        1.2135943395576716
                    ],
                    [
                        103.75839319803251,
                        1.2138638994996354
                    ],
                    [
                        103.75841109356585,
                        1.2139359462063908
                    ]
                ]
            ]
        },
        {
            "type": "Polygon",
            "coordinates": [
                [
                    [
                        104.02789483701164,
                        1.406095510685362
                    ],
                    [
                        104.02787694179429,
                        1.4061495421961807
                    ],
                    [
                        104.02785904619185,
                        1.406437705861032
                    ],
                    [
                        104.02776177224477,
                        1.4067516196590093
                    ],
                    [
                        104.0276085130045,
                        1.4066178091095423
                    ],
                    [
                        104.02761145012126,
                        1.4063746701972837
                    ],
                    [
                        104.02772318928083,
                        1.4063199706431835
                    ],
                    [
                        104.02769798995855,
                        1.4058253554264915
                    ],
                    [
                        104.0279843128013,
                        1.4057893352340456
                    ],
                    [
                        104.02800220828404,
                        1.4058253552467195
                    ],
                    [
                        104.02792363637421,
                        1.4058556777515792
                    ],
                    [
                        104.02791273251509,
                        1.4060774997840826
                    ],
                    [
                        104.02789483701164,
                        1.406095510685362
                    ]
                ]
            ]
        },
        {
            "type": "Polygon",
            "coordinates": [
                [
                    [
                        103.83335617110566,
                        1.237711286347603
                    ],
                    [
                        103.83321442453051,
                        1.2376425998050402
                    ],
                    [
                        103.83285510587916,
                        1.237657251385584
                    ],
                    [
                        103.83295772266652,
                        1.237571467837309
                    ],
                    [
                        103.83322129284689,
                        1.237576868730916
                    ],
                    [
                        103.83351722785416,
                        1.237729297679414
                    ],
                    [
                        103.83348143696745,
                        1.2377473099241407
                    ],
                    [
                        103.83335617110566,
                        1.237711286347603
                    ]
                ]
            ]
        },
        {
            "type": "Polygon",
            "coordinates": [
                [
                    [
                        103.84436171608027,
                        1.2204921980481969
                    ],
                    [
                        103.84430803000973,
                        1.2205822558741202
                    ],
                    [
                        103.8442722402495,
                        1.2205822560208601
                    ],
                    [
                        103.84441540139618,
                        1.2204381619970528
                    ],
                    [
                        103.84436171608027,
                        1.2204921980481969
                    ]
                ]
            ]
        },
        {
            "type": "Polygon",
            "coordinates": [
                [
                    [
                        103.73073907580402,
                        1.1826674500857657
                    ],
                    [
                        103.7307569704089,
                        1.18266744984701
                    ],
                    [
                        103.73075697064614,
                        1.1826854620677962
                    ],
                    [
                        103.73073907580402,
                        1.1826674500857657
                    ]
                ]
            ]
        },
        {
            "type": "Polygon",
            "coordinates": [
                [
                    [
                        103.66970460814697,
                        1.410543945351768
                    ],
                    [
                        103.66975306190736,
                        1.4106022990083407
                    ],
                    [
                        103.66972114431304,
                        1.410640297064462
                    ],
                    [
                        103.6696163234212,
                        1.4104401700941476
                    ],
                    [
                        103.6696509229021,
                        1.4104719038316196
                    ],
                    [
                        103.66966848353118,
                        1.4104899145046659
                    ],
                    [
                        103.66966931554822,
                        1.4104909156903576
                    ],
                    [
                        103.66968671324467,
                        1.4105259346552714
                    ],
                    [
                        103.66970460814697,
                        1.410543945351768
                    ]
                ]
            ]
        },
        {
            "type": "Polygon",
            "coordinates": [
                [
                    [
                        103.83575412773615,
                        1.2332083972761498
                    ],
                    [
                        103.83578991689839,
                        1.2333524906658853
                    ],
                    [
                        103.83577202286442,
                        1.2333885124554733
                    ],
                    [
                        103.83575412773615,
                        1.2332083972761498
                    ]
                ]
            ]
        },
        {
            "type": "Polygon",
            "coordinates": [
                [
                    [
                        103.72268623758538,
                        1.191511283067932
                    ],
                    [
                        103.72275781837122,
                        1.191547306772591
                    ],
                    [
                        103.72275781765302,
                        1.1915653189874904
                    ],
                    [
                        103.72250728572277,
                        1.1915537972084758
                    ],
                    [
                        103.72231043793242,
                        1.1914932710122739
                    ],
                    [
                        103.72256097121343,
                        1.191493271213317
                    ],
                    [
                        103.72268623758538,
                        1.191511283067932
                    ]
                ]
            ]
        },
        {
            "type": "Polygon",
            "coordinates": [
                [
                    [
                        103.8377404936867,
                        1.2319655987722486
                    ],
                    [
                        103.83775838951149,
                        1.2319475874035584
                    ],
                    [
                        103.83777628446738,
                        1.2319475873735908
                    ],
                    [
                        103.83774049386427,
                        1.2320736686140252
                    ],
                    [
                        103.8377404936867,
                        1.2319655987722486
                    ]
                ]
            ]
        },
        {
            "type": "Polygon",
            "coordinates": [
                [
                    [
                        103.72367047340705,
                        1.1910789987521255
                    ],
                    [
                        103.72384942546557,
                        1.1913491773900575
                    ],
                    [
                        103.723710222266,
                        1.1913561073866266
                    ],
                    [
                        103.72367277965998,
                        1.1912207723535135
                    ],
                    [
                        103.72345573107526,
                        1.1910609869726327
                    ],
                    [
                        103.72356310169845,
                        1.1910609867566888
                    ],
                    [
                        103.72367047340705,
                        1.1910789987521255
                    ]
                ]
            ]
        },
        {
            "type": "Polygon",
            "coordinates": [
                [
                    [
                        103.84013845076277,
                        1.2406831880886509
                    ],
                    [
                        103.84012055471227,
                        1.2406291541221448
                    ],
                    [
                        103.84010265956103,
                        1.2405751192511247
                    ],
                    [
                        103.84013845048666,
                        1.240575119158735
                    ],
                    [
                        103.84015634469397,
                        1.240611142691923
                    ],
                    [
                        103.84024582174698,
                        1.2406831887129033
                    ],
                    [
                        103.84035319296855,
                        1.2407732469249908
                    ],
                    [
                        103.84037108713248,
                        1.2407912573103574
                    ],
                    [
                        103.8403710874657,
                        1.2409173384819452
                    ],
                    [
                        103.84019213513902,
                        1.240773246445762
                    ],
                    [
                        103.84013845076277,
                        1.2406831880886509
                    ]
                ]
            ]
        },
        {
            "type": "Polygon",
            "coordinates": [
                [
                    [
                        103.70706977929231,
                        1.2052182678957568
                    ],
                    [
                        103.70706977936138,
                        1.2052362791942528
                    ],
                    [
                        103.70714724067017,
                        1.205533069504286
                    ],
                    [
                        103.70729911333252,
                        1.2056675951911178
                    ],
                    [
                        103.70732031248363,
                        1.2058306682478344
                    ],
                    [
                        103.70716769674598,
                        1.2056960900735523
                    ],
                    [
                        103.70684981115993,
                        1.2052415395517986
                    ],
                    [
                        103.70677400192541,
                        1.205029654552754
                    ],
                    [
                        103.70677394985316,
                        1.204308216859737
                    ],
                    [
                        103.7069594459181,
                        1.2040648640827367
                    ],
                    [
                        103.70754307498014,
                        1.203888686914245
                    ],
                    [
                        103.70778558772862,
                        1.203939432942934
                    ],
                    [
                        103.7074992635336,
                        1.2040475037318215
                    ],
                    [
                        103.70737399802624,
                        1.204119550340701
                    ],
                    [
                        103.70707749489637,
                        1.204181641875401
                    ],
                    [
                        103.70708767484616,
                        1.2044977977965596
                    ],
                    [
                        103.7069397858857,
                        1.2046051822253176
                    ],
                    [
                        103.70692661817635,
                        1.2048400212329562
                    ],
                    [
                        103.70694451276353,
                        1.2050381508731876
                    ],
                    [
                        103.70701609398026,
                        1.2051642333039276
                    ],
                    [
                        103.70706977929231,
                        1.2052182678957568
                    ]
                ]
            ]
        },
        {
            "type": "Polygon",
            "coordinates": [
                [
                    [
                        103.7259252677242,
                        1.1815867345004079
                    ],
                    [
                        103.72622948635335,
                        1.1816407703143121
                    ],
                    [
                        103.72595358752417,
                        1.1817773375536995
                    ],
                    [
                        103.72564638059119,
                        1.1816733825074675
                    ],
                    [
                        103.72547349251639,
                        1.1816922733473934
                    ],
                    [
                        103.72535262169836,
                        1.1814966754887681
                    ],
                    [
                        103.72555489488226,
                        1.1815589777944553
                    ],
                    [
                        103.72575411024599,
                        1.181533648902927
                    ],
                    [
                        103.7259252677242,
                        1.1815867345004079
                    ]
                ]
            ]
        },
        {
            "type": "Polygon",
            "coordinates": [
                [
                    [
                        104.03644519211248,
                        1.440405556742719
                    ],
                    [
                        104.0364988781372,
                        1.4406757071816056
                    ],
                    [
                        104.03630202987951,
                        1.4404415765924659
                    ],
                    [
                        104.03640940120684,
                        1.4404055563348372
                    ],
                    [
                        104.03644519211248,
                        1.440405556742719
                    ]
                ]
            ]
        },
        {
            "type": "Polygon",
            "coordinates": [
                [
                    [
                        103.74126749721121,
                        1.1722565454623524
                    ],
                    [
                        103.74128539175534,
                        1.172256545150027
                    ],
                    [
                        103.74126749752142,
                        1.172274557690136
                    ],
                    [
                        103.74126749721121,
                        1.1722565454623524
                    ]
                ]
            ]
        },
        {
            "type": "Polygon",
            "coordinates": [
                [
                    [
                        103.83625519242598,
                        1.212711149895319
                    ],
                    [
                        103.8362372966989,
                        1.2127111499146999
                    ],
                    [
                        103.8362372966797,
                        1.2126931385732183
                    ],
                    [
                        103.83625519242598,
                        1.212711149895319
                    ]
                ]
            ]
        },
        {
            "type": "Polygon",
            "coordinates": [
                [
                    [
                        103.85143031800814,
                        1.213305537188851
                    ],
                    [
                        103.85144821283971,
                        1.2133055370683308
                    ],
                    [
                        103.85143031812781,
                        1.2133235476249886
                    ],
                    [
                        103.85143031800814,
                        1.213305537188851
                    ]
                ]
            ]
        },
        {
            "type": "Polygon",
            "coordinates": [
                [
                    [
                        103.71161515932774,
                        1.2034170909345456
                    ],
                    [
                        103.71161515922762,
                        1.2033990796326968
                    ],
                    [
                        103.71163305405491,
                        1.2034170908337252
                    ],
                    [
                        103.71161515932774,
                        1.2034170909345456
                    ]
                ]
            ]
        },
        {
            "type": "Polygon",
            "coordinates": [
                [
                    [
                        103.75288147894774,
                        1.2108379318088582
                    ],
                    [
                        103.75319464393542,
                        1.210755595135204
                    ],
                    [
                        103.7532751726044,
                        1.2108379317810276
                    ],
                    [
                        103.75289937411397,
                        1.21085594276276
                    ],
                    [
                        103.75288147894774,
                        1.2108379318088582
                    ]
                ]
            ]
        },
        {
            "type": "Polygon",
            "coordinates": [
                [
                    [
                        103.76669656552679,
                        1.1898000507587634
                    ],
                    [
                        103.76675025071005,
                        1.1897882636660786
                    ],
                    [
                        103.76680394071668,
                        1.1898001564642586
                    ],
                    [
                        103.7667144643552,
                        1.1899262399478285
                    ],
                    [
                        103.76669656878852,
                        1.1899262395128507
                    ],
                    [
                        103.76641024656722,
                        1.1900523227148427
                    ],
                    [
                        103.76639235090956,
                        1.1899442515719434
                    ],
                    [
                        103.76639979260703,
                        1.1899334084180289
                    ],
                    [
                        103.76652466842312,
                        1.1898796144114536
                    ],
                    [
                        103.76652526234336,
                        1.189879321411696
                    ],
                    [
                        103.76653551260543,
                        1.1898754618318998
                    ],
                    [
                        103.76667867374756,
                        1.1898294629849413
                    ],
                    [
                        103.76669656552679,
                        1.1898000507587634
                    ]
                ]
            ]
        },
        {
            "type": "Polygon",
            "coordinates": [
                [
                    [
                        103.72941483120856,
                        1.1823972705639332
                    ],
                    [
                        103.72946851639014,
                        1.1825053422887908
                    ],
                    [
                        103.72959378278755,
                        1.1829736520646903
                    ],
                    [
                        103.72948226110613,
                        1.1828356428073183
                    ],
                    [
                        103.72946938165956,
                        1.1826742748248138
                    ],
                    [
                        103.72934874643846,
                        1.182440541896433
                    ],
                    [
                        103.72939693546286,
                        1.1823072115025604
                    ],
                    [
                        103.72941483120856,
                        1.1823972705639332
                    ]
                ]
            ]
        },
        {
            "type": "Polygon",
            "coordinates": [
                [
                    [
                        103.71256360376613,
                        1.2032009497992664
                    ],
                    [
                        103.71254570903973,
                        1.2032009499063907
                    ],
                    [
                        103.71256360445166,
                        1.2031649271942797
                    ],
                    [
                        103.71256360376613,
                        1.2032009497992664
                    ]
                ]
            ]
        },
        {
            "type": "Polygon",
            "coordinates": [
                [
                    [
                        103.71274255631401,
                        1.2031829392280116
                    ],
                    [
                        103.7127425566369,
                        1.2032369740402775
                    ],
                    [
                        103.71268887076695,
                        1.203254985667243
                    ],
                    [
                        103.71268887033789,
                        1.2031829386481339
                    ],
                    [
                        103.71274255631401,
                        1.2031829392280116
                    ]
                ]
            ]
        },
        {
            "type": "Polygon",
            "coordinates": [
                [
                    [
                        103.83797313111671,
                        1.231623378414574
                    ],
                    [
                        103.83777628437787,
                        1.231893552452673
                    ],
                    [
                        103.83777628431821,
                        1.2318575297749526
                    ],
                    [
                        103.83777628428837,
                        1.2318395175317332
                    ],
                    [
                        103.83781207401825,
                        1.2317314485338637
                    ],
                    [
                        103.83797313111671,
                        1.231623378414574
                    ]
                ]
            ]
        },
        {
            "type": "Polygon",
            "coordinates": [
                [
                    [
                        103.75907321622212,
                        1.1997606993003482
                    ],
                    [
                        103.75910900686735,
                        1.1996166042273686
                    ],
                    [
                        103.75921637785993,
                        1.19965262800368
                    ],
                    [
                        103.75914479741986,
                        1.1997426872135035
                    ],
                    [
                        103.75907321622212,
                        1.1997606993003482
                    ]
                ]
            ]
        },
        {
            "type": "Polygon",
            "coordinates": [
                [
                    [
                        103.85656623946343,
                        1.2235541776358532
                    ],
                    [
                        103.85656623930849,
                        1.223536166297311
                    ],
                    [
                        103.85658413330847,
                        1.2235361661413078
                    ],
                    [
                        103.85656623946343,
                        1.2235541776358532
                    ]
                ]
            ]
        },
        {
            "type": "Polygon",
            "coordinates": [
                [
                    [
                        104.05240770546017,
                        1.43240908982806
                    ],
                    [
                        104.05209897898935,
                        1.4324509577808293
                    ],
                    [
                        104.05195081913746,
                        1.4323485291398568
                    ],
                    [
                        104.05249718275086,
                        1.4323190388994083
                    ],
                    [
                        104.05240770546017,
                        1.43240908982806
                    ]
                ]
            ]
        },
        {
            "type": "Polygon",
            "coordinates": [
                [
                    [
                        103.7136194205926,
                        1.202930773723551
                    ],
                    [
                        103.71314188607168,
                        1.2030703293437255
                    ],
                    [
                        103.7131720411001,
                        1.2031289026850658
                    ],
                    [
                        103.71310045982933,
                        1.2031829388463018
                    ],
                    [
                        103.71308256510271,
                        1.2031829389569646
                    ],
                    [
                        103.71304677453172,
                        1.203146914763481
                    ],
                    [
                        103.71306466971737,
                        1.2030748685372668
                    ],
                    [
                        103.71331279121351,
                        1.202936754289715
                    ],
                    [
                        103.7136194205926,
                        1.202930773723551
                    ]
                ]
            ]
        },
        {
            "type": "Polygon",
            "coordinates": [
                [
                    [
                        103.70943194460041,
                        1.2036692560288689
                    ],
                    [
                        103.70943194485713,
                        1.2037232917385998
                    ],
                    [
                        103.7092172028187,
                        1.2037413040637122
                    ],
                    [
                        103.70943194460041,
                        1.2036692560288689
                    ]
                ]
            ]
        },
        {
            "type": "Polygon",
            "coordinates": [
                [
                    [
                        103.7481213569915,
                        1.223085875235056
                    ],
                    [
                        103.74852538802482,
                        1.22268508107151
                    ],
                    [
                        103.74867651861359,
                        1.2227442349175368
                    ],
                    [
                        103.74889084976942,
                        1.222725642553402
                    ],
                    [
                        103.74880137403903,
                        1.2227976886188063
                    ],
                    [
                        103.74869400309363,
                        1.2228517236970413
                    ],
                    [
                        103.74867610731928,
                        1.2228517240334915
                    ],
                    [
                        103.74862242212724,
                        1.2228697354581688
                    ],
                    [
                        103.74844347010713,
                        1.2228877474197326
                    ],
                    [
                        103.74844347043981,
                        1.2229057587399796
                    ],
                    [
                        103.74830030869381,
                        1.2230498519760309
                    ],
                    [
                        103.74830030935708,
                        1.223085875520724
                    ],
                    [
                        103.74822872814624,
                        1.223139909910836
                    ],
                    [
                        103.74819293839123,
                        1.2231399096728162
                    ],
                    [
                        103.74815714740708,
                        1.2231218981141723
                    ],
                    [
                        103.7481213569915,
                        1.223085875235056
                    ]
                ]
            ]
        },
        {
            "type": "Polygon",
            "coordinates": [
                [
                    [
                        103.75894794970995,
                        1.1983557779230467
                    ],
                    [
                        103.75880097880571,
                        1.1982845407098088
                    ],
                    [
                        103.75874264402319,
                        1.1981493989851892
                    ],
                    [
                        103.75905865861736,
                        1.198024759032976
                    ],
                    [
                        103.75918013364519,
                        1.1981205173877227
                    ],
                    [
                        103.75905532065194,
                        1.198391801702851
                    ],
                    [
                        103.75894794970995,
                        1.1983557779230467
                    ]
                ]
            ]
        },
        {
            "type": "Polygon",
            "coordinates": [
                [
                    [
                        103.75137828216356,
                        1.2269043403500093
                    ],
                    [
                        103.7513424913051,
                        1.2268503052833413
                    ],
                    [
                        103.75152144417058,
                        1.2267242234087716
                    ],
                    [
                        103.75137828216356,
                        1.2269043403500093
                    ]
                ]
            ]
        },
        {
            "type": "Polygon",
            "coordinates": [
                [
                    [
                        103.83403618815467,
                        1.2379814590385603
                    ],
                    [
                        103.83407197904576,
                        1.2379814590287697
                    ],
                    [
                        103.834125664072,
                        1.2381075401883916
                    ],
                    [
                        103.83403618816416,
                        1.2380174826190846
                    ],
                    [
                        103.83403618815467,
                        1.2379814590385603
                    ]
                ]
            ]
        },
        {
            "type": "Polygon",
            "coordinates": [
                [
                    [
                        103.65358104161628,
                        1.3750815635377893
                    ],
                    [
                        103.65359893614406,
                        1.3750275312059024
                    ],
                    [
                        103.65364987357812,
                        1.3752035279984824
                    ],
                    [
                        103.65358104161628,
                        1.3750815635377893
                    ]
                ]
            ]
        },
        {
            "type": "Polygon",
            "coordinates": [
                [
                    [
                        103.74679711225303,
                        1.2254273873020647
                    ],
                    [
                        103.74690448308473,
                        1.2256615388440006
                    ],
                    [
                        103.74688658851238,
                        1.225931712571326
                    ],
                    [
                        103.74678568264292,
                        1.2256095611677025
                    ],
                    [
                        103.74679711225303,
                        1.2254273873020647
                    ]
                ]
            ]
        },
        {
            "type": "Polygon",
            "coordinates": [
                [
                    [
                        103.85128715645436,
                        1.2161333737475277
                    ],
                    [
                        103.85121557525646,
                        1.216133373321365
                    ],
                    [
                        103.85114399443893,
                        1.2159172322893705
                    ],
                    [
                        103.85128715645436,
                        1.2161333737475277
                    ]
                ]
            ]
        },
        {
            "type": "Polygon",
            "coordinates": [
                [
                    [
                        103.74683290268123,
                        1.227282583263481
                    ],
                    [
                        103.74683290312299,
                        1.2274086652087544
                    ],
                    [
                        103.74683290286406,
                        1.2274446887508355
                    ],
                    [
                        103.74681500795865,
                        1.2274446881682866
                    ],
                    [
                        103.74683290268123,
                        1.227282583263481
                    ]
                ]
            ]
        },
        {
            "type": "Polygon",
            "coordinates": [
                [
                    [
                        103.74754871062915,
                        1.2236082122804026
                    ],
                    [
                        103.74756660583593,
                        1.2236262241759597
                    ],
                    [
                        103.74745923426244,
                        1.2236982705197217
                    ],
                    [
                        103.74744133938157,
                        1.2236982708475348
                    ],
                    [
                        103.74754871062915,
                        1.2236082122804026
                    ]
                ]
            ]
        },
        {
            "type": "Polygon",
            "coordinates": [
                [
                    [
                        103.85083977638817,
                        1.2185289256251288
                    ],
                    [
                        103.85083977658905,
                        1.2184208557771514
                    ],
                    [
                        103.85087556730127,
                        1.218294774354916
                    ],
                    [
                        103.85092925228975,
                        1.2180786343063181
                    ],
                    [
                        103.8509471476206,
                        1.218150681357059
                    ],
                    [
                        103.8509113574972,
                        1.218366821288465
                    ],
                    [
                        103.85083977638817,
                        1.2185289256251288
                    ]
                ]
            ]
        },
        {
            "type": "Polygon",
            "coordinates": [
                [
                    [
                        104.01880052967651,
                        1.4251330006956655
                    ],
                    [
                        104.01856789189472,
                        1.4253131018490435
                    ],
                    [
                        104.01849204729116,
                        1.425286979242691
                    ],
                    [
                        104.01834916487616,
                        1.4255241978629647
                    ],
                    [
                        104.01826367427411,
                        1.4253671329680373
                    ],
                    [
                        104.01835161228033,
                        1.425350986667887
                    ],
                    [
                        104.01853210153433,
                        1.425114990412834
                    ],
                    [
                        104.01866310041595,
                        1.424994129399154
                    ],
                    [
                        104.01880052967651,
                        1.4251330006956655
                    ]
                ]
            ]
        },
        {
            "type": "Polygon",
            "coordinates": [
                [
                    [
                        103.71234886197426,
                        1.2032549858880224
                    ],
                    [
                        103.71233096634917,
                        1.2032549859936363
                    ],
                    [
                        103.7122951766867,
                        1.2032189617911953
                    ],
                    [
                        103.71236675749428,
                        1.2032369735755382
                    ],
                    [
                        103.71234886197426,
                        1.2032549858880224
                    ]
                ]
            ]
        },
        {
            "type": "Polygon",
            "coordinates": [
                [
                    [
                        103.80098376363807,
                        1.4679960755009143
                    ],
                    [
                        103.8008763920315,
                        1.4680320947283607
                    ],
                    [
                        103.80085849740942,
                        1.4680140849747645
                    ],
                    [
                        103.80071533542808,
                        1.4679060259251548
                    ],
                    [
                        103.8008584970521,
                        1.4678519968320642
                    ],
                    [
                        103.80087639231185,
                        1.4678880160778713
                    ],
                    [
                        103.80098376363807,
                        1.4679960755009143
                    ]
                ]
            ]
        },
        {
            "type": "Polygon",
            "coordinates": [
                [
                    [
                        103.70735610286216,
                        1.205830668106164
                    ],
                    [
                        103.70748386863002,
                        1.2058842458198813
                    ],
                    [
                        103.70755294945779,
                        1.2060468092338832
                    ],
                    [
                        103.70738861664412,
                        1.205942044668408
                    ],
                    [
                        103.70735610286216,
                        1.205830668106164
                    ]
                ]
            ]
        },
        {
            "type": "Polygon",
            "coordinates": [
                [
                    [
                        103.75839319821473,
                        1.1985178845529725
                    ],
                    [
                        103.75841109342471,
                        1.198499872813432
                    ],
                    [
                        103.75841109383376,
                        1.19851788504569
                    ],
                    [
                        103.75839319821473,
                        1.1985178845529725
                    ]
                ]
            ]
        },
        {
            "type": "Polygon",
            "coordinates": [
                [
                    [
                        103.85525988927431,
                        1.2283993038401264
                    ],
                    [
                        103.85531357526006,
                        1.228435326976737
                    ],
                    [
                        103.85530357925211,
                        1.2284391082105124
                    ],
                    [
                        103.85525646783493,
                        1.2284147730357524
                    ],
                    [
                        103.85525988927431,
                        1.2283993038401264
                    ]
                ]
            ]
        },
        {
            "type": "Polygon",
            "coordinates": [
                [
                    [
                        103.80050059327648,
                        1.4674737913339104
                    ],
                    [
                        103.80033953541452,
                        1.4674377708694224
                    ],
                    [
                        103.80046480198732,
                        1.467455781312833
                    ],
                    [
                        103.80050059327648,
                        1.4674737913339104
                    ]
                ]
            ]
        },
        {
            "type": "Polygon",
            "coordinates": [
                [
                    [
                        103.85160926997054,
                        1.2131794547860462
                    ],
                    [
                        103.85162716492226,
                        1.2131974669092098
                    ],
                    [
                        103.85157347965176,
                        1.2132154777100976
                    ],
                    [
                        103.85160926997054,
                        1.2131794547860462
                    ]
                ]
            ]
        },
        {
            "type": "Polygon",
            "coordinates": [
                [
                    [
                        103.75859004646853,
                        1.198914143702708
                    ],
                    [
                        103.7586079402932,
                        1.1989141441942444
                    ],
                    [
                        103.75860794070337,
                        1.1989321564265456
                    ],
                    [
                        103.75859004646853,
                        1.198914143702708
                    ]
                ]
            ]
        },
        {
            "type": "Polygon",
            "coordinates": [
                [
                    [
                        103.83367828451144,
                        1.2159712675364038
                    ],
                    [
                        103.83366038876288,
                        1.2159712675386456
                    ],
                    [
                        103.83366038876072,
                        1.215953256197594
                    ],
                    [
                        103.83367828451144,
                        1.2159712675364038
                    ]
                ]
            ]
        },
        {
            "type": "Polygon",
            "coordinates": [
                [
                    [
                        103.7921435368332,
                        1.4624490476504761
                    ],
                    [
                        103.79233044036775,
                        1.462459047926076
                    ],
                    [
                        103.79226880312984,
                        1.4626111362861354
                    ],
                    [
                        103.7921435368332,
                        1.4624490476504761
                    ]
                ]
            ]
        },
        {
            "type": "Polygon",
            "coordinates": [
                [
                    [
                        103.8505176636714,
                        1.2209785115169807
                    ],
                    [
                        103.85024923527361,
                        1.22115862933907
                    ],
                    [
                        103.85040017317573,
                        1.2209314780389153
                    ],
                    [
                        103.8505176636714,
                        1.2209785115169807
                    ]
                ]
            ]
        },
        {
            "type": "Polygon",
            "coordinates": [
                [
                    [
                        103.75263094640997,
                        1.2109279908818602
                    ],
                    [
                        103.7525951553805,
                        1.2109460020374287
                    ],
                    [
                        103.75257725988072,
                        1.211000037280883
                    ],
                    [
                        103.75257725971309,
                        1.2110360608326929
                    ],
                    [
                        103.75243380179825,
                        1.2109556757052102
                    ],
                    [
                        103.7522469331534,
                        1.2110247508737302
                    ],
                    [
                        103.7517636926239,
                        1.211297898674518
                    ],
                    [
                        103.75152144406043,
                        1.2113962952258215
                    ],
                    [
                        103.75155590658198,
                        1.2113056029840161
                    ],
                    [
                        103.7522413934343,
                        1.2109468993924837
                    ],
                    [
                        103.75261925430333,
                        1.2108587053570126
                    ],
                    [
                        103.75263094640997,
                        1.2109279908818602
                    ]
                ]
            ]
        },
        {
            "type": "Polygon",
            "coordinates": [
                [
                    [
                        103.74293175085536,
                        1.1706895026713418
                    ],
                    [
                        103.74291385510034,
                        1.170671490766186
                    ],
                    [
                        103.74293175053373,
                        1.1706714904425157
                    ],
                    [
                        103.74293175085536,
                        1.1706895026713418
                    ]
                ]
            ]
        },
        {
            "type": "Polygon",
            "coordinates": [
                [
                    [
                        103.72265678736161,
                        1.1941843643539296
                    ],
                    [
                        103.72255866390434,
                        1.1941882346708415
                    ],
                    [
                        103.72223764276711,
                        1.1940689658882964
                    ],
                    [
                        103.72225260268496,
                        1.194052318063036
                    ],
                    [
                        103.7225515386159,
                        1.194124011888649
                    ],
                    [
                        103.72266279854588,
                        1.1941127281293284
                    ],
                    [
                        103.72282410258208,
                        1.194215470392208
                    ],
                    [
                        103.72330323596466,
                        1.1943112998514531
                    ],
                    [
                        103.72350818283013,
                        1.1944471507873549
                    ],
                    [
                        103.72304568676932,
                        1.1943590552484773
                    ],
                    [
                        103.72265678736161,
                        1.1941843643539296
                    ]
                ]
            ]
        },
        {
            "type": "Polygon",
            "coordinates": [
                [
                    [
                        103.70825086244267,
                        1.212855244568578
                    ],
                    [
                        103.70805401468036,
                        1.2129272905466073
                    ],
                    [
                        103.70786806469616,
                        1.2129273433742211
                    ],
                    [
                        103.7077690116346,
                        1.2131045053151492
                    ],
                    [
                        103.70767025621478,
                        1.2129841579923457
                    ],
                    [
                        103.70769611183823,
                        1.2127111500311627
                    ],
                    [
                        103.70793920797936,
                        1.2128706349787175
                    ],
                    [
                        103.70808309463122,
                        1.212760646696591
                    ],
                    [
                        103.70825086244267,
                        1.212855244568578
                    ]
                ]
            ]
        },
        {
            "type": "Polygon",
            "coordinates": [
                [
                    [
                        103.74991087584962,
                        1.2230678635173078
                    ],
                    [
                        103.74982140022034,
                        1.2230498521092061
                    ],
                    [
                        103.74983929586931,
                        1.2229958168981585
                    ],
                    [
                        103.74991087584962,
                        1.2230678635173078
                    ]
                ]
            ]
        },
        {
            "type": "Polygon",
            "coordinates": [
                [
                    [
                        104.04446223878666,
                        1.4389107235665235
                    ],
                    [
                        104.04453382017908,
                        1.4388386830098636
                    ],
                    [
                        104.04460540100591,
                        1.4388386835756364
                    ],
                    [
                        104.04446223878666,
                        1.4389107235665235
                    ]
                ]
            ]
        },
        {
            "type": "Polygon",
            "coordinates": [
                [
                    [
                        103.70528025959176,
                        1.217628342358748
                    ],
                    [
                        103.70516428199903,
                        1.21734355015858
                    ],
                    [
                        103.70530744393746,
                        1.217061326981386
                    ],
                    [
                        103.70539623785709,
                        1.2167364125465094
                    ],
                    [
                        103.70559308518374,
                        1.2163941910319358
                    ],
                    [
                        103.70598746142926,
                        1.2159446020375997
                    ],
                    [
                        103.706175656965,
                        1.2156762737578608
                    ],
                    [
                        103.70647728880067,
                        1.2154879417464581
                    ],
                    [
                        103.7066846922622,
                        1.215421559529497
                    ],
                    [
                        103.70710556998432,
                        1.2153948934097354
                    ],
                    [
                        103.70708767434539,
                        1.2154129056738423
                    ],
                    [
                        103.70706977870624,
                        1.2154309170334574
                    ],
                    [
                        103.70689023245933,
                        1.2154654624882175
                    ],
                    [
                        103.70668772374339,
                        1.215674532659763
                    ],
                    [
                        103.70639025083217,
                        1.2158882449383004
                    ],
                    [
                        103.70648106393321,
                        1.2160168071700426
                    ],
                    [
                        103.70621723255204,
                        1.2161085188081515
                    ],
                    [
                        103.7061088649417,
                        1.2159853222269357
                    ],
                    [
                        103.70598762709339,
                        1.216339996844968
                    ],
                    [
                        103.70578132536488,
                        1.2164395718907357
                    ],
                    [
                        103.70572763919482,
                        1.216457583345591
                    ],
                    [
                        103.70570974438623,
                        1.2164575833982947
                    ],
                    [
                        103.7057813256286,
                        1.2165296301799533
                    ],
                    [
                        103.7056460805526,
                        1.2167168884060813
                    ],
                    [
                        103.70560217227029,
                        1.2168821595791948
                    ],
                    [
                        103.7053980026763,
                        1.2170005020341244
                    ],
                    [
                        103.70531605018836,
                        1.2173221439043072
                    ],
                    [
                        103.70535914493001,
                        1.217508663619139
                    ],
                    [
                        103.70528025959176,
                        1.217628342358748
                    ]
                ]
            ]
        },
        {
            "type": "Polygon",
            "coordinates": [
                [
                    [
                        104.00937330903571,
                        1.4181083505930003
                    ],
                    [
                        104.00937330906144,
                        1.4181443712367814
                    ],
                    [
                        104.00930172872553,
                        1.4181443712874706
                    ],
                    [
                        104.00933751929257,
                        1.418072330879041
                    ],
                    [
                        104.00937330903571,
                        1.4181083505930003
                    ]
                ]
            ]
        },
        {
            "type": "Polygon",
            "coordinates": [
                [
                    [
                        103.9875053813885,
                        1.4033039124666393
                    ],
                    [
                        103.9874695909011,
                        1.4033579422549929
                    ],
                    [
                        103.9874516950674,
                        1.4033759528813523
                    ],
                    [
                        103.98741590519637,
                        1.4034119741336393
                    ],
                    [
                        103.98738011448475,
                        1.4033939634485775
                    ],
                    [
                        103.98746959067809,
                        1.403285901782832
                    ],
                    [
                        103.9875053813885,
                        1.4033039124666393
                    ]
                ]
            ]
        },
        {
            "type": "Polygon",
            "coordinates": [
                [
                    [
                        103.75987850021966,
                        1.1989321557577324
                    ],
                    [
                        103.75978902413462,
                        1.1990582389697129
                    ],
                    [
                        103.75971744350299,
                        1.1990222161855868
                    ],
                    [
                        103.75971744404784,
                        1.1989681803917769
                    ],
                    [
                        103.75977112840869,
                        1.1988601093517572
                    ],
                    [
                        103.75978902451111,
                        1.1988420976027825
                    ],
                    [
                        103.75980691971479,
                        1.1988240849493021
                    ],
                    [
                        103.75984270957925,
                        1.1988420972446638
                    ],
                    [
                        103.75986060472086,
                        1.1988601090564166
                    ],
                    [
                        103.75987850021966,
                        1.1989321557577324
                    ]
                ]
            ]
        },
        {
            "type": "Polygon",
            "coordinates": [
                [
                    [
                        104.0336356462312,
                        1.4396851546783396
                    ],
                    [
                        104.0337866021572,
                        1.4398159079043653
                    ],
                    [
                        104.03393986507255,
                        1.4397752054568151
                    ],
                    [
                        104.03397565507522,
                        1.439775205905191
                    ],
                    [
                        104.03401144575396,
                        1.4397932148371226
                    ],
                    [
                        104.03435145484099,
                        1.4398652557106473
                    ],
                    [
                        104.03438724552343,
                        1.439883265540353
                    ],
                    [
                        104.03442303462822,
                        1.4398832659815202
                    ],
                    [
                        104.0344588253113,
                        1.4399012749056164
                    ],
                    [
                        104.03481672987073,
                        1.4399733159248966
                    ],
                    [
                        104.03499568087027,
                        1.4401173959018267
                    ],
                    [
                        104.0346399798692,
                        1.4399763530981393
                    ],
                    [
                        104.03434191245549,
                        1.4399650796095333
                    ],
                    [
                        104.03408036975415,
                        1.4398677658270465
                    ],
                    [
                        104.03397565464725,
                        1.4399553052168985
                    ],
                    [
                        104.0338682835033,
                        1.4399012748010034
                    ],
                    [
                        104.03374301713812,
                        1.4399012750330646
                    ],
                    [
                        104.03354050866768,
                        1.4397562989974184
                    ],
                    [
                        104.03319543124186,
                        1.4398561362432412
                    ],
                    [
                        104.03293888666646,
                        1.4398428087234743
                    ],
                    [
                        104.03276790426551,
                        1.4396028740273472
                    ],
                    [
                        104.03262421918247,
                        1.4395684324281044
                    ],
                    [
                        104.03220403082068,
                        1.4393429639906206
                    ],
                    [
                        104.0336356462312,
                        1.4396851546783396
                    ]
                ]
            ]
        },
        {
            "type": "Polygon",
            "coordinates": [
                [
                    [
                        103.85075029715105,
                        1.229605974836462
                    ],
                    [
                        103.85095472804367,
                        1.2296589891861855
                    ],
                    [
                        103.85119767704698,
                        1.2296239868172159
                    ],
                    [
                        103.85123346692609,
                        1.2296239865759524
                    ],
                    [
                        103.85160180421252,
                        1.2298120350615163
                    ],
                    [
                        103.85166732081264,
                        1.229951853998423
                    ],
                    [
                        103.85203875055132,
                        1.2300922875702562
                    ],
                    [
                        103.852056645745,
                        1.2301283110246986
                    ],
                    [
                        103.85213602113912,
                        1.2302645594173356
                    ],
                    [
                        103.85235857497614,
                        1.2304020557120727
                    ],
                    [
                        103.85225579993508,
                        1.230598934047199
                    ],
                    [
                        103.85197678177013,
                        1.2302807414447683
                    ],
                    [
                        103.85138410777319,
                        1.229928231207861
                    ],
                    [
                        103.85112980073527,
                        1.2298566596519926
                    ],
                    [
                        103.85056454662754,
                        1.2298511368085687
                    ],
                    [
                        103.85046397408576,
                        1.229678021150165
                    ],
                    [
                        103.85075029715105,
                        1.229605974836462
                    ]
                ]
            ]
        },
        {
            "type": "Polygon",
            "coordinates": [
                [
                    [
                        103.7585005694293,
                        1.1990402268686475
                    ],
                    [
                        103.75848267519451,
                        1.1990222159528614
                    ],
                    [
                        103.75850056991837,
                        1.1990222155408095
                    ],
                    [
                        103.7585005694293,
                        1.1990402268686475
                    ]
                ]
            ]
        },
        {
            "type": "Polygon",
            "coordinates": [
                [
                    [
                        103.75384781947861,
                        1.2250131197758451
                    ],
                    [
                        103.75415203772731,
                        1.2247789689855288
                    ],
                    [
                        103.75412526513831,
                        1.224882253845473
                    ],
                    [
                        103.75384781947861,
                        1.2250131197758451
                    ]
                ]
            ]
        },
        {
            "type": "Polygon",
            "coordinates": [
                [
                    [
                        104.07241808225345,
                        1.4255465543991344
                    ],
                    [
                        104.07240018689916,
                        1.4255285442114562
                    ],
                    [
                        104.07248966300146,
                        1.425420483319383
                    ],
                    [
                        104.07241808225345,
                        1.4255465543991344
                    ]
                ]
            ]
        },
        {
            "type": "Polygon",
            "coordinates": [
                [
                    [
                        103.71025512467854,
                        1.2144402744272524
                    ],
                    [
                        103.71021933401613,
                        1.214404250188035
                    ],
                    [
                        103.71027302003985,
                        1.2143682264318636
                    ],
                    [
                        103.71025512467854,
                        1.2144402744272524
                    ]
                ]
            ]
        },
        {
            "type": "Polygon",
            "coordinates": [
                [
                    [
                        103.85150189889123,
                        1.2132695131206672
                    ],
                    [
                        103.85148400328139,
                        1.213287524582065
                    ],
                    [
                        103.85148400316135,
                        1.2132695132415472
                    ],
                    [
                        103.85150189889123,
                        1.2132695131206672
                    ]
                ]
            ]
        },
        {
            "type": "Polygon",
            "coordinates": [
                [
                    [
                        104.02721481903873,
                        1.4139208674062298
                    ],
                    [
                        104.02726850437705,
                        1.4138939582217007
                    ],
                    [
                        104.02723271474999,
                        1.413947988525289
                    ],
                    [
                        104.02722585138156,
                        1.4139479891021018
                    ],
                    [
                        104.02721481903873,
                        1.4139208674062298
                    ]
                ]
            ]
        },
        {
            "type": "Polygon",
            "coordinates": [
                [
                    [
                        103.74132118295114,
                        1.1722745576572644
                    ],
                    [
                        103.74128539175534,
                        1.172256545150027
                    ],
                    [
                        103.7413390783603,
                        1.1722205224699058
                    ],
                    [
                        103.74132118295114,
                        1.1722745576572644
                    ]
                ]
            ]
        },
        {
            "type": "Polygon",
            "coordinates": [
                [
                    [
                        103.75204040461819,
                        1.223229967870824
                    ],
                    [
                        103.75130670220587,
                        1.2231038869519875
                    ],
                    [
                        103.75134389017681,
                        1.2230703253236326
                    ],
                    [
                        103.75196087245013,
                        1.2231659255916227
                    ],
                    [
                        103.75204040461819,
                        1.223229967870824
                    ]
                ]
            ]
        },
        {
            "type": "Polygon",
            "coordinates": [
                [
                    [
                        103.74110644040647,
                        1.2082982777519156
                    ],
                    [
                        103.7411601253667,
                        1.2082262306934641
                    ],
                    [
                        103.74110644069756,
                        1.2083162890705288
                    ],
                    [
                        103.74110644040647,
                        1.2082982777519156
                    ]
                ]
            ]
        },
        {
            "type": "Polygon",
            "coordinates": [
                [
                    [
                        103.72682607540483,
                        1.174832256877612
                    ],
                    [
                        103.7268179569092,
                        1.1752971205067149
                    ],
                    [
                        103.72685964631555,
                        1.1755624109801746
                    ],
                    [
                        103.72699900655435,
                        1.175801244410123
                    ],
                    [
                        103.72708870948473,
                        1.1761782998444932
                    ],
                    [
                        103.72719568750537,
                        1.1762099259356658
                    ],
                    [
                        103.72728157199475,
                        1.176535231698142
                    ],
                    [
                        103.7274985337126,
                        1.1768089991402038
                    ],
                    [
                        103.72773872893029,
                        1.1769396563569745
                    ],
                    [
                        103.72743458164992,
                        1.1768165626075093
                    ],
                    [
                        103.72712497137547,
                        1.176459348652047
                    ],
                    [
                        103.72692183342836,
                        1.1760838769316542
                    ],
                    [
                        103.72675915105337,
                        1.1756245025684633
                    ],
                    [
                        103.7267033338383,
                        1.1750927976498957
                    ],
                    [
                        103.72668545569103,
                        1.174517891810656
                    ],
                    [
                        103.72663715287383,
                        1.1744307526670195
                    ],
                    [
                        103.72662735771718,
                        1.1741384102695478
                    ],
                    [
                        103.72670080834841,
                        1.1739496714001285
                    ],
                    [
                        103.72670080838218,
                        1.1738776234261847
                    ],
                    [
                        103.72671870364393,
                        1.1737875639192392
                    ],
                    [
                        103.72683762670857,
                        1.1740681212129738
                    ],
                    [
                        103.72686186469772,
                        1.174399970406508
                    ],
                    [
                        103.72682607485237,
                        1.174562078106126
                    ],
                    [
                        103.72682607540483,
                        1.174832256877612
                    ]
                ]
            ]
        },
        {
            "type": "Polygon",
            "coordinates": [
                [
                    [
                        103.80237958828465,
                        1.4690046242402501
                    ],
                    [
                        103.8023437976062,
                        1.4690046237410934
                    ],
                    [
                        103.80232590346107,
                        1.4689505950145263
                    ],
                    [
                        103.802325903059,
                        1.4689145751256012
                    ],
                    [
                        103.80259433031236,
                        1.4690226340022665
                    ],
                    [
                        103.80237958828465,
                        1.4690046242402501
                    ]
                ]
            ]
        },
        {
            "type": "Polygon",
            "coordinates": [
                [
                    [
                        103.83845630208054,
                        1.2292818727013586
                    ],
                    [
                        103.83856367322574,
                        1.229137779065208
                    ],
                    [
                        103.83854577752979,
                        1.229209825361606
                    ],
                    [
                        103.8385278826618,
                        1.2292458489794584
                    ],
                    [
                        103.83850998682541,
                        1.229245849014431
                    ],
                    [
                        103.83850998686012,
                        1.2292638603536186
                    ],
                    [
                        103.83849209195671,
                        1.2292818726320185
                    ],
                    [
                        103.83845630208054,
                        1.2292818727013586
                    ]
                ]
            ]
        },
        {
            "type": "Polygon",
            "coordinates": [
                [
                    [
                        103.7249052416623,
                        1.1812625199261988
                    ],
                    [
                        103.72492313665572,
                        1.1812985441596169
                    ],
                    [
                        103.72509452993202,
                        1.1813406544537275
                    ],
                    [
                        103.72513787967323,
                        1.1814426394717292
                    ],
                    [
                        103.72493980904196,
                        1.1814670893220316
                    ],
                    [
                        103.72477201556922,
                        1.1812525287043745
                    ],
                    [
                        103.7245283942712,
                        1.1812116500029712
                    ],
                    [
                        103.72448320146295,
                        1.1810702292094004
                    ],
                    [
                        103.72420732907244,
                        1.1809202937678596
                    ],
                    [
                        103.72460722737881,
                        1.181067168301106
                    ],
                    [
                        103.7249052416623,
                        1.1812625199261988
                    ]
                ]
            ]
        },
        {
            "type": "Polygon",
            "coordinates": [
                [
                    [
                        103.71879113152373,
                        1.2024984915325456
                    ],
                    [
                        103.71850480857793,
                        1.2024804789726784
                    ],
                    [
                        103.71848691385239,
                        1.2024804791194572
                    ],
                    [
                        103.71841533332531,
                        1.2023904204601372
                    ],
                    [
                        103.71846847619535,
                        1.20235703541363
                    ],
                    [
                        103.71879113152373,
                        1.2024984915325456
                    ]
                ]
            ]
        },
        {
            "type": "Polygon",
            "coordinates": [
                [
                    [
                        103.8406216202734,
                        1.2412055228169256
                    ],
                    [
                        103.84067530622525,
                        1.2412055226674876
                    ],
                    [
                        103.84065741040804,
                        1.2412415453924104
                    ],
                    [
                        103.84063951539002,
                        1.2412415454422236
                    ],
                    [
                        103.8406216202734,
                        1.2412055228169256
                    ]
                ]
            ]
        },
        {
            "type": "Polygon",
            "coordinates": [
                [
                    [
                        103.74468547924006,
                        1.173229192948231
                    ],
                    [
                        103.74457810809768,
                        1.1732652157898555
                    ],
                    [
                        103.74448165119809,
                        1.1731540834852485
                    ],
                    [
                        103.74459600373706,
                        1.1730310600929592
                    ],
                    [
                        103.74468547924006,
                        1.173229192948231
                    ]
                ]
            ]
        },
        {
            "type": "Polygon",
            "coordinates": [
                [
                    [
                        103.72571052537344,
                        1.183243831191013
                    ],
                    [
                        103.72574631597256,
                        1.1832078072481191
                    ],
                    [
                        103.72576421029372,
                        1.183261842791148
                    ],
                    [
                        103.72571052537344,
                        1.183243831191013
                    ]
                ]
            ]
        },
        {
            "type": "Polygon",
            "coordinates": [
                [
                    [
                        103.74459600397377,
                        1.1733372643739892
                    ],
                    [
                        103.74459600387931,
                        1.173283228590436
                    ],
                    [
                        103.74468547924006,
                        1.173229192948231
                    ],
                    [
                        103.74459600397377,
                        1.1733372643739892
                    ]
                ]
            ]
        },
        {
            "type": "Polygon",
            "coordinates": [
                [
                    [
                        103.74148224027051,
                        1.164385300090656
                    ],
                    [
                        103.74148223995498,
                        1.1643672878617488
                    ],
                    [
                        103.74155382001321,
                        1.164025058761898
                    ],
                    [
                        103.74168688040716,
                        1.164081241339403
                    ],
                    [
                        103.7415714014812,
                        1.1643970850742622
                    ],
                    [
                        103.74150013386644,
                        1.164385299772955
                    ],
                    [
                        103.74148224027051,
                        1.164385300090656
                    ]
                ]
            ]
        },
        {
            "type": "Polygon",
            "coordinates": [
                [
                    [
                        103.83450146332156,
                        1.21489056694072
                    ],
                    [
                        103.83439409246004,
                        1.2148725547397308
                    ],
                    [
                        103.834394092446,
                        1.214836531152956
                    ],
                    [
                        103.83448356847103,
                        1.2148725547028896
                    ],
                    [
                        103.83450146332156,
                        1.21489056694072
                    ]
                ]
            ]
        },
        {
            "type": "Polygon",
            "coordinates": [
                [
                    [
                        104.01992792748193,
                        1.4241784621045999
                    ],
                    [
                        104.02007412951576,
                        1.4239918836334722
                    ],
                    [
                        104.02041109755216,
                        1.423836269310079
                    ],
                    [
                        104.02041109810547,
                        1.4238542796199676
                    ],
                    [
                        104.02028583139943,
                        1.4240523905946632
                    ],
                    [
                        104.01992792748193,
                        1.4241784621045999
                    ]
                ]
            ]
        },
        {
            "type": "Polygon",
            "coordinates": [
                [
                    [
                        103.71347625895947,
                        1.21510670712849
                    ],
                    [
                        103.71342257285198,
                        1.2151247178411126
                    ],
                    [
                        103.71345836415452,
                        1.2151067072338104
                    ],
                    [
                        103.71347625895947,
                        1.21510670712849
                    ]
                ]
            ]
        },
        {
            "type": "Polygon",
            "coordinates": [
                [
                    [
                        103.85475882416169,
                        1.2284173147466761
                    ],
                    [
                        103.85484303988959,
                        1.2283189200321067
                    ],
                    [
                        103.85496716607226,
                        1.228330680293722
                    ],
                    [
                        103.85507548918103,
                        1.2283548684660681
                    ],
                    [
                        103.85513462281448,
                        1.2283812926291258
                    ],
                    [
                        103.8548351756026,
                        1.2283766303548425
                    ],
                    [
                        103.8547767196672,
                        1.228489361763368
                    ],
                    [
                        103.85475882416169,
                        1.2284173147466761
                    ]
                ]
            ]
        },
        {
            "type": "Polygon",
            "coordinates": [
                [
                    [
                        103.83754364729532,
                        1.2324879342488033
                    ],
                    [
                        103.83754364642508,
                        1.2325059455875778
                    ],
                    [
                        103.83752575146546,
                        1.2325059456159864
                    ],
                    [
                        103.83754364729532,
                        1.2324879342488033
                    ]
                ]
            ]
        },
        {
            "type": "Polygon",
            "coordinates": [
                [
                    [
                        104.01350355227818,
                        1.428266764830875
                    ],
                    [
                        104.01362881860489,
                        1.4284108456141091
                    ],
                    [
                        104.01364671398848,
                        1.4284108460100045
                    ],
                    [
                        104.01371829445762,
                        1.428500896459113
                    ],
                    [
                        104.0137898758311,
                        1.4285909469051405
                    ],
                    [
                        104.01325302019825,
                        1.4281587036893306
                    ],
                    [
                        104.013324600721,
                        1.4281226828432716
                    ],
                    [
                        104.01350355227818,
                        1.428266764830875
                    ]
                ]
            ]
        },
        {
            "type": "Polygon",
            "coordinates": [
                [
                    [
                        103.85348826566664,
                        1.221266699315843
                    ],
                    [
                        103.8535419510391,
                        1.2211226054832585
                    ],
                    [
                        103.85355984682052,
                        1.2211226053478088
                    ],
                    [
                        103.85348826566664,
                        1.221266699315843
                    ]
                ]
            ]
        },
        {
            "type": "Polygon",
            "coordinates": [
                [
                    [
                        103.74388019518294,
                        1.1749403288953877
                    ],
                    [
                        103.74417377980812,
                        1.1744285014610478
                    ],
                    [
                        103.74420230919581,
                        1.1743099103386923
                    ],
                    [
                        103.74435332688097,
                        1.1743596190571872
                    ],
                    [
                        103.74404808492895,
                        1.1746797190445133
                    ],
                    [
                        103.74388019518294,
                        1.1749403288953877
                    ]
                ]
            ]
        },
        {
            "type": "Polygon",
            "coordinates": [
                [
                    [
                        103.82528543803532,
                        1.2554165699953161
                    ],
                    [
                        103.82523175258302,
                        1.255452592499487
                    ],
                    [
                        103.82521385746895,
                        1.255452592443625
                    ],
                    [
                        103.82521385679267,
                        1.2553805471015915
                    ],
                    [
                        103.82541070426572,
                        1.2552724787917404
                    ],
                    [
                        103.82553597079408,
                        1.2553265122728852
                    ],
                    [
                        103.82539280888123,
                        1.2553625354147575
                    ],
                    [
                        103.82535701944369,
                        1.2553985588805414
                    ],
                    [
                        103.82528543803532,
                        1.2554165699953161
                    ]
                ]
            ]
        },
        {
            "type": "Polygon",
            "coordinates": [
                [
                    [
                        103.86284889577512,
                        1.4360299663037182
                    ],
                    [
                        103.8627792379257,
                        1.4362699102588947
                    ],
                    [
                        103.86266994417576,
                        1.4363901676210984
                    ],
                    [
                        103.8625538353095,
                        1.4360737286580234
                    ],
                    [
                        103.86272647801385,
                        1.435936204371644
                    ],
                    [
                        103.86284889577512,
                        1.4360299663037182
                    ]
                ]
            ]
        },
        {
            "type": "Polygon",
            "coordinates": [
                [
                    [
                        103.70841191899477,
                        1.2038493746484078
                    ],
                    [
                        103.70816138682541,
                        1.2039214209447482
                    ],
                    [
                        103.70814349119878,
                        1.2039214210222604
                    ],
                    [
                        103.70805401478648,
                        1.2039034092044156
                    ],
                    [
                        103.7078034824566,
                        1.2039394328677568
                    ],
                    [
                        103.70807298520691,
                        1.2038011085056484
                    ],
                    [
                        103.70841191899477,
                        1.2038493746484078
                    ]
                ]
            ]
        },
        {
            "type": "Polygon",
            "coordinates": [
                [
                    [
                        104.08845217640223,
                        1.3996478134198747
                    ],
                    [
                        104.08839849102561,
                        1.399737865023484
                    ],
                    [
                        104.08839849088272,
                        1.3996117934080592
                    ],
                    [
                        104.08845217610398,
                        1.3996117929584995
                    ],
                    [
                        104.08845217640223,
                        1.3996478134198747
                    ]
                ]
            ]
        },
        {
            "type": "Polygon",
            "coordinates": [
                [
                    [
                        103.747709767651,
                        1.2234821309848283
                    ],
                    [
                        103.74770976708,
                        1.223500142304621
                    ],
                    [
                        103.74767397642213,
                        1.2235001429636314
                    ],
                    [
                        103.747709767651,
                        1.2234821309848283
                    ]
                ]
            ]
        },
        {
            "type": "Polygon",
            "coordinates": [
                [
                    [
                        103.76592707552115,
                        1.1904846072588486
                    ],
                    [
                        103.76583760038922,
                        1.1905206313373047
                    ],
                    [
                        103.7658020504357,
                        1.1904677974623603
                    ],
                    [
                        103.76592707552115,
                        1.1904846072588486
                    ]
                ]
            ]
        },
        {
            "type": "Polygon",
            "coordinates": [
                [
                    [
                        103.83462673009737,
                        1.2152688113784496
                    ],
                    [
                        103.83476989166077,
                        1.2154669396755486
                    ],
                    [
                        103.83475199683288,
                        1.2155029632716696
                    ],
                    [
                        103.83462673009737,
                        1.2152688113784496
                    ]
                ]
            ]
        },
        {
            "type": "Polygon",
            "coordinates": [
                [
                    [
                        103.81404725527374,
                        1.2592529983613907
                    ],
                    [
                        103.81401146499554,
                        1.2592529980946707
                    ],
                    [
                        103.81404725580323,
                        1.259180953024846
                    ],
                    [
                        103.81404972044785,
                        1.2590621041026608
                    ],
                    [
                        103.81426199812104,
                        1.2590908961351366
                    ],
                    [
                        103.81413134889397,
                        1.2591132347952947
                    ],
                    [
                        103.81404725527374,
                        1.2592529983613907
                    ]
                ]
            ]
        },
        {
            "type": "Polygon",
            "coordinates": [
                [
                    [
                        104.02214648994054,
                        1.4212267113631543
                    ],
                    [
                        104.02230917590806,
                        1.4213244401851501
                    ],
                    [
                        104.0222006172279,
                        1.4215489770301666
                    ],
                    [
                        104.02213913721882,
                        1.4216852147215566
                    ],
                    [
                        104.0219080718939,
                        1.4217572550617417
                    ],
                    [
                        104.0216614540585,
                        1.4219428841442228
                    ],
                    [
                        104.02159218016486,
                        1.4221072932480574
                    ],
                    [
                        104.02157428517607,
                        1.4220892835032568
                    ],
                    [
                        104.02142021811909,
                        1.4221323336805909
                    ],
                    [
                        104.02135255173543,
                        1.422307383335963
                    ],
                    [
                        104.02148480963625,
                        1.422413466459339
                    ],
                    [
                        104.02146691430687,
                        1.4224134661186905
                    ],
                    [
                        104.0213953337692,
                        1.4224674965864004
                    ],
                    [
                        104.0212700667758,
                        1.422593567263539
                    ],
                    [
                        104.02100883880199,
                        1.422569212565557
                    ],
                    [
                        104.02085022807509,
                        1.4224406528205193
                    ],
                    [
                        104.02043842897953,
                        1.4225878907826335
                    ],
                    [
                        104.02050057374763,
                        1.4227376493748147
                    ],
                    [
                        104.02038460372634,
                        1.4228224759590615
                    ],
                    [
                        104.02058145165395,
                        1.4229804432727735
                    ],
                    [
                        104.0207690006989,
                        1.4227556594618798
                    ],
                    [
                        104.02094795308493,
                        1.4228997399633092
                    ],
                    [
                        104.02089426725422,
                        1.4230798420255846
                    ],
                    [
                        104.02082268681238,
                        1.423079842455087
                    ],
                    [
                        104.02084058227715,
                        1.4230258109668663
                    ],
                    [
                        104.0208047918202,
                        1.4230618318002806
                    ],
                    [
                        104.02071531604338,
                        1.4230618318810682
                    ],
                    [
                        104.02049214976556,
                        1.4230976238421778
                    ],
                    [
                        104.0204353192029,
                        1.4234939927640418
                    ],
                    [
                        104.02031725258318,
                        1.4234764352263334
                    ],
                    [
                        104.02021424987521,
                        1.423313974622935
                    ],
                    [
                        104.02021424967135,
                        1.423277954002506
                    ],
                    [
                        104.02014034092366,
                        1.4231543513293372
                    ],
                    [
                        104.02014266570612,
                        1.4231337670237127
                    ],
                    [
                        104.0201572064566,
                        1.423008870237518
                    ],
                    [
                        104.02014764958858,
                        1.4229144378450347
                    ],
                    [
                        104.0201899805068,
                        1.4227176693810024
                    ],
                    [
                        104.02025004062142,
                        1.4226115777441508
                    ],
                    [
                        104.02025004045709,
                        1.422609535701449
                    ],
                    [
                        104.0202709209685,
                        1.4225881748475178
                    ],
                    [
                        104.02037530733138,
                        1.4225035165210858
                    ],
                    [
                        104.02039320211077,
                        1.4224855065600408
                    ],
                    [
                        104.02051846935967,
                        1.4223954556408531
                    ],
                    [
                        104.02062584023356,
                        1.422359435298656
                    ],
                    [
                        104.02077630579983,
                        1.4223164288743673
                    ],
                    [
                        104.02078689678514,
                        1.421963211603291
                    ],
                    [
                        104.02080479155731,
                        1.421945201639914
                    ],
                    [
                        104.02087637209658,
                        1.4218911702863455
                    ],
                    [
                        104.02089426776614,
                        1.4218731612267266
                    ],
                    [
                        104.02107381402459,
                        1.4218723597491696
                    ],
                    [
                        104.02127006693772,
                        1.421729079651349
                    ],
                    [
                        104.02130585770921,
                        1.4216750485045906
                    ],
                    [
                        104.02172968860843,
                        1.4214277656197987
                    ],
                    [
                        104.02188026192053,
                        1.4214069620416796
                    ],
                    [
                        104.02203956032011,
                        1.4213508651283249
                    ],
                    [
                        104.02203956065532,
                        1.4213328548196598
                    ],
                    [
                        104.02213603138308,
                        1.4212276093475429
                    ],
                    [
                        104.02214648994054,
                        1.4212267113631543
                    ]
                ]
            ]
        },
        {
            "type": "Polygon",
            "coordinates": [
                [
                    [
                        103.84416486957211,
                        1.2233740611737343
                    ],
                    [
                        103.84421855441309,
                        1.2234100845389189
                    ],
                    [
                        103.84425434532777,
                        1.2234641193160902
                    ],
                    [
                        103.84402170761643,
                        1.2233560495073563
                    ],
                    [
                        103.84416486957211,
                        1.2233740611737343
                    ]
                ]
            ]
        },
        {
            "type": "Polygon",
            "coordinates": [
                [
                    [
                        103.84736810915605,
                        1.217430214531446
                    ],
                    [
                        103.84738600454067,
                        1.2173581672676241
                    ],
                    [
                        103.84742179416443,
                        1.2173401557393624
                    ],
                    [
                        103.84736810915605,
                        1.217430214531446
                    ]
                ]
            ]
        },
        {
            "type": "Polygon",
            "coordinates": [
                [
                    [
                        103.72846638572088,
                        1.183405937952767
                    ],
                    [
                        103.72872938721264,
                        1.183396703536911
                    ],
                    [
                        103.7289336530788,
                        1.1835426277147987
                    ],
                    [
                        103.72901925809431,
                        1.1837823236158729
                    ],
                    [
                        103.72898534623043,
                        1.1838922595439303
                    ],
                    [
                        103.7287798220916,
                        1.1839712895558228
                    ],
                    [
                        103.72881907283552,
                        1.1842463407206607
                    ],
                    [
                        103.72864533824462,
                        1.1842164738294865
                    ],
                    [
                        103.72862744206456,
                        1.184162438299851
                    ],
                    [
                        103.72846679586729,
                        1.1841120609182962
                    ],
                    [
                        103.72846638520139,
                        1.1838742475165096
                    ],
                    [
                        103.72848428048931,
                        1.1838562350738808
                    ],
                    [
                        103.72852007151855,
                        1.1837841884626263
                    ],
                    [
                        103.72843059558305,
                        1.1835500334412452
                    ],
                    [
                        103.72846638572088,
                        1.183405937952767
                    ]
                ]
            ]
        },
        {
            "type": "Polygon",
            "coordinates": [
                [
                    [
                        104.02073675842365,
                        1.401719003405559
                    ],
                    [
                        104.02075465359543,
                        1.401719002868819
                    ],
                    [
                        104.02082623423125,
                        1.4018991056585544
                    ],
                    [
                        104.02050412074526,
                        1.4019171165817306
                    ],
                    [
                        104.02055780597092,
                        1.4017550239657266
                    ],
                    [
                        104.02073675842365,
                        1.401719003405559
                    ]
                ]
            ]
        },
        {
            "type": "Polygon",
            "coordinates": [
                [
                    [
                        104.01382566491868,
                        1.4286269674213945
                    ],
                    [
                        104.01380777082402,
                        1.428608956711134
                    ],
                    [
                        104.01382566531036,
                        1.428608957105502
                    ],
                    [
                        104.01382566491868,
                        1.4286269674213945
                    ]
                ]
            ]
        },
        {
            "type": "Polygon",
            "coordinates": [
                [
                    [
                        103.86122043340843,
                        1.4305548994774908
                    ],
                    [
                        103.8611488533504,
                        1.4303387782252346
                    ],
                    [
                        103.8613967115769,
                        1.4303500480825428
                    ],
                    [
                        103.86141612709197,
                        1.4304657729368413
                    ],
                    [
                        103.86122043340843,
                        1.4305548994774908
                    ]
                ]
            ]
        },
        {
            "type": "Polygon",
            "coordinates": [
                [
                    [
                        104.01418356948017,
                        1.4288971182531198
                    ],
                    [
                        104.01401671105907,
                        1.428833854348354
                    ],
                    [
                        104.01389724669147,
                        1.428699007547099
                    ],
                    [
                        104.01418356948017,
                        1.4288971182531198
                    ]
                ]
            ]
        },
        {
            "type": "Polygon",
            "coordinates": [
                [
                    [
                        103.83618361217552,
                        1.2126751263848112
                    ],
                    [
                        103.83616571642995,
                        1.212657115062245
                    ],
                    [
                        103.83618361215667,
                        1.212657115043341
                    ],
                    [
                        103.83618361217552,
                        1.2126751263848112
                    ]
                ]
            ]
        },
        {
            "type": "Polygon",
            "coordinates": [
                [
                    [
                        103.81034295060874,
                        1.2598833973677468
                    ],
                    [
                        103.81032505456724,
                        1.2598833972087702
                    ],
                    [
                        103.81005662636468,
                        1.2599014088560634
                    ],
                    [
                        103.81005662652454,
                        1.2598833975224817
                    ],
                    [
                        103.81013327532037,
                        1.259825810959566
                    ],
                    [
                        103.8103608457517,
                        1.2598833975265915
                    ],
                    [
                        103.81034295060874,
                        1.2598833973677468
                    ]
                ]
            ]
        },
        {
            "type": "Polygon",
            "coordinates": [
                [
                    [
                        103.8526114004407,
                        1.2224374564050888
                    ],
                    [
                        103.852593505549,
                        1.2224374565343168
                    ],
                    [
                        103.85257561014444,
                        1.2223654094980227
                    ],
                    [
                        103.85261140056852,
                        1.2223293856569795
                    ],
                    [
                        103.8526114004407,
                        1.2224374564050888
                    ]
                ]
            ]
        },
        {
            "type": "Polygon",
            "coordinates": [
                [
                    [
                        103.8374899607036,
                        1.2325419692543629
                    ],
                    [
                        103.83752575146546,
                        1.2325059456159864
                    ],
                    [
                        103.83750785656197,
                        1.2325419692261943
                    ],
                    [
                        103.8374899607036,
                        1.2325419692543629
                    ]
                ]
            ]
        },
        {
            "type": "Polygon",
            "coordinates": [
                [
                    [
                        103.83956580365006,
                        1.2401428430487125
                    ],
                    [
                        103.8395658035658,
                        1.2401068203733439
                    ],
                    [
                        103.8396731747412,
                        1.240196877709478
                    ],
                    [
                        103.83965527973017,
                        1.240196877752553
                    ],
                    [
                        103.83956580365006,
                        1.2401428430487125
                    ]
                ]
            ]
        },
        {
            "type": "Polygon",
            "coordinates": [
                [
                    [
                        103.85484830058873,
                        1.2289756745468716
                    ],
                    [
                        103.85468724315311,
                        1.2290477211997397
                    ],
                    [
                        103.85465145328241,
                        1.229047721487466
                    ],
                    [
                        103.85456280418946,
                        1.229027893990245
                    ],
                    [
                        103.85451896769041,
                        1.2288659993975408
                    ],
                    [
                        103.85450829119887,
                        1.2288315820548579
                    ],
                    [
                        103.85468752460312,
                        1.2286219614179572
                    ],
                    [
                        103.85482241483359,
                        1.2286036577858817
                    ],
                    [
                        103.85504321559691,
                        1.2286230202579576
                    ],
                    [
                        103.85484830058873,
                        1.2289756745468716
                    ]
                ]
            ]
        },
        {
            "type": "Polygon",
            "coordinates": [
                [
                    [
                        103.71236675749428,
                        1.2032369735755382
                    ],
                    [
                        103.71238465232602,
                        1.2032549856763834
                    ],
                    [
                        103.7123667575994,
                        1.2032549857822905
                    ],
                    [
                        103.71236675749428,
                        1.2032369735755382
                    ]
                ]
            ]
        },
        {
            "type": "Polygon",
            "coordinates": [
                [
                    [
                        104.01039333542094,
                        1.425528544173673
                    ],
                    [
                        104.01044702114996,
                        1.4255825745956987
                    ],
                    [
                        104.01044702162763,
                        1.425600584915331
                    ],
                    [
                        104.01033965017119,
                        1.4254925240698015
                    ],
                    [
                        104.01037544047806,
                        1.4255105343340604
                    ],
                    [
                        104.01039333542094,
                        1.425528544173673
                    ]
                ]
            ]
        },
        {
            "type": "Polygon",
            "coordinates": [
                [
                    [
                        104.0270502143493,
                        1.4378301209560855
                    ],
                    [
                        104.02705021503056,
                        1.4379021603503281
                    ],
                    [
                        104.02697863443458,
                        1.4378841507342042
                    ],
                    [
                        104.02701442436204,
                        1.4378301212985225
                    ],
                    [
                        104.0270502143493,
                        1.4378301209560855
                    ]
                ]
            ]
        },
        {
            "type": "Polygon",
            "coordinates": [
                [
                    [
                        103.85137663267344,
                        1.2189972295557752
                    ],
                    [
                        103.85141242271443,
                        1.219177346329031
                    ],
                    [
                        103.85139452742575,
                        1.2192493927131571
                    ],
                    [
                        103.85139452766583,
                        1.2192854172013
                    ],
                    [
                        103.85137663279484,
                        1.219285416417691
                    ],
                    [
                        103.85137663267344,
                        1.2189972295557752
                    ]
                ]
            ]
        },
        {
            "type": "Polygon",
            "coordinates": [
                [
                    [
                        103.987952761527,
                        1.4054471398626514
                    ],
                    [
                        103.98772907115773,
                        1.4055363554675764
                    ],
                    [
                        103.98748748590378,
                        1.405357088343359
                    ],
                    [
                        103.98771187499982,
                        1.4054539196107074
                    ],
                    [
                        103.987952761527,
                        1.4054471398626514
                    ]
                ]
            ]
        },
        {
            "type": "Polygon",
            "coordinates": [
                [
                    [
                        103.75995008032082,
                        1.1976713303253284
                    ],
                    [
                        103.76007534711276,
                        1.197833435655792
                    ],
                    [
                        103.75978902372941,
                        1.1979955425557614
                    ],
                    [
                        103.75977112865574,
                        1.1979415071824138
                    ],
                    [
                        103.75980691917395,
                        1.1978334356560516
                    ],
                    [
                        103.75995008032082,
                        1.1976713303253284
                    ]
                ]
            ]
        },
        {
            "type": "Polygon",
            "coordinates": [
                [
                    [
                        103.71787243052069,
                        1.1805420438123477
                    ],
                    [
                        103.71783663940126,
                        1.180524031911858
                    ],
                    [
                        103.71765768814979,
                        1.1804159601901731
                    ],
                    [
                        103.7178997715007,
                        1.1803135872905663
                    ],
                    [
                        103.71821243930411,
                        1.180235840421844
                    ],
                    [
                        103.71823033404395,
                        1.1802538524764226
                    ],
                    [
                        103.71837349519255,
                        1.1802538521047605
                    ],
                    [
                        103.7183132832534,
                        1.1804208150511752
                    ],
                    [
                        103.71787242993322,
                        1.1805780673345618
                    ],
                    [
                        103.71787243052069,
                        1.1805420438123477
                    ]
                ]
            ]
        },
        {
            "type": "Polygon",
            "coordinates": [
                [
                    [
                        103.71594579580702,
                        1.20239042053189
                    ],
                    [
                        103.71619632949798,
                        1.2023183725760263
                    ],
                    [
                        103.71625001443438,
                        1.2023003608753455
                    ],
                    [
                        103.71640048075449,
                        1.2022356664809122
                    ],
                    [
                        103.71687634627423,
                        1.2022283145765715
                    ],
                    [
                        103.71682448653054,
                        1.202344880296062
                    ],
                    [
                        103.71666160478394,
                        1.202426443274485
                    ],
                    [
                        103.71651844249963,
                        1.2024264434438552
                    ],
                    [
                        103.71642896644919,
                        1.2024624676257958
                    ],
                    [
                        103.71641795695815,
                        1.2024002523628912
                    ],
                    [
                        103.71619632874729,
                        1.2024624675378583
                    ],
                    [
                        103.71614264303923,
                        1.2024984914464045
                    ],
                    [
                        103.71607106247565,
                        1.2025165023709001
                    ],
                    [
                        103.71576684433471,
                        1.202552526281484
                    ],
                    [
                        103.71550480308935,
                        1.2025269865364636
                    ],
                    [
                        103.71542683596763,
                        1.2026065617147639
                    ],
                    [
                        103.71530156967748,
                        1.202660596510078
                    ],
                    [
                        103.71521209258444,
                        1.202678608440721
                    ],
                    [
                        103.71490787454563,
                        1.202732644460517
                    ],
                    [
                        103.71476471249683,
                        1.2027686671438076
                    ],
                    [
                        103.71471102754408,
                        1.202786679717533
                    ],
                    [
                        103.71403101061006,
                        1.202876738057367
                    ],
                    [
                        103.71453615582604,
                        1.2026645187775564
                    ],
                    [
                        103.7150947875515,
                        1.2025965531383034
                    ],
                    [
                        103.71589700358291,
                        1.2024427846880987
                    ],
                    [
                        103.71594579580702,
                        1.20239042053189
                    ]
                ]
            ]
        },
        {
            "type": "Polygon",
            "coordinates": [
                [
                    [
                        103.76043325100669,
                        1.1947136056174033
                    ],
                    [
                        103.7603258799788,
                        1.19475341469513
                    ],
                    [
                        103.76029008931646,
                        1.1946993797503247
                    ],
                    [
                        103.76039746066638,
                        1.1946813676741257
                    ],
                    [
                        103.76043325100669,
                        1.1947136056174033
                    ]
                ]
            ]
        },
        {
            "type": "Polygon",
            "coordinates": [
                [
                    [
                        103.74144644883441,
                        1.1650157215002166
                    ],
                    [
                        103.74144644914941,
                        1.1650337328246767
                    ],
                    [
                        103.74142855375246,
                        1.1650337322372861
                    ],
                    [
                        103.74144644883441,
                        1.1650157215002166
                    ]
                ]
            ]
        },
        {
            "type": "Polygon",
            "coordinates": [
                [
                    [
                        103.79951635740805,
                        1.2668898176497603
                    ],
                    [
                        103.79951635760601,
                        1.2669438507382018
                    ],
                    [
                        103.7994805663283,
                        1.2669438511722078
                    ],
                    [
                        103.79951635740805,
                        1.2668898176497603
                    ]
                ]
            ]
        },
        {
            "type": "Polygon",
            "coordinates": [
                [
                    [
                        104.08403206347708,
                        1.4079145501673294
                    ],
                    [
                        104.08410364365957,
                        1.4079865915024299
                    ],
                    [
                        104.0839425880334,
                        1.407992825467173
                    ],
                    [
                        104.08403206347708,
                        1.4079145501673294
                    ]
                ]
            ]
        },
        {
            "type": "Polygon",
            "coordinates": [
                [
                    [
                        103.83884999562228,
                        1.230794845194945
                    ],
                    [
                        103.83886789146896,
                        1.2307948451576327
                    ],
                    [
                        103.83886789150608,
                        1.2308128574009634
                    ],
                    [
                        103.83884999562228,
                        1.230794845194945
                    ]
                ]
            ]
        },
        {
            "type": "Polygon",
            "coordinates": [
                [
                    [
                        103.79833527386363,
                        1.268240667036982
                    ],
                    [
                        103.79831737873505,
                        1.268168621471313
                    ],
                    [
                        103.7983173789771,
                        1.2681506101407722
                    ],
                    [
                        103.79834755388262,
                        1.2682586776302085
                    ],
                    [
                        103.79833527386363,
                        1.268240667036982
                    ]
                ]
            ]
        },
        {
            "type": "Polygon",
            "coordinates": [
                [
                    [
                        104.0279091839625,
                        1.438064251890953
                    ],
                    [
                        104.02799866036752,
                        1.4381182814440459
                    ],
                    [
                        104.02799866009627,
                        1.4381362917437825
                    ],
                    [
                        104.02751548986015,
                        1.4380462409597166
                    ],
                    [
                        104.0275691758433,
                        1.4380102211893817
                    ],
                    [
                        104.0279091839625,
                        1.438064251890953
                    ]
                ]
            ]
        },
        {
            "type": "Polygon",
            "coordinates": [
                [
                    [
                        104.02844958809456,
                        1.4130474765898187
                    ],
                    [
                        104.02902223431984,
                        1.4131015078632099
                    ],
                    [
                        104.02925487170272,
                        1.413155538029457
                    ],
                    [
                        104.02959942407297,
                        1.4133731164356538
                    ],
                    [
                        104.0296239244123,
                        1.4136681622544733
                    ],
                    [
                        104.02973094688798,
                        1.4136206734170391
                    ],
                    [
                        104.02997067889616,
                        1.4136778355956896
                    ],
                    [
                        104.03002436493755,
                        1.4136598252406907
                    ],
                    [
                        104.03004226047211,
                        1.413641815222655
                    ],
                    [
                        104.03016752634127,
                        1.41335365147832
                    ],
                    [
                        104.03018542103023,
                        1.4131015075434934
                    ],
                    [
                        104.0301918726784,
                        1.4130781853940941
                    ],
                    [
                        104.03024656862185,
                        1.4129737634871484
                    ],
                    [
                        104.03063280155352,
                        1.4130294661308103
                    ],
                    [
                        104.03086543873955,
                        1.4131555382370142
                    ],
                    [
                        104.030919125126,
                        1.413407681465991
                    ],
                    [
                        104.03091912444933,
                        1.4135697741696944
                    ],
                    [
                        104.0309395496077,
                        1.4136914231144482
                    ],
                    [
                        104.03082964855474,
                        1.4138399272922266
                    ],
                    [
                        104.03078414135891,
                        1.4134531379394468
                    ],
                    [
                        104.03079850707257,
                        1.4132733610826094
                    ],
                    [
                        104.03042945309095,
                        1.4130886855257523
                    ],
                    [
                        104.03027640061995,
                        1.4131337510193909
                    ],
                    [
                        104.030372657047,
                        1.4133409259289604
                    ],
                    [
                        104.03008151008063,
                        1.4137754010141292
                    ],
                    [
                        104.02993705600966,
                        1.4138302545365007
                    ],
                    [
                        104.02977848123149,
                        1.4137415396116597
                    ],
                    [
                        104.02961840301946,
                        1.4138119186649105
                    ],
                    [
                        104.02954783571803,
                        1.4136527629765385
                    ],
                    [
                        104.02953039512701,
                        1.4134277012516048
                    ],
                    [
                        104.02911726651512,
                        1.4131875612872349
                    ],
                    [
                        104.02856919228016,
                        1.4131155918170863
                    ],
                    [
                        104.02827717115281,
                        1.413211270514452
                    ],
                    [
                        104.02817955156553,
                        1.4133252767875184
                    ],
                    [
                        104.02786467283663,
                        1.4134493569445739
                    ],
                    [
                        104.02762008207527,
                        1.413606409491939
                    ],
                    [
                        104.02744141047609,
                        1.4135919565966235
                    ],
                    [
                        104.02723271417427,
                        1.4138219172994186
                    ],
                    [
                        104.02716113347239,
                        1.413695844852231
                    ],
                    [
                        104.02707776769238,
                        1.413534994466521
                    ],
                    [
                        104.02708415662592,
                        1.413383418881499
                    ],
                    [
                        104.02714323919359,
                        1.4133716608746845
                    ],
                    [
                        104.0272618643417,
                        1.413423264472784
                    ],
                    [
                        104.02737587510876,
                        1.4132996200072185
                    ],
                    [
                        104.02737587541988,
                        1.4132275796944778
                    ],
                    [
                        104.02744745674684,
                        1.4131015078770954
                    ],
                    [
                        104.0276264086573,
                        1.4131915588125583
                    ],
                    [
                        104.02781595094997,
                        1.4132562433866525
                    ],
                    [
                        104.02810957894067,
                        1.413065486665483
                    ],
                    [
                        104.02819905519353,
                        1.4130654872537662
                    ],
                    [
                        104.02836011184375,
                        1.4130474760111493
                    ],
                    [
                        104.02844958809456,
                        1.4130474765898187
                    ]
                ]
            ]
        },
        {
            "type": "Polygon",
            "coordinates": [
                [
                    [
                        103.7979594750306,
                        1.2683487353047571
                    ],
                    [
                        103.7978282279954,
                        1.2683488691508669
                    ],
                    [
                        103.79781631368475,
                        1.2683307238099595
                    ],
                    [
                        103.7979594750306,
                        1.2683487353047571
                    ]
                ]
            ]
        },
        {
            "type": "Polygon",
            "coordinates": [
                [
                    [
                        103.71211622455034,
                        1.2033090202543049
                    ],
                    [
                        103.71211622444683,
                        1.2032910098564509
                    ],
                    [
                        103.71216991052778,
                        1.2033090208457913
                    ],
                    [
                        103.71211622455034,
                        1.2033090202543049
                    ]
                ]
            ]
        },
        {
            "type": "Polygon",
            "coordinates": [
                [
                    [
                        103.84364590763795,
                        1.2229057584486693
                    ],
                    [
                        103.84366380343201,
                        1.2229057583794183
                    ],
                    [
                        103.8436459077067,
                        1.2229237697884934
                    ],
                    [
                        103.84364590763795,
                        1.2229057584486693
                    ]
                ]
            ]
        },
        {
            "type": "Polygon",
            "coordinates": [
                [
                    [
                        103.84661651052454,
                        1.2183127857952698
                    ],
                    [
                        103.84658072024797,
                        1.2183848331423504
                    ],
                    [
                        103.84656282465971,
                        1.2184208559113427
                    ],
                    [
                        103.84643755880279,
                        1.218420855623063
                    ],
                    [
                        103.84659861530722,
                        1.2182407396185901
                    ],
                    [
                        103.84665230106457,
                        1.2182947742772128
                    ],
                    [
                        103.84661651052454,
                        1.2183127857952698
                    ]
                ]
            ]
        },
        {
            "type": "Polygon",
            "coordinates": [
                [
                    [
                        103.79991005097766,
                        1.266655670060952
                    ],
                    [
                        103.79989215576494,
                        1.2667277151527827
                    ],
                    [
                        103.79985636628714,
                        1.2667277146877522
                    ],
                    [
                        103.79991005097766,
                        1.266655670060952
                    ]
                ]
            ]
        },
        {
            "type": "Polygon",
            "coordinates": [
                [
                    [
                        103.84371748895084,
                        1.223356049805157
                    ],
                    [
                        103.84371748902008,
                        1.2233740611449164
                    ],
                    [
                        103.84369959412146,
                        1.223374061214551
                    ],
                    [
                        103.84371748895084,
                        1.223356049805157
                    ]
                ]
            ]
        },
        {
            "type": "Polygon",
            "coordinates": [
                [
                    [
                        104.02852116861487,
                        1.4041323864544761
                    ],
                    [
                        104.02854049669754,
                        1.4035975036575308
                    ],
                    [
                        104.02847296960547,
                        1.4035015677167246
                    ],
                    [
                        104.02856555661991,
                        1.4032553591239638
                    ],
                    [
                        104.0285390637308,
                        1.4031238088026239
                    ],
                    [
                        104.02861064441561,
                        1.4031778400354575
                    ],
                    [
                        104.02875121988879,
                        1.4033424567842945
                    ],
                    [
                        104.0287538060635,
                        1.4034840149361396
                    ],
                    [
                        104.0286887264028,
                        1.4035145307578334
                    ],
                    [
                        104.02870906761575,
                        1.4038514415663812
                    ],
                    [
                        104.0287717008712,
                        1.4040423346717101
                    ],
                    [
                        104.02868222523739,
                        1.404240448308676
                    ],
                    [
                        104.02852116861487,
                        1.4041323864544761
                    ]
                ]
            ]
        },
        {
            "type": "Polygon",
            "coordinates": [
                [
                    [
                        103.7576058094652,
                        1.2108019086434203
                    ],
                    [
                        103.7575755773311,
                        1.2111521872046473
                    ],
                    [
                        103.75742792446856,
                        1.2112194849579012
                    ],
                    [
                        103.757281529684,
                        1.2108940244190312
                    ],
                    [
                        103.75708684936843,
                        1.2108379320308154
                    ],
                    [
                        103.75706895417291,
                        1.2108199201985617
                    ],
                    [
                        103.75694713131467,
                        1.2106795729243407
                    ],
                    [
                        103.75690789836847,
                        1.2104957090594444
                    ],
                    [
                        103.75690789819419,
                        1.2104056497179585
                    ],
                    [
                        103.75690789834914,
                        1.2102075215178274
                    ],
                    [
                        103.75690789756042,
                        1.210171497057666
                    ],
                    [
                        103.75692579296982,
                        1.2101174626834703
                    ],
                    [
                        103.75692579307928,
                        1.2100814391276586
                    ],
                    [
                        103.75692579369263,
                        1.2100274042461
                    ],
                    [
                        103.75694368769827,
                        1.2099913802930082
                    ],
                    [
                        103.75694368791645,
                        1.2099193340856065
                    ],
                    [
                        103.75704380687857,
                        1.2096511801489815
                    ],
                    [
                        103.75716050954509,
                        1.2096778811963633
                    ],
                    [
                        103.75723001102071,
                        1.209883310488134
                    ],
                    [
                        103.75723001141733,
                        1.2099013218140267
                    ],
                    [
                        103.75723001170866,
                        1.209955356696045
                    ],
                    [
                        103.75723001120673,
                        1.2099733689262828
                    ],
                    [
                        103.75723001110138,
                        1.2100093924823798
                    ],
                    [
                        103.75723001149795,
                        1.2100274038082726
                    ],
                    [
                        103.75723001099598,
                        1.210045416038484
                    ],
                    [
                        103.75723001118168,
                        1.2101354744765251
                    ],
                    [
                        103.75724790666548,
                        1.2102075211895225
                    ],
                    [
                        103.75731948683307,
                        1.210333603394738
                    ],
                    [
                        103.75733738202736,
                        1.2103516152252947
                    ],
                    [
                        103.7573552781204,
                        1.210369627055787
                    ],
                    [
                        103.75753422947673,
                        1.2106037793322528
                    ],
                    [
                        103.75755212507265,
                        1.2106398024874958
                    ],
                    [
                        103.7576058094652,
                        1.2108019086434203
                    ]
                ]
            ]
        },
        {
            "type": "Polygon",
            "coordinates": [
                [
                    [
                        103.72889587010356,
                        1.1868281981711877
                    ],
                    [
                        103.72903003145083,
                        1.186416721229406
                    ],
                    [
                        103.72909781997227,
                        1.1866833466089846
                    ],
                    [
                        103.72889587010356,
                        1.1868281981711877
                    ]
                ]
            ]
        },
        {
            "type": "Polygon",
            "coordinates": [
                [
                    [
                        103.8335888085093,
                        1.2540837246073393
                    ],
                    [
                        103.83358880850582,
                        1.2540477019355865
                    ],
                    [
                        103.83364249471418,
                        1.254011679258014
                    ],
                    [
                        103.8336782840269,
                        1.2540296905893877
                    ],
                    [
                        103.8335888085093,
                        1.2540837246073393
                    ]
                ]
            ]
        },
        {
            "type": "Polygon",
            "coordinates": [
                [
                    [
                        103.85463355780135,
                        1.225571480890207
                    ],
                    [
                        103.8547588248826,
                        1.2255714807890918
                    ],
                    [
                        103.85486619539834,
                        1.225589492165413
                    ],
                    [
                        103.85490198626563,
                        1.2256075032140892
                    ],
                    [
                        103.85499146230518,
                        1.2256795505543794
                    ],
                    [
                        103.85465145356808,
                        1.225679550586675
                    ],
                    [
                        103.85452618695548,
                        1.225625514858549
                    ],
                    [
                        103.85449039642356,
                        1.2255354566419365
                    ],
                    [
                        103.85463355780135,
                        1.225571480890207
                    ]
                ]
            ]
        },
        {
            "type": "Polygon",
            "coordinates": [
                [
                    [
                        103.85069661454808,
                        1.2211586291814804
                    ],
                    [
                        103.8506966144325,
                        1.2211406169375771
                    ],
                    [
                        103.85073240553294,
                        1.2210685713465612
                    ],
                    [
                        103.85073240541712,
                        1.221050559102649
                    ],
                    [
                        103.85078609084762,
                        1.2210325474129127
                    ],
                    [
                        103.85082188154402,
                        1.2211766406081253
                    ],
                    [
                        103.85080398587826,
                        1.2211946529691082
                    ],
                    [
                        103.85076819521241,
                        1.2211946522986055
                    ],
                    [
                        103.85069661454808,
                        1.2211586291814804
                    ]
                ]
            ]
        },
        {
            "type": "Polygon",
            "coordinates": [
                [
                    [
                        104.04780864104713,
                        1.4369656386372025
                    ],
                    [
                        104.0477687269863,
                        1.4367771263949096
                    ],
                    [
                        104.04784443121142,
                        1.4365153873611842
                    ],
                    [
                        104.0477191644311,
                        1.4366234472913124
                    ],
                    [
                        104.0476427264487,
                        1.4364363113063567
                    ],
                    [
                        104.04769116906087,
                        1.4363554598953783
                    ],
                    [
                        104.04757600414236,
                        1.436173195716339
                    ],
                    [
                        104.04750442274457,
                        1.4364073261327646
                    ],
                    [
                        104.04707588240818,
                        1.4364135125184434
                    ],
                    [
                        104.04703086378387,
                        1.4363050653056166
                    ],
                    [
                        104.04735364170219,
                        1.436112961151873
                    ],
                    [
                        104.04739705140791,
                        1.4359750841542838
                    ],
                    [
                        104.04738394504459,
                        1.4359027503602881
                    ],
                    [
                        104.04701660397279,
                        1.4359847586129486
                    ],
                    [
                        104.04694967179688,
                        1.436083144528927
                    ],
                    [
                        104.04678966384662,
                        1.4361344149337
                    ],
                    [
                        104.04665244444307,
                        1.4359662996311051
                    ],
                    [
                        104.04687809088823,
                        1.4357229447788655
                    ],
                    [
                        104.04705400208489,
                        1.4357592463301954
                    ],
                    [
                        104.04715239067467,
                        1.435404132078886
                    ],
                    [
                        104.04708503822818,
                        1.4352729523227223
                    ],
                    [
                        104.04764758465029,
                        1.435128611835469
                    ],
                    [
                        104.04787487467799,
                        1.4353894152093767
                    ],
                    [
                        104.04819303863754,
                        1.435645521772569
                    ],
                    [
                        104.04814760055983,
                        1.4357319491734037
                    ],
                    [
                        104.04824983426978,
                        1.436139501723141
                    ],
                    [
                        104.04832760212108,
                        1.436191205518316
                    ],
                    [
                        104.0481155859208,
                        1.4367072573240522
                    ],
                    [
                        104.04809192315356,
                        1.4370417849742707
                    ],
                    [
                        104.04796190350656,
                        1.4371668002617908
                    ],
                    [
                        104.04816654489106,
                        1.4372357887963396
                    ],
                    [
                        104.04790660995988,
                        1.4375740584206917
                    ],
                    [
                        104.04777285115874,
                        1.4376500199028075
                    ],
                    [
                        104.0476117932914,
                        1.4376500197435533
                    ],
                    [
                        104.04773706008977,
                        1.4372718092653705
                    ],
                    [
                        104.04782653587438,
                        1.437055688334032
                    ],
                    [
                        104.04780864104713,
                        1.4369656386372025
                    ]
                ],
                [
                    [
                        104.04780269923938,
                        1.4358922682527642
                    ],
                    [
                        104.04797375141689,
                        1.436069158874664
                    ],
                    [
                        104.04806217970577,
                        1.435875650593322
                    ],
                    [
                        104.04798217548706,
                        1.4357683380614854
                    ],
                    [
                        104.04780269923938,
                        1.4358922682527642
                    ]
                ]
            ]
        },
        {
            "type": "Polygon",
            "coordinates": [
                [
                    [
                        103.72361678803978,
                        1.1806861386849177
                    ],
                    [
                        103.72351787460299,
                        1.1807529102757908
                    ],
                    [
                        103.72294425027259,
                        1.1806204939593101
                    ],
                    [
                        103.72282454961298,
                        1.1806276698235274
                    ],
                    [
                        103.72246173513192,
                        1.180510240815247
                    ],
                    [
                        103.72224739410304,
                        1.1804986319301272
                    ],
                    [
                        103.72223885782768,
                        1.1803979478481281
                    ],
                    [
                        103.72250064457361,
                        1.1804026275915271
                    ],
                    [
                        103.72282249632018,
                        1.1805420436601501
                    ],
                    [
                        103.72308925509617,
                        1.1805316658884495
                    ],
                    [
                        103.72361678803978,
                        1.1806861386849177
                    ]
                ]
            ]
        },
        {
            "type": "Polygon",
            "coordinates": [
                [
                    [
                        103.75992949369238,
                        1.1952025722089041
                    ],
                    [
                        103.75982073303318,
                        1.1953629791749159
                    ],
                    [
                        103.75972622908667,
                        1.1955201507031314
                    ],
                    [
                        103.75965238154032,
                        1.1952843762918273
                    ],
                    [
                        103.75987035653688,
                        1.1951013911905786
                    ],
                    [
                        103.75994593614716,
                        1.1951783212051665
                    ],
                    [
                        103.75992949369238,
                        1.1952025722089041
                    ]
                ]
            ]
        },
        {
            "type": "Polygon",
            "coordinates": [
                [
                    [
                        103.83371407518824,
                        1.2165296299555255
                    ],
                    [
                        103.8337856554536,
                        1.21624144306221
                    ],
                    [
                        103.83386487317728,
                        1.2163890544702023
                    ],
                    [
                        103.8337140752034,
                        1.2166376998100956
                    ],
                    [
                        103.83371407518824,
                        1.2165296299555255
                    ]
                ]
            ]
        },
        {
            "type": "Polygon",
            "coordinates": [
                [
                    [
                        103.83800892184038,
                        1.2320916803967508
                    ],
                    [
                        103.83800892180898,
                        1.232073668153569
                    ],
                    [
                        103.83807040145746,
                        1.2321321352593124
                    ],
                    [
                        103.83799102697739,
                        1.2321457144447512
                    ],
                    [
                        103.83799102691484,
                        1.2321096917671102
                    ],
                    [
                        103.83799102688354,
                        1.2320916804282946
                    ],
                    [
                        103.83800892184038,
                        1.2320916803967508
                    ]
                ]
            ]
        },
        {
            "type": "Polygon",
            "coordinates": [
                [
                    [
                        103.8247485818425,
                        1.2559929346286396
                    ],
                    [
                        103.82478437237053,
                        1.2559028780696528
                    ],
                    [
                        103.82489174414502,
                        1.2558488444145726
                    ],
                    [
                        103.82489174385609,
                        1.2559389010916824
                    ],
                    [
                        103.82489174379829,
                        1.2559569124271104
                    ],
                    [
                        103.8248738486229,
                        1.2559749246086547
                    ],
                    [
                        103.82476647768277,
                        1.2560469695983005
                    ],
                    [
                        103.82474858178372,
                        1.2560109459640532
                    ],
                    [
                        103.8247485818425,
                        1.2559929346286396
                    ]
                ]
            ]
        },
        {
            "type": "Polygon",
            "coordinates": [
                [
                    [
                        103.73770635338187,
                        1.1655200570758533
                    ],
                    [
                        103.73772424877998,
                        1.1655200576872908
                    ],
                    [
                        103.73774214354589,
                        1.1655921053971448
                    ],
                    [
                        103.7376168769721,
                        1.1655560820879483
                    ],
                    [
                        103.73770635338187,
                        1.1655200570758533
                    ]
                ]
            ]
        },
        {
            "type": "Polygon",
            "coordinates": [
                [
                    [
                        103.70810770046104,
                        1.2066051734914427
                    ],
                    [
                        103.70828403064944,
                        1.2067408415725742
                    ],
                    [
                        103.70832244304506,
                        1.2068753502049436
                    ],
                    [
                        103.70812477411606,
                        1.2067394866988395
                    ],
                    [
                        103.70810770046104,
                        1.2066051734914427
                    ]
                ]
            ]
        },
        {
            "type": "Polygon",
            "coordinates": [
                [
                    [
                        103.83738259007322,
                        1.232559980759596
                    ],
                    [
                        103.83738259001882,
                        1.2325239580820548
                    ],
                    [
                        103.8374899607036,
                        1.2325419692543629
                    ],
                    [
                        103.83750785659002,
                        1.2325599814693247
                    ],
                    [
                        103.83742890088749,
                        1.2326272075852407
                    ],
                    [
                        103.83731100902433,
                        1.2329562357468136
                    ],
                    [
                        103.83725057769337,
                        1.2327232288379935
                    ],
                    [
                        103.83738259007322,
                        1.232559980759596
                    ]
                ]
            ]
        },
        {
            "type": "Polygon",
            "coordinates": [
                [
                    [
                        103.84412907833273,
                        1.2207623718128144
                    ],
                    [
                        103.84420065922119,
                        1.2206543025777101
                    ],
                    [
                        103.84425434483417,
                        1.220672313698933
                    ],
                    [
                        103.84425434490683,
                        1.220690325943386
                    ],
                    [
                        103.84425434497949,
                        1.2207083372834895
                    ],
                    [
                        103.84412907833273,
                        1.2207623718128144
                    ]
                ]
            ]
        },
        {
            "type": "Polygon",
            "coordinates": [
                [
                    [
                        103.754205723457,
                        1.2247429452228609
                    ],
                    [
                        103.75431309454113,
                        1.2246528872756675
                    ],
                    [
                        103.75440257041802,
                        1.2246348758929446
                    ],
                    [
                        103.754205723457,
                        1.2247429452228609
                    ]
                ]
            ]
        },
        {
            "type": "Polygon",
            "coordinates": [
                [
                    [
                        103.7157668443324,
                        1.2160433138826958
                    ],
                    [
                        103.71552808182574,
                        1.215821738879962
                    ],
                    [
                        103.71550219102998,
                        1.215513271121456
                    ],
                    [
                        103.71537315022718,
                        1.2154669403381806
                    ],
                    [
                        103.71533735947801,
                        1.2154309170636755
                    ],
                    [
                        103.71550302143798,
                        1.2154469053492376
                    ],
                    [
                        103.71574589911414,
                        1.215730642859467
                    ],
                    [
                        103.7157668443324,
                        1.2160433138826958
                    ]
                ]
            ]
        },
        {
            "type": "Polygon",
            "coordinates": [
                [
                    [
                        103.8589284054435,
                        1.2206903260630042
                    ],
                    [
                        103.85899998585948,
                        1.2206903262807707
                    ],
                    [
                        103.85892840522622,
                        1.2207623723218057
                    ],
                    [
                        103.85891050961806,
                        1.2207803838317715
                    ],
                    [
                        103.85885682407964,
                        1.2207803843451417
                    ],
                    [
                        103.8589284054435,
                        1.2206903260630042
                    ]
                ]
            ]
        },
        {
            "type": "Polygon",
            "coordinates": [
                [
                    [
                        104.07864560943884,
                        1.420575747141754
                    ],
                    [
                        104.07871719042782,
                        1.4205757476330878
                    ],
                    [
                        104.07875298092213,
                        1.4205757474257579
                    ],
                    [
                        104.07862771470283,
                        1.4206657993540286
                    ],
                    [
                        104.07864560943884,
                        1.420575747141754
                    ]
                ]
            ]
        },
        {
            "type": "Polygon",
            "coordinates": [
                [
                    [
                        103.82494542888378,
                        1.2557587870069313
                    ],
                    [
                        103.82492753422792,
                        1.2556146953610783
                    ],
                    [
                        103.82505280003394,
                        1.2556146957633791
                    ],
                    [
                        103.82494542888378,
                        1.2557587870069313
                    ]
                ]
            ]
        },
        {
            "type": "Polygon",
            "coordinates": [
                [
                    [
                        103.83403618831832,
                        1.214494308552215
                    ],
                    [
                        103.83412566432213,
                        1.2145123207729183
                    ],
                    [
                        103.8341256643431,
                        1.2145843670422727
                    ],
                    [
                        103.83403618831832,
                        1.214494308552215
                    ]
                ]
            ]
        },
        {
            "type": "Polygon",
            "coordinates": [
                [
                    [
                        103.71125725558643,
                        1.2140260041881317
                    ],
                    [
                        103.71165981832654,
                        1.21390757436342
                    ],
                    [
                        103.71194945313019,
                        1.2139712130427787
                    ],
                    [
                        103.71221407159605,
                        1.2138719204601662
                    ],
                    [
                        103.7127609238069,
                        1.2138971089646482
                    ],
                    [
                        103.71284621434528,
                        1.2138557209824086
                    ],
                    [
                        103.71312707631745,
                        1.2139550652194324
                    ],
                    [
                        103.71339620230042,
                        1.2139439843244033
                    ],
                    [
                        103.7137446875746,
                        1.2140585284404946
                    ],
                    [
                        103.71392573619893,
                        1.214039952729095
                    ],
                    [
                        103.71399521963393,
                        1.214152086933212
                    ],
                    [
                        103.7137863141289,
                        1.2141968698609924
                    ],
                    [
                        103.71357485778725,
                        1.214179280522292
                    ],
                    [
                        103.71327623130168,
                        1.2142215299037473
                    ],
                    [
                        103.71305449854817,
                        1.2141252441710193
                    ],
                    [
                        103.71273366931946,
                        1.2141781893079222
                    ],
                    [
                        103.7125793330361,
                        1.2140856515314713
                    ],
                    [
                        103.71248115360139,
                        1.2141609163763367
                    ],
                    [
                        103.71231109678122,
                        1.214092035119666
                    ],
                    [
                        103.71214324238531,
                        1.214181038613049
                    ],
                    [
                        103.7119988745423,
                        1.214686122649405
                    ],
                    [
                        103.71183402529586,
                        1.2146618665011784
                    ],
                    [
                        103.71180071697364,
                        1.2144901399591437
                    ],
                    [
                        103.71165082720238,
                        1.214383160553873
                    ],
                    [
                        103.711428167602,
                        1.2143590446527324
                    ],
                    [
                        103.7113763002139,
                        1.214053532988274
                    ],
                    [
                        103.71127515038282,
                        1.2140260040967772
                    ],
                    [
                        103.71125725558643,
                        1.2140260041881317
                    ]
                ]
            ]
        },
        {
            "type": "Polygon",
            "coordinates": [
                [
                    [
                        103.71107830294784,
                        1.214170098208537
                    ],
                    [
                        103.71113198877637,
                        1.214278168451644
                    ],
                    [
                        103.71114988447184,
                        1.214458284979554
                    ],
                    [
                        103.71116777900083,
                        1.2145843667027751
                    ],
                    [
                        103.71110415928466,
                        1.21459437601433
                    ],
                    [
                        103.71078028829287,
                        1.2144129043720857
                    ],
                    [
                        103.71085309219454,
                        1.2142724338428657
                    ],
                    [
                        103.71080987533716,
                        1.2141160629322543
                    ],
                    [
                        103.71091652986459,
                        1.2140546750899694
                    ],
                    [
                        103.71107830294784,
                        1.214170098208537
                    ]
                ],
                [
                    [
                        103.71093514133031,
                        1.2142421450288137
                    ],
                    [
                        103.71095303711495,
                        1.2142601562397501
                    ],
                    [
                        103.71100672240662,
                        1.2142601568762834
                    ],
                    [
                        103.71093514187508,
                        1.2141700980202854
                    ],
                    [
                        103.71093514133031,
                        1.2142421450288137
                    ]
                ]
            ]
        },
        {
            "type": "Polygon",
            "coordinates": [
                [
                    [
                        104.0386284063306,
                        1.4408738172859306
                    ],
                    [
                        104.03840101110976,
                        1.440870509856724
                    ],
                    [
                        104.03817829991385,
                        1.4409540284806686
                    ],
                    [
                        104.03800207370566,
                        1.4408558067299515
                    ],
                    [
                        104.03827948464485,
                        1.4408602220328282
                    ],
                    [
                        104.03840992362461,
                        1.4407932768838765
                    ],
                    [
                        104.0386284063306,
                        1.4408738172859306
                    ]
                ]
            ]
        },
        {
            "type": "Polygon",
            "coordinates": [
                [
                    [
                        103.72625342846372,
                        1.2022823495449624
                    ],
                    [
                        103.72607447637036,
                        1.2023363845486406
                    ],
                    [
                        103.72591341989884,
                        1.202390420248531
                    ],
                    [
                        103.72591342001935,
                        1.202318373195698
                    ],
                    [
                        103.72605516588658,
                        1.202213662510324
                    ],
                    [
                        103.72625342846372,
                        1.2022823495449624
                    ]
                ]
            ]
        },
        {
            "type": "Polygon",
            "coordinates": [
                [
                    [
                        103.84371748943391,
                        1.2232479799577851
                    ],
                    [
                        103.84389644049055,
                        1.223320026422685
                    ],
                    [
                        103.84373538391871,
                        1.2233740610751618
                    ],
                    [
                        103.84371748895084,
                        1.223356049805157
                    ],
                    [
                        103.84371748943391,
                        1.2232479799577851
                    ]
                ]
            ]
        },
        {
            "type": "Polygon",
            "coordinates": [
                [
                    [
                        103.72299650315438,
                        1.2029848084178898
                    ],
                    [
                        103.72277204404287,
                        1.2030853156913186
                    ],
                    [
                        103.72251333282615,
                        1.2029848086089932
                    ],
                    [
                        103.72270684993427,
                        1.202973639479504
                    ],
                    [
                        103.7228248555994,
                        1.203045281659825
                    ],
                    [
                        103.72299650315438,
                        1.2029848084178898
                    ]
                ]
            ]
        },
        {
            "type": "Polygon",
            "coordinates": [
                [
                    [
                        104.02132375213922,
                        1.4353627429491194
                    ],
                    [
                        104.02130585793459,
                        1.4353447323132487
                    ],
                    [
                        104.0213237524656,
                        1.435344732641896
                    ],
                    [
                        104.02132375213922,
                        1.4353627429491194
                    ]
                ]
            ]
        },
        {
            "type": "Polygon",
            "coordinates": [
                [
                    [
                        103.83929737613254,
                        1.230218474142999
                    ],
                    [
                        103.83931527127741,
                        1.2303085335109418
                    ],
                    [
                        103.83926158476494,
                        1.2303625676486014
                    ],
                    [
                        103.8392615848047,
                        1.2303805789876312
                    ],
                    [
                        103.83902894714984,
                        1.2304886484361102
                    ],
                    [
                        103.8390110530261,
                        1.2304526248921006
                    ],
                    [
                        103.83910875986096,
                        1.2303853815046282
                    ],
                    [
                        103.8391900045519,
                        1.2301644403652061
                    ],
                    [
                        103.83929737613254,
                        1.230218474142999
                    ]
                ]
            ]
        },
        {
            "type": "Polygon",
            "coordinates": [
                [
                    [
                        104.02785904619556,
                        1.4073382210979968
                    ],
                    [
                        104.02792920427378,
                        1.407930779098674
                    ],
                    [
                        104.0277147158928,
                        1.407907405863607
                    ],
                    [
                        104.02770665804458,
                        1.4076109866765076
                    ],
                    [
                        104.02757272347046,
                        1.4073562319005422
                    ],
                    [
                        104.02780536059171,
                        1.4072841901667439
                    ],
                    [
                        104.02785904619556,
                        1.4073382210979968
                    ]
                ]
            ]
        },
        {
            "type": "Polygon",
            "coordinates": [
                [
                    [
                        104.0144877871985,
                        1.4289511494971892
                    ],
                    [
                        104.01420146486697,
                        1.4288971186441688
                    ],
                    [
                        104.01434462667456,
                        1.4289151284655157
                    ],
                    [
                        104.01441620732292,
                        1.4289151291194626
                    ],
                    [
                        104.0144877871985,
                        1.4289511494971892
                    ]
                ]
            ]
        },
        {
            "type": "Polygon",
            "coordinates": [
                [
                    [
                        103.80651337851904,
                        1.4703193384306343
                    ],
                    [
                        103.80620916046205,
                        1.4702653098718659
                    ],
                    [
                        103.8062628453807,
                        1.4702473001304397
                    ],
                    [
                        103.80635232236254,
                        1.470265309808608
                    ],
                    [
                        103.80640600706435,
                        1.4702653095564022
                    ],
                    [
                        103.80642390286354,
                        1.4702653097735099
                    ],
                    [
                        103.80651337851904,
                        1.4703193384306343
                    ]
                ]
            ]
        },
        {
            "type": "Polygon",
            "coordinates": [
                [
                    [
                        103.833678284516,
                        1.21600729112288
                    ],
                    [
                        103.83367828451144,
                        1.2159712675364038
                    ],
                    [
                        103.83376775969464,
                        1.2161874081377355
                    ],
                    [
                        103.833678284516,
                        1.21600729112288
                    ]
                ]
            ]
        },
        {
            "type": "Polygon",
            "coordinates": [
                [
                    [
                        103.85209244084363,
                        1.2240404918938577
                    ],
                    [
                        103.85205664986647,
                        1.2241305497449149
                    ],
                    [
                        103.852020859162,
                        1.2241305499961637
                    ],
                    [
                        103.85209244084363,
                        1.2240404918938577
                    ]
                ]
            ]
        },
        {
            "type": "Polygon",
            "coordinates": [
                [
                    [
                        104.0222185115441,
                        1.434372188732721
                    ],
                    [
                        104.02218272192118,
                        1.4343541786853056
                    ],
                    [
                        104.02218272172793,
                        1.4342641289617606
                    ],
                    [
                        104.02230798807052,
                        1.4343541791326628
                    ],
                    [
                        104.0222364069652,
                        1.434372189055115
                    ],
                    [
                        104.0222185115441,
                        1.434372188732721
                    ]
                ]
            ]
        },
        {
            "type": "Polygon",
            "coordinates": [
                [
                    [
                        104.01189822179383,
                        1.4269153257404488
                    ],
                    [
                        104.01185719404847,
                        1.4268799838649382
                    ],
                    [
                        104.01191088016884,
                        1.4268799841939392
                    ],
                    [
                        104.01196456547328,
                        1.4269160042533529
                    ],
                    [
                        104.01194667018227,
                        1.4269520244788134
                    ],
                    [
                        104.01193232339143,
                        1.4269411561036995
                    ],
                    [
                        104.01189822179383,
                        1.4269153257404488
                    ]
                ]
            ]
        },
        {
            "type": "Polygon",
            "coordinates": [
                [
                    [
                        103.75390150501254,
                        1.2111441310787208
                    ],
                    [
                        103.75351889033973,
                        1.210916838488519
                    ],
                    [
                        103.753346753967,
                        1.2108559434227706
                    ],
                    [
                        103.75349966692868,
                        1.2108454953134897
                    ],
                    [
                        103.75367220457368,
                        1.2109805120994035
                    ],
                    [
                        103.75386868544804,
                        1.2110361480794745
                    ],
                    [
                        103.75390150501254,
                        1.2111441310787208
                    ]
                ]
            ]
        },
        {
            "type": "Polygon",
            "coordinates": [
                [
                    [
                        104.04696756649642,
                        1.4378841508021736
                    ],
                    [
                        104.04702125316877,
                        1.4379561913812047
                    ],
                    [
                        104.04688497673352,
                        1.438073761637161
                    ],
                    [
                        104.04656394654631,
                        1.4381623085356714
                    ],
                    [
                        104.04648684336009,
                        1.4382532028031294
                    ],
                    [
                        104.04616763038909,
                        1.4383354443003205
                    ],
                    [
                        104.04598336659866,
                        1.4383185817516893
                    ],
                    [
                        104.04583978529666,
                        1.4384540137012223
                    ],
                    [
                        104.04548226581046,
                        1.438424452978478
                    ],
                    [
                        104.04581874467168,
                        1.4381902824161097
                    ],
                    [
                        104.04589728086526,
                        1.4380381684567827
                    ],
                    [
                        104.04604809666516,
                        1.4379607105706005
                    ],
                    [
                        104.04614438763447,
                        1.4377941008037758
                    ],
                    [
                        104.0463021243353,
                        1.4376777033350803
                    ],
                    [
                        104.04652514973112,
                        1.437695428598153
                    ],
                    [
                        104.04654744945191,
                        1.4378924878028445
                    ],
                    [
                        104.04670826068003,
                        1.4378198573024907
                    ],
                    [
                        104.04696756649642,
                        1.4378841508021736
                    ]
                ]
            ]
        },
        {
            "type": "Polygon",
            "coordinates": [
                [
                    [
                        103.74141065812653,
                        1.1723646172321152
                    ],
                    [
                        103.74141065871395,
                        1.1723466050042834
                    ],
                    [
                        103.7414285535699,
                        1.1723646169189532
                    ],
                    [
                        103.74141065812653,
                        1.1723646172321152
                    ]
                ]
            ]
        },
        {
            "type": "Polygon",
            "coordinates": [
                [
                    [
                        104.02576176127671,
                        1.4184692346536036
                    ],
                    [
                        104.02575008620391,
                        1.418558986909258
                    ],
                    [
                        104.02544793120656,
                        1.4190719084113956
                    ],
                    [
                        104.02534108356745,
                        1.4193477467724387
                    ],
                    [
                        104.02497437250346,
                        1.4198740301046524
                    ],
                    [
                        104.02483121018277,
                        1.4200721427459297
                    ],
                    [
                        104.02472383969663,
                        1.4198920404944126
                    ],
                    [
                        104.02500006124356,
                        1.419655959920903
                    ],
                    [
                        104.02503051991435,
                        1.4194627284584622
                    ],
                    [
                        104.0250610283214,
                        1.4194151873880774
                    ],
                    [
                        104.02529896740798,
                        1.4192336437230226
                    ],
                    [
                        104.02528369359176,
                        1.419019469320474
                    ],
                    [
                        104.02543845933762,
                        1.4189097947493983
                    ],
                    [
                        104.02555222601772,
                        1.418709822467912
                    ],
                    [
                        104.02553237322657,
                        1.4185745564694527
                    ],
                    [
                        104.02576176127671,
                        1.4184692346536036
                    ]
                ]
            ]
        },
        {
            "type": "Polygon",
            "coordinates": [
                [
                    [
                        103.85116188987885,
                        1.2135396891222598
                    ],
                    [
                        103.85107241454303,
                        1.2137738407581968
                    ],
                    [
                        103.85105451869256,
                        1.2137558295357715
                    ],
                    [
                        103.85116188987885,
                        1.2135396891222598
                    ]
                ]
            ]
        },
        {
            "type": "Polygon",
            "coordinates": [
                [
                    [
                        103.85017765450822,
                        1.2208164071041074
                    ],
                    [
                        103.85023133993793,
                        1.2207983954255006
                    ],
                    [
                        103.85029346659984,
                        1.220869193270526
                    ],
                    [
                        103.84998080719627,
                        1.2211045933892732
                    ],
                    [
                        103.84987343553213,
                        1.2211586289794647
                    ],
                    [
                        103.84965869308934,
                        1.2212666992426406
                    ],
                    [
                        103.84962290310396,
                        1.2212306749731996
                    ],
                    [
                        103.84967658868275,
                        1.221086583023889
                    ],
                    [
                        103.8496944835658,
                        1.2210865829143445
                    ],
                    [
                        103.84979600096386,
                        1.2209630505103228
                    ],
                    [
                        103.85015975962699,
                        1.220816407216864
                    ],
                    [
                        103.85015975951502,
                        1.2207983958772444
                    ],
                    [
                        103.85017765450822,
                        1.2208164071041074
                    ]
                ]
            ]
        },
        {
            "type": "Polygon",
            "coordinates": [
                [
                    [
                        103.83886789132043,
                        1.2307227998017232
                    ],
                    [
                        103.83886789135757,
                        1.2307408111407
                    ],
                    [
                        103.83884999551125,
                        1.2307408111780112
                    ],
                    [
                        103.83886789132043,
                        1.2307227998017232
                    ]
                ]
            ]
        },
        {
            "type": "Polygon",
            "coordinates": [
                [
                    [
                        103.83990581284674,
                        1.2403049469730614
                    ],
                    [
                        103.83990581289116,
                        1.240322958310699
                    ],
                    [
                        103.83988791698077,
                        1.2403229583553632
                    ],
                    [
                        103.83990581284674,
                        1.2403049469730614
                    ]
                ]
            ]
        },
        {
            "type": "Polygon",
            "coordinates": [
                [
                    [
                        103.83326669494079,
                        1.2132515016732321
                    ],
                    [
                        103.83330248550358,
                        1.2132515016738812
                    ],
                    [
                        103.83335617089911,
                        1.2133235479439801
                    ],
                    [
                        103.83330674895701,
                        1.2134550300126996
                    ],
                    [
                        103.83339196146905,
                        1.2136117357362546
                    ],
                    [
                        103.83328516751332,
                        1.2135333914659272
                    ],
                    [
                        103.83326669494079,
                        1.2132515016732321
                    ]
                ]
            ]
        },
        {
            "type": "Polygon",
            "coordinates": [
                [
                    [
                        103.74166119099712,
                        1.1667628866981676
                    ],
                    [
                        103.74169698181315,
                        1.1667628869672362
                    ],
                    [
                        103.74166119162804,
                        1.1667989111555634
                    ],
                    [
                        103.74166119099712,
                        1.1667628866981676
                    ]
                ]
            ]
        },
        {
            "type": "Polygon",
            "coordinates": [
                [
                    [
                        103.8324793066621,
                        1.2144943085083992
                    ],
                    [
                        103.8324614109175,
                        1.214512320748258
                    ],
                    [
                        103.83237193492472,
                        1.2144943084721103
                    ],
                    [
                        103.8324793066621,
                        1.2144943085083992
                    ]
                ]
            ]
        },
        {
            "type": "Polygon",
            "coordinates": [
                [
                    [
                        103.76025429894432,
                        1.1983017431496925
                    ],
                    [
                        103.76020061352219,
                        1.1982477077218927
                    ],
                    [
                        103.7601827181321,
                        1.1981036138987053
                    ],
                    [
                        103.76021124533655,
                        1.1981216259937335
                    ],
                    [
                        103.7603974603519,
                        1.1982657189057873
                    ],
                    [
                        103.76025429894432,
                        1.1983017431496925
                    ]
                ]
            ]
        },
        {
            "type": "Polygon",
            "coordinates": [
                [
                    [
                        103.86266994428648,
                        1.4315994855664829
                    ],
                    [
                        103.86268783978146,
                        1.4315994853360223
                    ],
                    [
                        103.86266994384572,
                        1.4316355054678838
                    ],
                    [
                        103.86266994428648,
                        1.4315994855664829
                    ]
                ]
            ]
        },
        {
            "type": "Polygon",
            "coordinates": [
                [
                    [
                        103.81134508131385,
                        1.2598833979333117
                    ],
                    [
                        103.8112556054468,
                        1.2599014094099608
                    ],
                    [
                        103.81120191898006,
                        1.2598113522829848
                    ],
                    [
                        103.81143455673231,
                        1.2598113524523056
                    ],
                    [
                        103.81134508131385,
                        1.2598833979333117
                    ]
                ]
            ]
        },
        {
            "type": "Polygon",
            "coordinates": [
                [
                    [
                        103.7498750866513,
                        1.2126210914916036
                    ],
                    [
                        103.74989298090867,
                        1.212639103369047
                    ],
                    [
                        103.74982140001659,
                        1.2126931387318336
                    ],
                    [
                        103.7498750866513,
                        1.2126210914916036
                    ]
                ]
            ]
        },
        {
            "type": "Polygon",
            "coordinates": [
                [
                    [
                        104.07300862321365,
                        1.42551053452916
                    ],
                    [
                        104.07282163218488,
                        1.4256470783874706
                    ],
                    [
                        104.07261492930948,
                        1.4257266562028812
                    ],
                    [
                        104.07283023096515,
                        1.4255188886543688
                    ],
                    [
                        104.07300862321365,
                        1.42551053452916
                    ]
                ]
            ]
        },
        {
            "type": "Polygon",
            "coordinates": [
                [
                    [
                        103.71903561818033,
                        1.179965662437885
                    ],
                    [
                        103.71903561801697,
                        1.179947650223762
                    ],
                    [
                        103.7190535122705,
                        1.1799116256309445
                    ],
                    [
                        103.71903561818033,
                        1.179965662437885
                    ]
                ]
            ]
        },
        {
            "type": "Polygon",
            "coordinates": [
                [
                    [
                        103.85198506960494,
                        1.2241665729249236
                    ],
                    [
                        103.85196717442491,
                        1.224256631553816
                    ],
                    [
                        103.8518955923618,
                        1.2242926547314694
                    ],
                    [
                        103.85198506960494,
                        1.2241665729249236
                    ]
                ]
            ]
        },
        {
            "type": "Polygon",
            "coordinates": [
                [
                    [
                        103.71837349545522,
                        1.1801818050588253
                    ],
                    [
                        103.71837349513729,
                        1.1801457806314541
                    ],
                    [
                        103.71853455201926,
                        1.1800737339487732
                    ],
                    [
                        103.71867771405869,
                        1.1800737335604992
                    ],
                    [
                        103.71865981890083,
                        1.1801097572458654
                    ],
                    [
                        103.71860613294295,
                        1.180163792563806
                    ],
                    [
                        103.7185898279775,
                        1.180291318939469
                    ],
                    [
                        103.71837349519255,
                        1.1802538521047605
                    ],
                    [
                        103.71837349545522,
                        1.1801818050588253
                    ]
                ]
            ]
        },
        {
            "type": "Polygon",
            "coordinates": [
                [
                    [
                        103.74309280687031,
                        1.167177163004453
                    ],
                    [
                        103.74296754078813,
                        1.1671771625740583
                    ],
                    [
                        103.74277069331536,
                        1.167141138978314
                    ],
                    [
                        103.74304051910481,
                        1.1669954600015646
                    ],
                    [
                        103.7433970251899,
                        1.167123127079414
                    ],
                    [
                        103.74324297599492,
                        1.1672262739421781
                    ],
                    [
                        103.74309280687031,
                        1.167177163004453
                    ]
                ]
            ]
        },
        {
            "type": "Polygon",
            "coordinates": [
                [
                    [
                        103.64907145263997,
                        1.3725240640414198
                    ],
                    [
                        103.64921461450312,
                        1.372542074604767
                    ],
                    [
                        103.649143032701,
                        1.3726501382178669
                    ],
                    [
                        103.64910724290948,
                        1.3725780959694505
                    ],
                    [
                        103.64907145263997,
                        1.3725240640414198
                    ]
                ]
            ]
        },
        {
            "type": "Polygon",
            "coordinates": [
                [
                    [
                        103.81041453102323,
                        1.2599014093359946
                    ],
                    [
                        103.81052190176656,
                        1.2598113527117023
                    ],
                    [
                        103.81079033039171,
                        1.259847375016975
                    ],
                    [
                        103.81095138636938,
                        1.259883397272892
                    ],
                    [
                        103.81070994154344,
                        1.259949005047539
                    ],
                    [
                        103.81041453102323,
                        1.2599014093359946
                    ]
                ]
            ]
        },
        {
            "type": "Polygon",
            "coordinates": [
                [
                    [
                        104.01134178141713,
                        1.4265551220657147
                    ],
                    [
                        104.01137757084868,
                        1.4265731323111632
                    ],
                    [
                        104.01135967700726,
                        1.4266631834886783
                    ],
                    [
                        104.01128809488924,
                        1.4265731329454812
                    ],
                    [
                        104.01134178141713,
                        1.4265551220657147
                    ]
                ]
            ]
        },
        {
            "type": "Polygon",
            "coordinates": [
                [
                    [
                        103.79828158920748,
                        1.2679704972522747
                    ],
                    [
                        103.79855001638137,
                        1.2678264066333103
                    ],
                    [
                        103.79853212160344,
                        1.2678624290525622
                    ],
                    [
                        103.79833527376003,
                        1.2681145877232491
                    ],
                    [
                        103.79828158920748,
                        1.2679704972522747
                    ]
                ]
            ]
        },
        {
            "type": "Polygon",
            "coordinates": [
                [
                    [
                        104.01953423231944,
                        1.4243765731949
                    ],
                    [
                        104.0195700230124,
                        1.4243765739022258
                    ],
                    [
                        104.01957002360086,
                        1.4244846348620868
                    ],
                    [
                        104.01948054741095,
                        1.424502644308421
                    ],
                    [
                        104.01932745894182,
                        1.4244926418747759
                    ],
                    [
                        104.01906895786404,
                        1.4246467258516224
                    ],
                    [
                        104.01912264298791,
                        1.4245566753668122
                    ],
                    [
                        104.01914053869064,
                        1.42453866541241
                    ],
                    [
                        104.01939107169703,
                        1.424358564570766
                    ],
                    [
                        104.01953423231944,
                        1.4243765731949
                    ]
                ]
            ]
        },
        {
            "type": "Polygon",
            "coordinates": [
                [
                    [
                        104.0464128157282,
                        1.4374879298058922
                    ],
                    [
                        104.0465382911991,
                        1.4375844428065194
                    ],
                    [
                        104.04677071962978,
                        1.4376140006803126
                    ],
                    [
                        104.04639750648683,
                        1.4376240252865196
                    ],
                    [
                        104.04639492030952,
                        1.4374879296773737
                    ],
                    [
                        104.0464128157282,
                        1.4374879298058922
                    ]
                ]
            ]
        },
        {
            "type": "Polygon",
            "coordinates": [
                [
                    [
                        103.85355984682052,
                        1.2211226053478088
                    ],
                    [
                        103.85354195090459,
                        1.2211045932396454
                    ],
                    [
                        103.8535419516686,
                        1.2210865828047677
                    ],
                    [
                        103.85359563627111,
                        1.2209605012146536
                    ],
                    [
                        103.85359563640594,
                        1.2209785116495357
                    ],
                    [
                        103.85355984682052,
                        1.2211226053478088
                    ]
                ]
            ]
        },
        {
            "type": "Polygon",
            "coordinates": [
                [
                    [
                        103.7918572131603,
                        1.4621068602025311
                    ],
                    [
                        103.79185721372839,
                        1.4621248696938358
                    ],
                    [
                        103.79200037491094,
                        1.4622329292983343
                    ],
                    [
                        103.79203616604725,
                        1.4622509394524317
                    ],
                    [
                        103.79208985061605,
                        1.462395018184647
                    ],
                    [
                        103.79205406004661,
                        1.4623950184270078
                    ],
                    [
                        103.79203616554035,
                        1.4623770086045316
                    ],
                    [
                        103.79168605569092,
                        1.4622070749404248
                    ],
                    [
                        103.79156491336279,
                        1.4620826259520057
                    ],
                    [
                        103.79153218170086,
                        1.4619342374049262
                    ],
                    [
                        103.79164247119887,
                        1.4619807915703769
                    ],
                    [
                        103.79176773752891,
                        1.4620888508549275
                    ],
                    [
                        103.7918572131603,
                        1.4621068602025311
                    ]
                ]
            ]
        },
        {
            "type": "Polygon",
            "coordinates": [
                [
                    [
                        103.85150189877106,
                        1.213251500875802
                    ],
                    [
                        103.85148400304132,
                        1.21325150099668
                    ],
                    [
                        103.8514840038198,
                        1.213233489656168
                    ],
                    [
                        103.85150189877106,
                        1.213251500875802
                    ]
                ]
            ]
        },
        {
            "type": "Polygon",
            "coordinates": [
                [
                    [
                        103.74912348762092,
                        1.2015798903253003
                    ],
                    [
                        103.7490876975964,
                        1.201597902346938
                    ],
                    [
                        103.74912348727396,
                        1.201561878097526
                    ],
                    [
                        103.74912348762092,
                        1.2015798903253003
                    ]
                ]
            ]
        },
        {
            "type": "Polygon",
            "coordinates": [
                [
                    [
                        103.79863949253799,
                        1.267880440928974
                    ],
                    [
                        103.7990412424301,
                        1.2677947812575232
                    ],
                    [
                        103.79906897743358,
                        1.2675922590625153
                    ],
                    [
                        103.79910476715945,
                        1.267574248208059
                    ],
                    [
                        103.7992300340029,
                        1.2678804406855164
                    ],
                    [
                        103.79912266259075,
                        1.2678984523994528
                    ],
                    [
                        103.79890792047613,
                        1.2678804409173379
                    ],
                    [
                        103.7987826542871,
                        1.2679344741344463
                    ],
                    [
                        103.79865738725454,
                        1.2679164638315017
                    ],
                    [
                        103.79863949253799,
                        1.267880440928974
                    ]
                ]
            ]
        },
        {
            "type": "Polygon",
            "coordinates": [
                [
                    [
                        103.84380696550353,
                        1.2211045939827139
                    ],
                    [
                        103.84380696543383,
                        1.2210865826426374
                    ],
                    [
                        103.8438248603173,
                        1.221086582572414
                    ],
                    [
                        103.84380696550353,
                        1.2211045939827139
                    ]
                ]
            ]
        },
        {
            "type": "Polygon",
            "coordinates": [
                [
                    [
                        103.83264036323565,
                        1.2377292984990849
                    ],
                    [
                        103.83258667735338,
                        1.2377292984844213
                    ],
                    [
                        103.83281931499243,
                        1.2376572513788464
                    ],
                    [
                        103.83269404822373,
                        1.237711286270164
                    ],
                    [
                        103.83264036323565,
                        1.2377292984990849
                    ]
                ]
            ]
        },
        {
            "type": "Polygon",
            "coordinates": [
                [
                    [
                        103.76460283180725,
                        1.1913311648123306
                    ],
                    [
                        103.76449546061932,
                        1.1914572477641023
                    ],
                    [
                        103.76449546016345,
                        1.1914032119616609
                    ],
                    [
                        103.76451335618577,
                        1.1913852001759737
                    ],
                    [
                        103.76453125130932,
                        1.1913671892944773
                    ],
                    [
                        103.76454914553418,
                        1.1913491775084792
                    ],
                    [
                        103.76456704065731,
                        1.1913311648179905
                    ],
                    [
                        103.76460283180725,
                        1.1913311648123306
                    ]
                ]
            ]
        },
        {
            "type": "Polygon",
            "coordinates": [
                [
                    [
                        103.84672388196533,
                        1.2182227276547888
                    ],
                    [
                        103.84668809098335,
                        1.2181506815681002
                    ],
                    [
                        103.84672388197475,
                        1.21804261153897
                    ],
                    [
                        103.84674177629552,
                        1.2181146577149005
                    ],
                    [
                        103.84672388196533,
                        1.2182227276547888
                    ]
                ]
            ]
        },
        {
            "type": "Polygon",
            "coordinates": [
                [
                    [
                        103.73999693804659,
                        1.1674113188558894
                    ],
                    [
                        103.74001483376254,
                        1.1674293307770516
                    ],
                    [
                        103.74001483408263,
                        1.1675013796880986
                    ],
                    [
                        103.73997904292489,
                        1.1673752956112524
                    ],
                    [
                        103.73999693804659,
                        1.1674113188558894
                    ]
                ]
            ]
        },
        {
            "type": "Polygon",
            "coordinates": [
                [
                    [
                        103.75218356624396,
                        1.2264000145900986
                    ],
                    [
                        103.75252357494153,
                        1.226273933029786
                    ],
                    [
                        103.75231924820442,
                        1.2263924862752824
                    ],
                    [
                        103.75218356624396,
                        1.2264000145900986
                    ]
                ]
            ]
        },
        {
            "type": "Polygon",
            "coordinates": [
                [
                    [
                        103.83983423113453,
                        1.2403589811639122
                    ],
                    [
                        103.83983423104664,
                        1.2403229584886213
                    ],
                    [
                        103.83988791698077,
                        1.2403229583553632
                    ],
                    [
                        103.83992370727186,
                        1.2404310281004514
                    ],
                    [
                        103.83988791724667,
                        1.2404310272855412
                    ],
                    [
                        103.83987002218987,
                        1.240413015992461
                    ],
                    [
                        103.83983423113453,
                        1.2403589811639122
                    ]
                ]
            ]
        },
        {
            "type": "Polygon",
            "coordinates": [
                [
                    [
                        103.72868112782778,
                        1.1814966752520508
                    ],
                    [
                        103.72813525475105,
                        1.1816119582126303
                    ],
                    [
                        103.72802303382365,
                        1.1817214724235698
                    ],
                    [
                        103.72789338956852,
                        1.181675739209102
                    ],
                    [
                        103.7276345999192,
                        1.1817935200180565
                    ],
                    [
                        103.72696469201561,
                        1.1817412084742556
                    ],
                    [
                        103.72674844760328,
                        1.1816407705055307
                    ],
                    [
                        103.7270303927826,
                        1.181612767796972
                    ],
                    [
                        103.72724814985098,
                        1.1815351609377134
                    ],
                    [
                        103.72759157470188,
                        1.181565767845531
                    ],
                    [
                        103.72795258961307,
                        1.1814282504834421
                    ],
                    [
                        103.72855493531823,
                        1.1814350054953036
                    ],
                    [
                        103.72868112782778,
                        1.1814966752520508
                    ]
                ]
            ]
        },
        {
            "type": "Polygon",
            "coordinates": [
                [
                    [
                        104.0282670878951,
                        1.43815430160035
                    ],
                    [
                        104.02832077369014,
                        1.438190322106589
                    ],
                    [
                        104.02844604009867,
                        1.438244351276043
                    ],
                    [
                        104.02853551608561,
                        1.438388432300657
                    ],
                    [
                        104.02803444981528,
                        1.438154301684827
                    ],
                    [
                        104.02807024097467,
                        1.4381362910258737
                    ],
                    [
                        104.02819550728658,
                        1.4381362911206688
                    ],
                    [
                        104.0282670878951,
                        1.43815430160035
                    ]
                ]
            ]
        },
        {
            "type": "Polygon",
            "coordinates": [
                [
                    [
                        103.85139452756586,
                        1.2133235478656812
                    ],
                    [
                        103.85141242341567,
                        1.213341559990273
                    ],
                    [
                        103.85141242263673,
                        1.2133595713307774
                    ],
                    [
                        103.85139452792423,
                        1.2133775836959433
                    ],
                    [
                        103.85134084163097,
                        1.2133775831517437
                    ],
                    [
                        103.85139452756586,
                        1.2133235478656812
                    ]
                ]
            ]
        },
        {
            "type": "Polygon",
            "coordinates": [
                [
                    [
                        103.72948641199596,
                        1.1906467142668735
                    ],
                    [
                        103.72957588729341,
                        1.190592678286855
                    ],
                    [
                        103.72970607269298,
                        1.1906195202180008
                    ],
                    [
                        103.72977273522079,
                        1.190412559925518
                    ],
                    [
                        103.73001176883369,
                        1.190378963684649
                    ],
                    [
                        103.73020493737886,
                        1.1904879151810042
                    ],
                    [
                        103.73023236537594,
                        1.1905795925048102
                    ],
                    [
                        103.73008958789583,
                        1.1908776148838902
                    ],
                    [
                        103.72993379123528,
                        1.1909529154031442
                    ],
                    [
                        103.72984431568821,
                        1.1908448450390534
                    ],
                    [
                        103.72986221100768,
                        1.190754785523426
                    ],
                    [
                        103.72964250518037,
                        1.1907631407744228
                    ],
                    [
                        103.72950430732534,
                        1.1907007497935265
                    ],
                    [
                        103.72948641177103,
                        1.190700750019545
                    ],
                    [
                        103.72948641132199,
                        1.1906647264858587
                    ],
                    [
                        103.72948641199596,
                        1.1906467142668735
                    ]
                ]
            ]
        },
        {
            "type": "Polygon",
            "coordinates": [
                [
                    [
                        104.02821340241192,
                        1.4219812225505735
                    ],
                    [
                        104.0281955074178,
                        1.4220172419616262
                    ],
                    [
                        104.02819550716936,
                        1.4220892831697192
                    ],
                    [
                        104.02819550720778,
                        1.4221433131713874
                    ],
                    [
                        104.02817761160074,
                        1.422161323184856
                    ],
                    [
                        104.02807852465082,
                        1.4224938434672127
                    ],
                    [
                        104.02803791021337,
                        1.4228131904174133
                    ],
                    [
                        104.0280367573971,
                        1.4232748013843521
                    ],
                    [
                        104.0279913900947,
                        1.4234841253721855
                    ],
                    [
                        104.0280441671665,
                        1.4236287215016987
                    ],
                    [
                        104.02803902860262,
                        1.4238911044091351
                    ],
                    [
                        104.02812920436416,
                        1.4241265021950484
                    ],
                    [
                        104.02810917615011,
                        1.4243770094250743
                    ],
                    [
                        104.0281501056559,
                        1.4246744096982455
                    ],
                    [
                        104.02834828021726,
                        1.425202846633944
                    ],
                    [
                        104.02860070033583,
                        1.425481111622285
                    ],
                    [
                        104.02867867815742,
                        1.4256552943761596
                    ],
                    [
                        104.02858920136444,
                        1.425601263875148
                    ],
                    [
                        104.02830287825624,
                        1.4253311120636605
                    ],
                    [
                        104.02828498314351,
                        1.4252590714780147
                    ],
                    [
                        104.02818446246329,
                        1.4251054005719002
                    ],
                    [
                        104.02802840361232,
                        1.4244144585484224
                    ],
                    [
                        104.02789286153504,
                        1.4235323170626555
                    ],
                    [
                        104.0279538875322,
                        1.422560994537398
                    ],
                    [
                        104.02804273461983,
                        1.4220615992546979
                    ],
                    [
                        104.02817998906546,
                        1.421462404791522
                    ],
                    [
                        104.02826285815244,
                        1.4209778053226407
                    ],
                    [
                        104.02826708811189,
                        1.420756530111202
                    ],
                    [
                        104.02841325560907,
                        1.4205762600318073
                    ],
                    [
                        104.02854442870971,
                        1.420228245357538
                    ],
                    [
                        104.02868975662001,
                        1.419638139005567
                    ],
                    [
                        104.02883218436224,
                        1.4193966016471644
                    ],
                    [
                        104.02920620117379,
                        1.4182978175172969
                    ],
                    [
                        104.029273587852,
                        1.418234992316473
                    ],
                    [
                        104.02952904945535,
                        1.417794195210131
                    ],
                    [
                        104.02968531753147,
                        1.4174310186051868
                    ],
                    [
                        104.02987835482702,
                        1.4168670124696363
                    ],
                    [
                        104.02995783444094,
                        1.4165147833418152
                    ],
                    [
                        104.03005000189616,
                        1.4163315551378488
                    ],
                    [
                        104.03011987005436,
                        1.4159451845806532
                    ],
                    [
                        104.03026603695844,
                        1.415507139690929
                    ],
                    [
                        104.03032105034444,
                        1.4149471643061426
                    ],
                    [
                        104.03033247972205,
                        1.414577998736692
                    ],
                    [
                        104.0304898662105,
                        1.414182359164462
                    ],
                    [
                        104.03065567789493,
                        1.4141714764055422
                    ],
                    [
                        104.03051940132494,
                        1.4144121912286074
                    ],
                    [
                        104.03053226357137,
                        1.4145392778282833
                    ],
                    [
                        104.03039049941067,
                        1.4147383365529695
                    ],
                    [
                        104.03037026331268,
                        1.4150255281963138
                    ],
                    [
                        104.03044911358879,
                        1.415096416836142
                    ],
                    [
                        104.0303729541371,
                        1.4156273107608435
                    ],
                    [
                        104.03025614517986,
                        1.4160054981744072
                    ],
                    [
                        104.03022727539506,
                        1.416227631904884
                    ],
                    [
                        104.03011913573887,
                        1.4165929848234593
                    ],
                    [
                        104.02994483241233,
                        1.4169786299633766
                    ],
                    [
                        104.0299215545207,
                        1.4171266428923426
                    ],
                    [
                        104.02969126804385,
                        1.4177308165839013
                    ],
                    [
                        104.02947207831994,
                        1.4180070200609227
                    ],
                    [
                        104.02939347155538,
                        1.4182788226923466
                    ],
                    [
                        104.02924108293954,
                        1.4185394636854027
                    ],
                    [
                        104.02916184747578,
                        1.4188474488506593
                    ],
                    [
                        104.02914395228245,
                        1.418955510374999
                    ],
                    [
                        104.02899394089852,
                        1.4192119051940781
                    ],
                    [
                        104.02897345897914,
                        1.4193877549463398
                    ],
                    [
                        104.02875682954925,
                        1.419797754406252
                    ],
                    [
                        104.02877255729257,
                        1.4200631678509383
                    ],
                    [
                        104.02852398141091,
                        1.4207849123824021
                    ],
                    [
                        104.02852471599127,
                        1.4210042265192961
                    ],
                    [
                        104.02834712694758,
                        1.421197273342969
                    ],
                    [
                        104.02824919235948,
                        1.4218551510135704
                    ],
                    [
                        104.02821340241192,
                        1.4219812225505735
                    ]
                ]
            ]
        },
        {
            "type": "Polygon",
            "coordinates": [
                [
                    [
                        103.72172594434839,
                        1.2137198060042242
                    ],
                    [
                        103.72207326676767,
                        1.2137172022728944
                    ],
                    [
                        103.72245724454282,
                        1.213548342690917
                    ],
                    [
                        103.72283051745065,
                        1.2134663575964293
                    ],
                    [
                        103.72292492277904,
                        1.2135036655746207
                    ],
                    [
                        103.72277396643129,
                        1.21358587959646
                    ],
                    [
                        103.72220984846795,
                        1.2137291455246089
                    ],
                    [
                        103.721913844009,
                        1.2137696722751377
                    ],
                    [
                        103.72172594434839,
                        1.2137198060042242
                    ]
                ]
            ]
        },
        {
            "type": "Polygon",
            "coordinates": [
                [
                    [
                        103.75665736465707,
                        1.205632539045662
                    ],
                    [
                        103.75663946978146,
                        1.205668562095216
                    ],
                    [
                        103.7565857842531,
                        1.2057766330516286
                    ],
                    [
                        103.75658578464721,
                        1.2057946443777958
                    ],
                    [
                        103.75652140337128,
                        1.2057372325788285
                    ],
                    [
                        103.75668558850202,
                        1.2054795973144112
                    ],
                    [
                        103.75677927614586,
                        1.2051972835505707
                    ],
                    [
                        103.75689000217038,
                        1.205272303727977
                    ],
                    [
                        103.75683631655363,
                        1.2054163973434355
                    ],
                    [
                        103.75681842128608,
                        1.2054344099725243
                    ],
                    [
                        103.75671105007105,
                        1.2055604916442269
                    ],
                    [
                        103.75667526043074,
                        1.2055965150916124
                    ],
                    [
                        103.75665736465707,
                        1.205632539045662
                    ]
                ]
            ]
        },
        {
            "type": "Polygon",
            "coordinates": [
                [
                    [
                        104.02175323785643,
                        1.4356689133456892
                    ],
                    [
                        104.02152059951577,
                        1.4355428432932607
                    ],
                    [
                        104.02153849404802,
                        1.4355428427156554
                    ],
                    [
                        104.02166376109332,
                        1.4355968741102305
                    ],
                    [
                        104.02175323785643,
                        1.4356689133456892
                    ]
                ]
            ]
        },
        {
            "type": "Polygon",
            "coordinates": [
                [
                    [
                        103.71951878736847,
                        1.1798936136200415
                    ],
                    [
                        103.71957247397228,
                        1.1799116262355926
                    ],
                    [
                        103.71950089238867,
                        1.1799476495265087
                    ],
                    [
                        103.71951878736847,
                        1.1798936136200415
                    ]
                ]
            ]
        },
        {
            "type": "Polygon",
            "coordinates": [
                [
                    [
                        103.7190535122705,
                        1.1799116256309445
                    ],
                    [
                        103.71917877923083,
                        1.1798575905464759
                    ],
                    [
                        103.71910719870694,
                        1.1799116260410634
                    ],
                    [
                        103.7190535122705,
                        1.1799116256309445
                    ]
                ]
            ]
        },
        {
            "type": "Polygon",
            "coordinates": [
                [
                    [
                        104.03535358541623,
                        1.4401173965680134
                    ],
                    [
                        104.03538937610845,
                        1.4401354054758182
                    ],
                    [
                        104.03535358520477,
                        1.4401354059550084
                    ],
                    [
                        104.03535358541623,
                        1.4401173965680134
                    ]
                ]
            ]
        },
        {
            "type": "Polygon",
            "coordinates": [
                [
                    [
                        103.84038898252926,
                        1.2409353497715085
                    ],
                    [
                        103.84037108661478,
                        1.2409353498194844
                    ],
                    [
                        103.8403710874657,
                        1.2409173384819452
                    ],
                    [
                        103.84038898252926,
                        1.2409353497715085
                    ]
                ]
            ]
        },
        {
            "type": "Polygon",
            "coordinates": [
                [
                    [
                        103.84350274637715,
                        1.221392780216677
                    ],
                    [
                        103.84352064188992,
                        1.2213207329795461
                    ],
                    [
                        103.84353853677496,
                        1.2213207338155914
                    ],
                    [
                        103.8435836370571,
                        1.221338744982918
                    ],
                    [
                        103.84358367838892,
                        1.2213387449827595
                    ],
                    [
                        103.84359222329543,
                        1.22133874494995
                    ],
                    [
                        103.84350274637715,
                        1.221392780216677
                    ]
                ]
            ]
        },
        {
            "type": "Polygon",
            "coordinates": [
                [
                    [
                        103.72862744273255,
                        1.184216473149255
                    ],
                    [
                        103.72864533824462,
                        1.1842164738294865
                    ],
                    [
                        103.72864533756885,
                        1.1842344860488283
                    ],
                    [
                        103.72862744273255,
                        1.184216473149255
                    ]
                ]
            ]
        },
        {
            "type": "Polygon",
            "coordinates": [
                [
                    [
                        103.7490519068515,
                        1.2142961802485535
                    ],
                    [
                        103.74914146151629,
                        1.2144220154174266
                    ],
                    [
                        103.7490698025065,
                        1.2145303325135592
                    ],
                    [
                        103.7490519068515,
                        1.2142961802485535
                    ]
                ]
            ]
        },
        {
            "type": "Polygon",
            "coordinates": [
                [
                    [
                        103.83623729656453,
                        1.212585067811255
                    ],
                    [
                        103.83625519231009,
                        1.2126030800377356
                    ],
                    [
                        103.83621940273069,
                        1.2126751263466469
                    ],
                    [
                        103.83620150700385,
                        1.2126751263657891
                    ],
                    [
                        103.83618361215667,
                        1.212657115043341
                    ],
                    [
                        103.83618361210017,
                        1.2126030801145353
                    ],
                    [
                        103.83623729656453,
                        1.212585067811255
                    ]
                ]
            ]
        },
        {
            "type": "Polygon",
            "coordinates": [
                [
                    [
                        103.83983423165964,
                        1.2294799998399129
                    ],
                    [
                        103.83978054594304,
                        1.2294799999709198
                    ],
                    [
                        103.8398521263369,
                        1.2293719299524992
                    ],
                    [
                        103.83983423165964,
                        1.2294799998399129
                    ]
                ]
            ]
        },
        {
            "type": "Polygon",
            "coordinates": [
                [
                    [
                        103.79946267090482,
                        1.266961862267759
                    ],
                    [
                        103.79949846171543,
                        1.266997885400215
                    ],
                    [
                        103.79949846214663,
                        1.2670339071576973
                    ],
                    [
                        103.79948056672264,
                        1.2670519191577099
                    ],
                    [
                        103.79939109100548,
                        1.2670339075530477
                    ],
                    [
                        103.79946267090482,
                        1.266961862267759
                    ]
                ]
            ]
        },
        {
            "type": "Polygon",
            "coordinates": [
                [
                    [
                        103.7300053720134,
                        1.1835860576869688
                    ],
                    [
                        103.72991884985822,
                        1.1835804283923177
                    ],
                    [
                        103.72978003949603,
                        1.1833985853999358
                    ],
                    [
                        103.72968325809785,
                        1.183081723324256
                    ],
                    [
                        103.7297833253765,
                        1.1831791352394518
                    ],
                    [
                        103.72979793431158,
                        1.183344549411747
                    ],
                    [
                        103.72992819010376,
                        1.1834269228812015
                    ],
                    [
                        103.7300053720134,
                        1.1835860576869688
                    ]
                ]
            ]
        },
        {
            "type": "Polygon",
            "coordinates": [
                [
                    [
                        103.76020390229456,
                        1.1981036135634469
                    ],
                    [
                        103.7601827181321,
                        1.1981036138987053
                    ],
                    [
                        103.76019655835415,
                        1.1980856020375
                    ],
                    [
                        103.76020390229456,
                        1.1981036135634469
                    ]
                ]
            ]
        },
        {
            "type": "Polygon",
            "coordinates": [
                [
                    [
                        103.83736469477786,
                        1.230542683697922
                    ],
                    [
                        103.83732890483124,
                        1.2305066601696402
                    ],
                    [
                        103.83736469458859,
                        1.2304166025157892
                    ],
                    [
                        103.83736469477786,
                        1.230542683697922
                    ]
                ]
            ]
        },
        {
            "type": "Polygon",
            "coordinates": [
                [
                    [
                        103.80087639267039,
                        1.4680501051248926
                    ],
                    [
                        103.80085849714955,
                        1.4680320953712829
                    ],
                    [
                        103.8008763920315,
                        1.4680320947283607
                    ],
                    [
                        103.80087639267039,
                        1.4680501051248926
                    ]
                ]
            ]
        }
    ]
}
}